{"type":"FeatureCollection","name":"ocean_city_road_centerlines","metadata":{"source":"NJOGIS NG911 Road Centerlines (Tran_road)","url":"https://services2.arcgis.com/XVOqAjTOJ5P6ngMu/arcgis/rest/services/Tran_road/FeatureServer/0","query_url":"https://services2.arcgis.com/XVOqAjTOJ5P6ngMu/arcgis/rest/services/Tran_road/FeatureServer/0/query","retrieved_at_utc":"2026-09-04T20:05:54.804777+00:00","source_last_edit_date":1785341586960,"out_sr":4326,"query_envelope_wgs84":[-74.655261,39.206858,-74.5402938,39.3101046],"spatial_relationship":"esriSpatialRelIntersects","boundary_file":"ocean_city_boundary.geojson","boundary_sha256":"9a052988dfd41d92813816dfc6ad6c58d0af428742f62792c6e2c0ebe3cfbf6b","fields":["OBJECTID","PRIMENAME","ELEVTYP_F","ELEVTYP_T"],"feature_count":2372,"complete_objectid_inventory_verified":true,"municipal_clipping":"Envelope selection only; clip against the actual municipal boundary in the application."},"features":[{"type":"Feature","id":130,"properties":{"OBJECTID":130,"PRIMENAME":"Asbury Avenue","ELEVTYP_F":0,"ELEVTYP_T":0},"geometry":{"type":"LineString","coordinates":[[-74.5679197222504,39.2854469688795],[-74.5669557547068,39.2862095434856],[-74.5665350915852,39.2865435253068]]}},{"type":"Feature","id":412,"properties":{"OBJECTID":412,"PRIMENAME":"Pine Road","ELEVTYP_F":0,"ELEVTYP_T":0},"geometry":{"type":"LineString","coordinates":[[-74.5969921014885,39.2697759616603],[-74.5965361163468,39.269396003874],[-74.5960356271883,39.2689886788332]]}},{"type":"Feature","id":875,"properties":{"OBJECTID":875,"PRIMENAME":"Unnamed Segment","ELEVTYP_F":0,"ELEVTYP_T":0},"geometry":{"type":"LineString","coordinates":[[-74.5903478150334,39.2702120809052],[-74.5909833316766,39.2697508275084],[-74.5917843404847,39.2691614900096]]}},{"type":"Feature","id":1077,"properties":{"OBJECTID":1077,"PRIMENAME":"Unnamed Segment","ELEVTYP_F":0,"ELEVTYP_T":0},"geometry":{"type":"LineString","coordinates":[[-74.5853280645718,39.2750381102235],[-74.5842291040428,39.2758399722801],[-74.5838876522953,39.2760907104993]]}},{"type":"Feature","id":1440,"properties":{"OBJECTID":1440,"PRIMENAME":"Asbury Avenue","ELEVTYP_F":0,"ELEVTYP_T":0},"geometry":{"type":"LineString","coordinates":[[-74.6034331051821,39.2583206371549],[-74.6026239046767,39.2590744212457],[-74.602174734496,39.2594932368235]]}},{"type":"Feature","id":1498,"properties":{"OBJECTID":1498,"PRIMENAME":"37th Street","ELEVTYP_F":0,"ELEVTYP_T":0},"geometry":{"type":"LineString","coordinates":[[-74.6148654264669,39.2494516993644],[-74.6150417505979,39.2492597366601],[-74.6159399002042,39.2482881495077]]}},{"type":"Feature","id":1547,"properties":{"OBJECTID":1547,"PRIMENAME":"30th Street","ELEVTYP_F":0,"ELEVTYP_T":0},"geometry":{"type":"LineString","coordinates":[[-74.6088578089325,39.2578240990211],[-74.6086207364609,39.2576735249311],[-74.608438738586,39.2575546126403]]}},{"type":"Feature","id":1753,"properties":{"OBJECTID":1753,"PRIMENAME":"Asbury Avenue","ELEVTYP_F":0,"ELEVTYP_T":0},"geometry":{"type":"LineString","coordinates":[[-74.5707012497224,39.2832467965132],[-74.5706210771313,39.2833103260574],[-74.5694404459266,39.2842478715042],[-74.5693102817616,39.2843504742381]]}},{"type":"Feature","id":1828,"properties":{"OBJECTID":1828,"PRIMENAME":"Unnamed Segment","ELEVTYP_F":0,"ELEVTYP_T":0},"geometry":{"type":"LineString","coordinates":[[-74.618606686683,39.2439637737289],[-74.6187817554748,39.2437745792184],[-74.6197593810654,39.2427241060137]]}},{"type":"Feature","id":2040,"properties":{"OBJECTID":2040,"PRIMENAME":"2nd Street","ELEVTYP_F":0,"ELEVTYP_T":0},"geometry":{"type":"LineString","coordinates":[[-74.5688293949054,39.2882892301123],[-74.5692220607669,39.2885868518885]]}},{"type":"Feature","id":2731,"properties":{"OBJECTID":2731,"PRIMENAME":"Bay Avenue","ELEVTYP_F":0,"ELEVTYP_T":0},"geometry":{"type":"LineString","coordinates":[[-74.5682379838077,39.289992905652],[-74.5680367353331,39.2901521362421],[-74.5669107152814,39.2910448964242],[-74.5668502680962,39.2910926791264]]}},{"type":"Feature","id":3091,"properties":{"OBJECTID":3091,"PRIMENAME":"East Surf Road","ELEVTYP_F":0,"ELEVTYP_T":0},"geometry":{"type":"LineString","coordinates":[[-74.5553828633844,39.2892835399293],[-74.55526571284,39.289303227179],[-74.5551340407281,39.2893231959383],[-74.5550059659187,39.2893346239708],[-74.554870604436,39.2893375434427],[-74.5546876720938,39.289323406453],[-74.5545401058368,39.2893064249386]]}},{"type":"Feature","id":3217,"properties":{"OBJECTID":3217,"PRIMENAME":"East 12th Street","ELEVTYP_F":0,"ELEVTYP_T":0},"geometry":{"type":"LineString","coordinates":[[-74.5783831982656,39.2737783720333],[-74.5787164837323,39.2740513181562],[-74.5788263436209,39.2741423188348]]}},{"type":"Feature","id":3296,"properties":{"OBJECTID":3296,"PRIMENAME":"West Avenue","ELEVTYP_F":0,"ELEVTYP_T":0},"geometry":{"type":"LineString","coordinates":[[-74.6042127484165,39.2588207612587],[-74.6039760144256,39.2590392031474],[-74.6036146045722,39.2593765347282],[-74.6031618074752,39.2598005190434],[-74.6029509601792,39.2599974358912]]}},{"type":"Feature","id":3404,"properties":{"OBJECTID":3404,"PRIMENAME":"Unnamed Segment","ELEVTYP_F":0,"ELEVTYP_T":0},"geometry":{"type":"LineString","coordinates":[[-74.5664631778691,39.281634073621],[-74.5651482116608,39.2806457846574],[-74.5637718925128,39.2795928253489]]}},{"type":"Feature","id":3456,"properties":{"OBJECTID":3456,"PRIMENAME":"Unnamed Segment","ELEVTYP_F":0,"ELEVTYP_T":0},"geometry":{"type":"LineString","coordinates":[[-74.5643178314428,39.2840024375774],[-74.5644890938806,39.2838631353118],[-74.5651592513915,39.2833336088739]]}},{"type":"Feature","id":3577,"properties":{"OBJECTID":3577,"PRIMENAME":"Unnamed Segment","ELEVTYP_F":0,"ELEVTYP_T":0},"geometry":{"type":"LineString","coordinates":[[-74.6246791446669,39.252377340285],[-74.6246146522505,39.2519316373492],[-74.6238432563914,39.2519962431629]]}},{"type":"Feature","id":3809,"properties":{"OBJECTID":3809,"PRIMENAME":"West 55th Street","ELEVTYP_F":0,"ELEVTYP_T":0},"geometry":{"type":"LineString","coordinates":[[-74.6391887956584,39.2267969270738],[-74.6390036405238,39.2267100253104],[-74.638902466212,39.2266567970526],[-74.6388301904255,39.2266147910381],[-74.6387940450337,39.2265811439745],[-74.6387870373554,39.2265720359256]]}},{"type":"Feature","id":3911,"properties":{"OBJECTID":3911,"PRIMENAME":"Seacliff Road","ELEVTYP_F":0,"ELEVTYP_T":0},"geometry":{"type":"LineString","coordinates":[[-74.5544120550853,39.2935938489014],[-74.5536423085495,39.2942033414151]]}},{"type":"Feature","id":4141,"properties":{"OBJECTID":4141,"PRIMENAME":"Simpson Avenue","ELEVTYP_F":0,"ELEVTYP_T":0},"geometry":{"type":"LineString","coordinates":[[-74.6109810930017,39.2551929287147],[-74.6121128384706,39.2541266966809],[-74.6122396448706,39.2540081519797]]}},{"type":"Feature","id":4439,"properties":{"OBJECTID":4439,"PRIMENAME":"Unnamed Segment","ELEVTYP_F":0,"ELEVTYP_T":0},"geometry":{"type":"LineString","coordinates":[[-74.5604893270759,39.2905928422353],[-74.5604212250874,39.290619346402],[-74.5603500825653,39.2906434352038],[-74.5602695808307,39.2906723617086],[-74.5602138364849,39.2906868334041],[-74.560148866984,39.2906988659134],[-74.5600745648433,39.2907061252509],[-74.5600064800581,39.2907109923611],[-74.5599104774132,39.2907110417998],[-74.5598269062834,39.290703863796],[-74.5597154141292,39.2906894511541],[-74.5593717338236,39.2906246912773],[-74.5590434965683,39.2905599216541],[-74.5587536026222,39.2905025734394],[-74.5587530367924,39.2905024368003]]}},{"type":"Feature","id":4536,"properties":{"OBJECTID":4536,"PRIMENAME":"Grant Avenue","ELEVTYP_F":0,"ELEVTYP_T":0},"geometry":{"type":"LineString","coordinates":[[-74.6370851980301,39.2773552379449],[-74.6376290833264,39.2769130863698],[-74.6378065676742,39.276769303433]]}},{"type":"Feature","id":4615,"properties":{"OBJECTID":4615,"PRIMENAME":"49th Street","ELEVTYP_F":0,"ELEVTYP_T":0},"geometry":{"type":"LineString","coordinates":[[-74.6273698518916,39.2318347313567],[-74.6277747485306,39.2320614968328]]}},{"type":"Feature","id":4622,"properties":{"OBJECTID":4622,"PRIMENAME":"Unnamed Segment","ELEVTYP_F":0,"ELEVTYP_T":0},"geometry":{"type":"LineString","coordinates":[[-74.588929629134,39.2690369078425],[-74.5880759738744,39.2696603401087],[-74.5874869221721,39.2700909832187]]}},{"type":"Feature","id":4631,"properties":{"OBJECTID":4631,"PRIMENAME":"34th Street","ELEVTYP_F":0,"ELEVTYP_T":0},"geometry":{"type":"LineString","coordinates":[[-74.6146130016496,39.2531590866943],[-74.6144385336425,39.253131087631],[-74.6142565248856,39.2530913705537],[-74.614129735919,39.2530531755366],[-74.6140044262269,39.2530154239413],[-74.6138986317195,39.2529777738377]]}},{"type":"Feature","id":4670,"properties":{"OBJECTID":4670,"PRIMENAME":"Hollyberry Lane","ELEVTYP_F":0,"ELEVTYP_T":0},"geometry":{"type":"LineString","coordinates":[[-74.6424185712894,39.2680982273596],[-74.6426107530416,39.2682151793828],[-74.6438208509468,39.2689092357853]]}},{"type":"Feature","id":4679,"properties":{"OBJECTID":4679,"PRIMENAME":"North Drive","ELEVTYP_F":0,"ELEVTYP_T":0},"geometry":{"type":"LineString","coordinates":[[-74.6297200093502,39.2839016496331],[-74.6292270313587,39.2837629632884],[-74.6289230624223,39.2836755746828],[-74.628883955877,39.283658787034],[-74.6288578860166,39.2836419020701],[-74.6288405012921,39.2836216852621],[-74.6288328449605,39.2836070148534],[-74.6288317545011,39.2835913552847]]}},{"type":"Feature","id":4795,"properties":{"OBJECTID":4795,"PRIMENAME":"Unnamed Segment","ELEVTYP_F":0,"ELEVTYP_T":0},"geometry":{"type":"LineString","coordinates":[[-74.6166407182808,39.2447691592756],[-74.6162409269976,39.2451980013901],[-74.6154896133596,39.2460202706954]]}},{"type":"Feature","id":4836,"properties":{"OBJECTID":4836,"PRIMENAME":"East 13th Street","ELEVTYP_F":0,"ELEVTYP_T":0},"geometry":{"type":"LineString","coordinates":[[-74.5842569067034,39.2764004619706],[-74.5845318509479,39.2766311218831],[-74.5846291335494,39.276711940573]]}},{"type":"Feature","id":4975,"properties":{"OBJECTID":4975,"PRIMENAME":"15th Street","ELEVTYP_F":0,"ELEVTYP_T":0},"geometry":{"type":"LineString","coordinates":[[-74.5860241408948,39.2733676004535],[-74.5856778501879,39.2730815598008],[-74.5856394834853,39.2730499033757]]}},{"type":"Feature","id":5043,"properties":{"OBJECTID":5043,"PRIMENAME":"Saint Charles Place","ELEVTYP_F":0,"ELEVTYP_T":0},"geometry":{"type":"LineString","coordinates":[[-74.5599661073021,39.2826066445432],[-74.5608414646523,39.283280921115],[-74.5626481410615,39.2846483423203]]}},{"type":"Feature","id":5101,"properties":{"OBJECTID":5101,"PRIMENAME":"Euclid Avenue","ELEVTYP_F":0,"ELEVTYP_T":0},"geometry":{"type":"LineString","coordinates":[[-74.6376884417886,39.2744267187531],[-74.638322156393,39.2739067264062]]}},{"type":"Feature","id":5124,"properties":{"OBJECTID":5124,"PRIMENAME":"34th Street","ELEVTYP_F":0,"ELEVTYP_T":0},"geometry":{"type":"LineString","coordinates":[[-74.6106589885596,39.2509798135861],[-74.6102709514595,39.2507287556003]]}},{"type":"Feature","id":5208,"properties":{"OBJECTID":5208,"PRIMENAME":"Unnamed Segment","ELEVTYP_F":0,"ELEVTYP_T":0},"geometry":{"type":"LineString","coordinates":[[-74.6113959986006,39.2554663367413],[-74.6115223845418,39.255347792348],[-74.6122470017677,39.2546792546845],[-74.6126628124185,39.2542811620339]]}},{"type":"Feature","id":5281,"properties":{"OBJECTID":5281,"PRIMENAME":"Unnamed Segment","ELEVTYP_F":0,"ELEVTYP_T":0},"geometry":{"type":"LineString","coordinates":[[-74.5739703616303,39.2836020097746],[-74.5753729140369,39.2825102677123]]}},{"type":"Feature","id":5617,"properties":{"OBJECTID":5617,"PRIMENAME":"West 15th Street","ELEVTYP_F":0,"ELEVTYP_T":0},"geometry":{"type":"LineString","coordinates":[[-74.5900724654898,39.2767233153331],[-74.5897692142596,39.2764716029862]]}},{"type":"Feature","id":5630,"properties":{"OBJECTID":5630,"PRIMENAME":"54th Street","ELEVTYP_F":0,"ELEVTYP_T":0},"geometry":{"type":"LineString","coordinates":[[-74.6367659562152,39.2274059175902],[-74.6372226915223,39.2276375593971]]}},{"type":"Feature","id":5649,"properties":{"OBJECTID":5649,"PRIMENAME":"Bay Avenue","ELEVTYP_F":0,"ELEVTYP_T":0},"geometry":{"type":"LineString","coordinates":[[-74.5989402083129,39.2668657027209],[-74.5980014208775,39.2675553691702]]}},{"type":"Feature","id":5702,"properties":{"OBJECTID":5702,"PRIMENAME":"1st Avenue","ELEVTYP_F":0,"ELEVTYP_T":0},"geometry":{"type":"LineString","coordinates":[[-74.6363147677548,39.2745254237562],[-74.6366356359495,39.2742710472834],[-74.6367904775896,39.2741482914729],[-74.6370172997116,39.2739643362759]]}},{"type":"Feature","id":6154,"properties":{"OBJECTID":6154,"PRIMENAME":"Unnamed Segment","ELEVTYP_F":0,"ELEVTYP_T":0},"geometry":{"type":"LineString","coordinates":[[-74.6323273282085,39.228825262427],[-74.6316256673487,39.2296700139744],[-74.6312499202663,39.2301189807572]]}},{"type":"Feature","id":6284,"properties":{"OBJECTID":6284,"PRIMENAME":"East 9th Street","ELEVTYP_F":0,"ELEVTYP_T":0},"geometry":{"type":"LineString","coordinates":[[-74.5739150699658,39.2770810642516],[-74.5743728965373,39.2774337068477]]}},{"type":"Feature","id":6488,"properties":{"OBJECTID":6488,"PRIMENAME":"Morningside Road","ELEVTYP_F":0,"ELEVTYP_T":0},"geometry":{"type":"LineString","coordinates":[[-74.5560086919813,39.2855599504911],[-74.5561036212144,39.2855846683629],[-74.5561605785537,39.2855994981481],[-74.5562509748897,39.2856219696362],[-74.5563558529099,39.2856387498639],[-74.5566993417407,39.2856751014935],[-74.5574784048666,39.2857614289534]]}},{"type":"Feature","id":6511,"properties":{"OBJECTID":6511,"PRIMENAME":"Bay Avenue","ELEVTYP_F":0,"ELEVTYP_T":0},"geometry":{"type":"LineString","coordinates":[[-74.5965497359358,39.2686123652418],[-74.5961547582005,39.2689002781929],[-74.5960356271883,39.2689886788332]]}},{"type":"Feature","id":6592,"properties":{"OBJECTID":6592,"PRIMENAME":"Cardiff Road","ELEVTYP_F":0,"ELEVTYP_T":0},"geometry":{"type":"LineString","coordinates":[[-74.5601221272613,39.2960026392581],[-74.5601244057452,39.2960044307124],[-74.5604255389819,39.2962411191867]]}},{"type":"Feature","id":6596,"properties":{"OBJECTID":6596,"PRIMENAME":"Rosemar Lane","ELEVTYP_F":0,"ELEVTYP_T":0},"geometry":{"type":"LineString","coordinates":[[-74.5973442156056,39.2706234345503],[-74.5976954334434,39.270361968312]]}},{"type":"Feature","id":6699,"properties":{"OBJECTID":6699,"PRIMENAME":"31st Street","ELEVTYP_F":0,"ELEVTYP_T":0},"geometry":{"type":"LineString","coordinates":[[-74.6088529467548,39.2558218686581],[-74.6091420225799,39.2560093229453],[-74.6092833594633,39.2560999638903]]}},{"type":"Feature","id":6891,"properties":{"OBJECTID":6891,"PRIMENAME":"18th Street","ELEVTYP_F":0,"ELEVTYP_T":0},"geometry":{"type":"LineString","coordinates":[[-74.5892669685831,39.2693164662654],[-74.5896069627371,39.2695981899359]]}},{"type":"Feature","id":6973,"properties":{"OBJECTID":6973,"PRIMENAME":"Broadway","ELEVTYP_F":0,"ELEVTYP_T":0},"geometry":{"type":"LineString","coordinates":[[-74.6022261913102,39.3084168048463],[-74.6025811448834,39.3083489718507],[-74.6028751563148,39.3082927860625],[-74.6038940153601,39.3080946031462],[-74.6039888503283,39.3080753986241],[-74.6044006412849,39.3079920080283]]}},{"type":"Feature","id":7000,"properties":{"OBJECTID":7000,"PRIMENAME":"Unnamed Segment","ELEVTYP_F":0,"ELEVTYP_T":0},"geometry":{"type":"LineString","coordinates":[[-74.5831444521965,39.2754691471592],[-74.5840237495555,39.2748340368432],[-74.5845845145961,39.2744199063786]]}},{"type":"Feature","id":7028,"properties":{"OBJECTID":7028,"PRIMENAME":"1st Avenue","ELEVTYP_F":0,"ELEVTYP_T":0},"geometry":{"type":"LineString","coordinates":[[-74.6376438330296,39.2734562171598],[-74.6381899085381,39.2730133457472],[-74.6382850671806,39.2729376438483]]}},{"type":"Feature","id":7047,"properties":{"OBJECTID":7047,"PRIMENAME":"North Street","ELEVTYP_F":0,"ELEVTYP_T":0},"geometry":{"type":"LineString","coordinates":[[-74.5576908360403,39.2841021741368],[-74.5578864801928,39.2842510864078]]}},{"type":"Feature","id":7062,"properties":{"OBJECTID":7062,"PRIMENAME":"West Avenue","ELEVTYP_F":0,"ELEVTYP_T":0},"geometry":{"type":"LineString","coordinates":[[-74.5856394834853,39.2730499033757],[-74.5853330602318,39.2732737116969],[-74.584199183415,39.2740993215559]]}},{"type":"Feature","id":7109,"properties":{"OBJECTID":7109,"PRIMENAME":"Unnamed Segment","ELEVTYP_F":0,"ELEVTYP_T":0},"geometry":{"type":"LineString","coordinates":[[-74.5710604481188,39.2835200780623],[-74.5709643880747,39.2835947922248],[-74.5697761910254,39.2845278163114],[-74.5696615606015,39.2846186300832]]}},{"type":"Feature","id":7396,"properties":{"OBJECTID":7396,"PRIMENAME":"20th Street","ELEVTYP_F":0,"ELEVTYP_T":0},"geometry":{"type":"LineString","coordinates":[[-74.5939704095918,39.2687204868453],[-74.5936707853811,39.2684730837107],[-74.5936056514241,39.2684193010599]]}},{"type":"Feature","id":7550,"properties":{"OBJECTID":7550,"PRIMENAME":"15th Street","ELEVTYP_F":0,"ELEVTYP_T":0},"geometry":{"type":"LineString","coordinates":[[-74.5867712224305,39.2739837612304],[-74.5863974508025,39.2736758874592]]}},{"type":"Feature","id":7773,"properties":{"OBJECTID":7773,"PRIMENAME":"Asbury Avenue","ELEVTYP_F":0,"ELEVTYP_T":0},"geometry":{"type":"LineString","coordinates":[[-74.630830720499,39.2299078934607],[-74.6300522850549,39.230832264824],[-74.6297553722061,39.2311935501318]]}},{"type":"Feature","id":7821,"properties":{"OBJECTID":7821,"PRIMENAME":"West Avenue","ELEVTYP_F":0,"ELEVTYP_T":0},"geometry":{"type":"LineString","coordinates":[[-74.6294067661268,39.2329752320166],[-74.6291288558511,39.2332708168531],[-74.6283466356275,39.234127031913],[-74.6282615727477,39.2342179264514]]}},{"type":"Feature","id":7830,"properties":{"OBJECTID":7830,"PRIMENAME":"Central Avenue","ELEVTYP_F":0,"ELEVTYP_T":0},"geometry":{"type":"LineString","coordinates":[[-74.6332291974595,39.2256218293761],[-74.6328567240089,39.2260671729521],[-74.6321504775232,39.2269147889031]]}},{"type":"Feature","id":7899,"properties":{"OBJECTID":7899,"PRIMENAME":"Bay Avenue","ELEVTYP_F":0,"ELEVTYP_T":0},"geometry":{"type":"LineString","coordinates":[[-74.606089323819,39.2610916653403],[-74.6058555257831,39.2613102821495],[-74.6052295562371,39.2618955954797],[-74.6051917192716,39.2619309735178],[-74.6047347798241,39.2623527983215],[-74.6042321290833,39.2628211744985],[-74.6042281078006,39.2628249129161]]}},{"type":"Feature","id":7905,"properties":{"OBJECTID":7905,"PRIMENAME":"Allendale Road","ELEVTYP_F":0,"ELEVTYP_T":0},"geometry":{"type":"LineString","coordinates":[[-74.6464987799027,39.264279201747],[-74.6464582077529,39.2643184070938],[-74.6457629644241,39.2649901130605],[-74.6451046918047,39.2655946907046],[-74.6450398237397,39.2656550672537]]}},{"type":"Feature","id":7918,"properties":{"OBJECTID":7918,"PRIMENAME":"1st Street","ELEVTYP_F":0,"ELEVTYP_T":0},"geometry":{"type":"LineString","coordinates":[[-74.5619550039554,39.2851974160466],[-74.5614409741764,39.2848020585388],[-74.5597130473514,39.2834923758837],[-74.5592740621695,39.2831540543389]]}},{"type":"Feature","id":8119,"properties":{"OBJECTID":8119,"PRIMENAME":"Unnamed Segment","ELEVTYP_F":0,"ELEVTYP_T":0},"geometry":{"type":"LineString","coordinates":[[-74.6025482992096,39.259735905122],[-74.6020752385299,39.2601727803243],[-74.6012786725204,39.2609203659119]]}},{"type":"Feature","id":8213,"properties":{"OBJECTID":8213,"PRIMENAME":"Unnamed Segment","ELEVTYP_F":0,"ELEVTYP_T":0},"geometry":{"type":"LineString","coordinates":[[-74.5966278674199,39.2711566447473],[-74.5973763654497,39.2717756741032],[-74.5980000009793,39.2722927458774]]}},{"type":"Feature","id":8246,"properties":{"OBJECTID":8246,"PRIMENAME":"Plaza Place","ELEVTYP_F":0,"ELEVTYP_T":0},"geometry":{"type":"LineString","coordinates":[[-74.5682073033793,39.2778880522823],[-74.5675762418573,39.2774083332445]]}},{"type":"Feature","id":8334,"properties":{"OBJECTID":8334,"PRIMENAME":"East 8th Street","ELEVTYP_F":0,"ELEVTYP_T":0},"geometry":{"type":"LineString","coordinates":[[-74.5741467044292,39.2794204010386],[-74.5744994266616,39.2796892829759]]}},{"type":"Feature","id":8439,"properties":{"OBJECTID":8439,"PRIMENAME":"Lyndhurst Road","ELEVTYP_F":0,"ELEVTYP_T":0},"geometry":{"type":"LineString","coordinates":[[-74.6437371813125,39.2648167947455],[-74.6440048297235,39.2645673178019],[-74.6451543601597,39.263491464305]]}},{"type":"Feature","id":8610,"properties":{"OBJECTID":8610,"PRIMENAME":"East 15th Street","ELEVTYP_F":0,"ELEVTYP_T":0},"geometry":{"type":"LineString","coordinates":[[-74.5875259906388,39.2746054298069],[-74.5871455634929,39.2742920999844]]}},{"type":"Feature","id":8777,"properties":{"OBJECTID":8777,"PRIMENAME":"Battersea Road","ELEVTYP_F":0,"ELEVTYP_T":0},"geometry":{"type":"LineString","coordinates":[[-74.5631793107026,39.291058705182],[-74.5630209744814,39.2909376784031]]}},{"type":"Feature","id":8845,"properties":{"OBJECTID":8845,"PRIMENAME":"Aberdeen Road","ELEVTYP_F":0,"ELEVTYP_T":0},"geometry":{"type":"LineString","coordinates":[[-74.5582538334282,39.2965881182224],[-74.5583138316331,39.2966334318355],[-74.5584579610979,39.2967473609612]]}},{"type":"Feature","id":8855,"properties":{"OBJECTID":8855,"PRIMENAME":"East 13th Street","ELEVTYP_F":0,"ELEVTYP_T":0},"geometry":{"type":"LineString","coordinates":[[-74.5846291335494,39.276711940573],[-74.5850171686826,39.2770343334025]]}},{"type":"Feature","id":8865,"properties":{"OBJECTID":8865,"PRIMENAME":"Pleasure Avenue","ELEVTYP_F":0,"ELEVTYP_T":0},"geometry":{"type":"LineString","coordinates":[[-74.5878148519433,39.2770955462335],[-74.5879506064924,39.2770607927422],[-74.5882188208311,39.2770113040541],[-74.588799112526,39.2769312374789],[-74.5899499217425,39.2767560018151],[-74.5900724654898,39.2767233153331]]}},{"type":"Feature","id":9002,"properties":{"OBJECTID":9002,"PRIMENAME":"Haven Avenue","ELEVTYP_F":0,"ELEVTYP_T":0},"geometry":{"type":"LineString","coordinates":[[-74.5694409719478,39.2866058309457],[-74.5700347654456,39.2861101237272],[-74.5700561936277,39.2860922349432]]}},{"type":"Feature","id":9182,"properties":{"OBJECTID":9182,"PRIMENAME":"Waterview Boulevard","ELEVTYP_F":0,"ELEVTYP_T":0},"geometry":{"type":"LineString","coordinates":[[-74.6238070996872,39.2516900493808],[-74.6237925455851,39.2515663976404],[-74.6237922380324,39.251564783687]]}},{"type":"Feature","id":9360,"properties":{"OBJECTID":9360,"PRIMENAME":"Bay Avenue","ELEVTYP_F":0,"ELEVTYP_T":0},"geometry":{"type":"LineString","coordinates":[[-74.5893429417874,39.2738723169532],[-74.5888586463136,39.2742247705275]]}},{"type":"Feature","id":9432,"properties":{"OBJECTID":9432,"PRIMENAME":"West 13th Street","ELEVTYP_F":0,"ELEVTYP_T":0},"geometry":{"type":"LineString","coordinates":[[-74.5853695960169,39.2773271536118],[-74.5854748036134,39.2774145579922]]}},{"type":"Feature","id":9487,"properties":{"OBJECTID":9487,"PRIMENAME":"Unnamed Segment","ELEVTYP_F":0,"ELEVTYP_T":0},"geometry":{"type":"LineString","coordinates":[[-74.5956834195688,39.2692495923387],[-74.5967902368814,39.2701688210779],[-74.5973442156056,39.2706234345503]]}},{"type":"Feature","id":9516,"properties":{"OBJECTID":9516,"PRIMENAME":"East 52nd Street","ELEVTYP_F":0,"ELEVTYP_T":0},"geometry":{"type":"LineString","coordinates":[[-74.6346052735388,39.2299762446949],[-74.6350719506147,39.23021397925]]}},{"type":"Feature","id":9565,"properties":{"OBJECTID":9565,"PRIMENAME":"Central Avenue","ELEVTYP_F":0,"ELEVTYP_T":0},"geometry":{"type":"LineString","coordinates":[[-74.5900262300831,39.2677022245578],[-74.5892520381292,39.2682674217157],[-74.5885870232966,39.2687521636901]]}},{"type":"Feature","id":9578,"properties":{"OBJECTID":9578,"PRIMENAME":"Unnamed Segment","ELEVTYP_F":0,"ELEVTYP_T":0},"geometry":{"type":"LineString","coordinates":[[-74.6277091926921,39.2355553667724],[-74.6277787077705,39.2354705937288],[-74.6283773550391,39.2348259510828],[-74.6287134525519,39.2344686628204]]}},{"type":"Feature","id":9606,"properties":{"OBJECTID":9606,"PRIMENAME":"Clipper Drive","ELEVTYP_F":0,"ELEVTYP_T":0},"geometry":{"type":"LineString","coordinates":[[-74.6390805515383,39.2275799747468],[-74.6394513204616,39.2277698659738]]}},{"type":"Feature","id":9847,"properties":{"OBJECTID":9847,"PRIMENAME":"Asbury Avenue","ELEVTYP_F":0,"ELEVTYP_T":0},"geometry":{"type":"LineString","coordinates":[[-74.60976746139,39.2524168084307],[-74.6091844790616,39.2529620805403],[-74.6085009086315,39.253597859337]]}},{"type":"Feature","id":9891,"properties":{"OBJECTID":9891,"PRIMENAME":"Wesley Road","ELEVTYP_F":0,"ELEVTYP_T":0},"geometry":{"type":"LineString","coordinates":[[-74.5591624949824,39.289335002101],[-74.5591091303954,39.2893634744169],[-74.5589050506513,39.2894977055241],[-74.558792411286,39.2895880417923],[-74.5586868532177,39.2896947927363],[-74.5585918567753,39.2897988754428],[-74.5585250471294,39.2898919061514],[-74.5584582094017,39.2899932018623],[-74.5584195807169,39.2900667507233]]}},{"type":"Feature","id":9909,"properties":{"OBJECTID":9909,"PRIMENAME":"Moorlyn Terrace","ELEVTYP_F":0,"ELEVTYP_T":0},"geometry":{"type":"LineString","coordinates":[[-74.5722311103609,39.2770712201626],[-74.5718421390407,39.2767782187603],[-74.570297221734,39.2756239305782]]}},{"type":"Feature","id":9912,"properties":{"OBJECTID":9912,"PRIMENAME":"15th Street","ELEVTYP_F":0,"ELEVTYP_T":0},"geometry":{"type":"LineString","coordinates":[[-74.5904251242037,39.2770159822452],[-74.5901638951602,39.2767991929117],[-74.5900724654898,39.2767233153331]]}},{"type":"Feature","id":9916,"properties":{"OBJECTID":9916,"PRIMENAME":"Simpson Avenue","ELEVTYP_F":0,"ELEVTYP_T":0},"geometry":{"type":"LineString","coordinates":[[-74.608438738586,39.2575546126403],[-74.6089370199213,39.2570889406909],[-74.6097076912365,39.256372078161]]}},{"type":"Feature","id":10187,"properties":{"OBJECTID":10187,"PRIMENAME":"Asbury Avenue","ELEVTYP_F":0,"ELEVTYP_T":0},"geometry":{"type":"LineString","coordinates":[[-74.573472192771,39.2810593588738],[-74.573419595872,39.2811010442497],[-74.5720794318477,39.2821555205113]]}},{"type":"Feature","id":10396,"properties":{"OBJECTID":10396,"PRIMENAME":"Gardens Parkway","ELEVTYP_F":0,"ELEVTYP_T":0},"geometry":{"type":"LineString","coordinates":[[-74.5583457730295,39.2931388207872],[-74.558320723297,39.2932705998821],[-74.5582780876246,39.2934578233321],[-74.5581952988862,39.2937595079012],[-74.5581356277826,39.2939440490483]]}},{"type":"Feature","id":10403,"properties":{"OBJECTID":10403,"PRIMENAME":"Asbury Avenue","ELEVTYP_F":0,"ELEVTYP_T":0},"geometry":{"type":"LineString","coordinates":[[-74.625136147949,39.2362594554282],[-74.6241443211837,39.2373289623236],[-74.6239815092504,39.2375042036167]]}},{"type":"Feature","id":10412,"properties":{"OBJECTID":10412,"PRIMENAME":"Revere Place","ELEVTYP_F":0,"ELEVTYP_T":0},"geometry":{"type":"LineString","coordinates":[[-74.5800776939093,39.2824408438083],[-74.5804239260709,39.2827049089299]]}},{"type":"Feature","id":10432,"properties":{"OBJECTID":10432,"PRIMENAME":"3rd Street","ELEVTYP_F":0,"ELEVTYP_T":0},"geometry":{"type":"LineString","coordinates":[[-74.5710097301213,39.2878051988786],[-74.5706031965192,39.2874944115922]]}},{"type":"Feature","id":10529,"properties":{"OBJECTID":10529,"PRIMENAME":"West Avenue","ELEVTYP_F":0,"ELEVTYP_T":0},"geometry":{"type":"LineString","coordinates":[[-74.6384565454177,39.2245981358574],[-74.6376548269841,39.2255575404581],[-74.6373833548525,39.2258820768844]]}},{"type":"Feature","id":10851,"properties":{"OBJECTID":10851,"PRIMENAME":"Bayberry Lane","ELEVTYP_F":0,"ELEVTYP_T":0},"geometry":{"type":"LineString","coordinates":[[-74.6230462336236,39.2494798343673],[-74.6230521916544,39.2494742267336],[-74.6230981430204,39.2494383739264],[-74.6231406122173,39.2494107889645],[-74.6231936849862,39.2493886851105],[-74.6232644705805,39.249358297404],[-74.6233281886951,39.2493251993449],[-74.6233706073849,39.2492893771949],[-74.6234201052027,39.2492424826759],[-74.6234696245222,39.2491874059056],[-74.6236210729214,39.2490229912489],[-74.6237312211831,39.2489034120727]]}},{"type":"Feature","id":11013,"properties":{"OBJECTID":11013,"PRIMENAME":"Unnamed Segment","ELEVTYP_F":0,"ELEVTYP_T":0},"geometry":{"type":"LineString","coordinates":[[-74.567656931144,39.2873983038029],[-74.5679036804651,39.2872018694898],[-74.5687495958589,39.2865372419417],[-74.5690445301537,39.2863021170873]]}},{"type":"Feature","id":11045,"properties":{"OBJECTID":11045,"PRIMENAME":"Unnamed Segment","ELEVTYP_F":0,"ELEVTYP_T":0},"geometry":{"type":"LineString","coordinates":[[-74.6270327564384,39.2335342954459],[-74.6276743435219,39.2328414222206],[-74.6281849846897,39.2322911664949]]}},{"type":"Feature","id":11128,"properties":{"OBJECTID":11128,"PRIMENAME":"Unnamed Segment","ELEVTYP_F":0,"ELEVTYP_T":0},"geometry":{"type":"LineString","coordinates":[[-74.5601341739916,39.2902102748138],[-74.5601728005416,39.2902175037598],[-74.5602010409023,39.2902282242388],[-74.5602192488004,39.2902399119765],[-74.5602337108596,39.2902525898492],[-74.5604893270759,39.2905928422353]]}},{"type":"Feature","id":11764,"properties":{"OBJECTID":11764,"PRIMENAME":"Simpson Avenue","ELEVTYP_F":0,"ELEVTYP_T":0},"geometry":{"type":"LineString","coordinates":[[-74.6097076912365,39.256372078161],[-74.6099500373633,39.2561466729699],[-74.610926115739,39.2552447380293],[-74.6109810930017,39.2551929287147]]}},{"type":"Feature","id":12019,"properties":{"OBJECTID":12019,"PRIMENAME":"Unnamed Segment","ELEVTYP_F":0,"ELEVTYP_T":0},"geometry":{"type":"LineString","coordinates":[[-74.5954163841633,39.2676678668771],[-74.5944087765142,39.2684087959057],[-74.5939704095918,39.2687204868453]]}},{"type":"Feature","id":12054,"properties":{"OBJECTID":12054,"PRIMENAME":"East Maple Shade Lane","ELEVTYP_F":0,"ELEVTYP_T":0},"geometry":{"type":"LineString","coordinates":[[-74.634894938085,39.275665119455],[-74.6354967676065,39.2761263326493],[-74.6362701465073,39.2767246660919],[-74.6362968139403,39.2767452979392]]}},{"type":"Feature","id":12342,"properties":{"OBJECTID":12342,"PRIMENAME":"Arkansas Avenue","ELEVTYP_F":0,"ELEVTYP_T":0},"geometry":{"type":"LineString","coordinates":[[-74.595153476491,39.2721065310667],[-74.5946264398194,39.2716682776769],[-74.5935695972128,39.2707913262576]]}},{"type":"Feature","id":12541,"properties":{"OBJECTID":12541,"PRIMENAME":"Central Avenue","ELEVTYP_F":0,"ELEVTYP_T":0},"geometry":{"type":"LineString","coordinates":[[-74.5672103151741,39.2849087822332],[-74.5674578395012,39.2847172352909],[-74.5685963455673,39.2838055442713]]}},{"type":"Feature","id":12818,"properties":{"OBJECTID":12818,"PRIMENAME":"48th Street","ELEVTYP_F":0,"ELEVTYP_T":0},"geometry":{"type":"LineString","coordinates":[[-74.6270327564384,39.2335342954459],[-74.6266285615311,39.2333088716261]]}},{"type":"Feature","id":12864,"properties":{"OBJECTID":12864,"PRIMENAME":"Unnamed Segment","ELEVTYP_F":0,"ELEVTYP_T":0},"geometry":{"type":"LineString","coordinates":[[-74.5654594892365,39.2857230311686],[-74.5652979997252,39.2858500556495],[-74.5645299461846,39.2864532493518],[-74.5640684535993,39.2868188483748]]}},{"type":"Feature","id":13088,"properties":{"OBJECTID":13088,"PRIMENAME":"West 6th Street","ELEVTYP_F":0,"ELEVTYP_T":0},"geometry":{"type":"LineString","coordinates":[[-74.5758293921567,39.2850126576601],[-74.5760865558893,39.2852054989445],[-74.5761750721493,39.2852718739274]]}},{"type":"Feature","id":13302,"properties":{"OBJECTID":13302,"PRIMENAME":"East 6th Street","ELEVTYP_F":0,"ELEVTYP_T":0},"geometry":{"type":"LineString","coordinates":[[-74.5697577306856,39.2803786204453],[-74.5701916189746,39.2807101513294]]}},{"type":"Feature","id":13429,"properties":{"OBJECTID":13429,"PRIMENAME":"Pennlyn Place","ELEVTYP_F":0,"ELEVTYP_T":0},"geometry":{"type":"LineString","coordinates":[[-74.5602187769831,39.2808732159492],[-74.5612060107127,39.2816235569197]]}},{"type":"Feature","id":13602,"properties":{"OBJECTID":13602,"PRIMENAME":"Unnamed Segment","ELEVTYP_F":0,"ELEVTYP_T":0},"geometry":{"type":"LineString","coordinates":[[-74.5692220607669,39.2885868518885],[-74.5680591077829,39.2895008146398],[-74.5678318392049,39.2896820266041]]}},{"type":"Feature","id":13636,"properties":{"OBJECTID":13636,"PRIMENAME":"Lake Corson Lane","ELEVTYP_F":0,"ELEVTYP_T":0},"geometry":{"type":"LineString","coordinates":[[-74.6416773883444,39.2688151320014],[-74.64053104814,39.2680896529435],[-74.6404191057986,39.2680188057939]]}},{"type":"Feature","id":13731,"properties":{"OBJECTID":13731,"PRIMENAME":"Unnamed Segment","ELEVTYP_F":0,"ELEVTYP_T":0},"geometry":{"type":"LineString","coordinates":[[-74.6135130176203,39.2508272603524],[-74.6136401978818,39.2507042924431],[-74.613945984889,39.2504219530498],[-74.6141388552285,39.2502386243869],[-74.6144727292678,39.2498793209783],[-74.6148654264669,39.2494516993644]]}},{"type":"Feature","id":13755,"properties":{"OBJECTID":13755,"PRIMENAME":"36th Street","ELEVTYP_F":0,"ELEVTYP_T":0},"geometry":{"type":"LineString","coordinates":[[-74.6148654264669,39.2494516993644],[-74.6151742390559,39.24962223343],[-74.6152078246164,39.2496452919983],[-74.6152204934403,39.2496614240778],[-74.6152251460202,39.2496775370622],[-74.6152263049316,39.2496954380402],[-74.6152256398211,39.2496989257975]]}},{"type":"Feature","id":13860,"properties":{"OBJECTID":13860,"PRIMENAME":"Asbury Avenue","ELEVTYP_F":0,"ELEVTYP_T":0},"geometry":{"type":"LineString","coordinates":[[-74.6085009086315,39.253597859337],[-74.6077469693358,39.2542990757145],[-74.6072342000192,39.2547744490163]]}},{"type":"Feature","id":13877,"properties":{"OBJECTID":13877,"PRIMENAME":"Gull Road","ELEVTYP_F":0,"ELEVTYP_T":0},"geometry":{"type":"LineString","coordinates":[[-74.5558625492816,39.2887478701782],[-74.5558918386911,39.2886565615468],[-74.5559170122703,39.2885441945955],[-74.5559222419849,39.2884996023584]]}},{"type":"Feature","id":14292,"properties":{"OBJECTID":14292,"PRIMENAME":"West Dundee Road","ELEVTYP_F":0,"ELEVTYP_T":0},"geometry":{"type":"LineString","coordinates":[[-74.5583946128079,39.2940401008808],[-74.5583087276367,39.2940164766846],[-74.5582638003489,39.293997690958]]}},{"type":"Feature","id":14326,"properties":{"OBJECTID":14326,"PRIMENAME":"Atlantic Avenue","ELEVTYP_F":0,"ELEVTYP_T":0},"geometry":{"type":"LineString","coordinates":[[-74.5650646511161,39.2827387493124],[-74.5647279521851,39.2830048036506]]}},{"type":"Feature","id":14433,"properties":{"OBJECTID":14433,"PRIMENAME":"Dory Drive","ELEVTYP_F":0,"ELEVTYP_T":0},"geometry":{"type":"LineString","coordinates":[[-74.6412039897293,39.2274524614458],[-74.6413427131709,39.227690649141],[-74.6414533778687,39.2278806583338],[-74.6415258933732,39.2280405918301],[-74.6415621649316,39.2281360167792],[-74.6415840148108,39.2282230301829],[-74.6415986753093,39.2283156536793],[-74.6416024312599,39.2284279492329],[-74.6415918766967,39.2285514928224],[-74.6415488983909,39.228719968654],[-74.6414377766474,39.2291131823922],[-74.6414085029396,39.2292157629556]]}},{"type":"Feature","id":14434,"properties":{"OBJECTID":14434,"PRIMENAME":"Haven Avenue","ELEVTYP_F":0,"ELEVTYP_T":0},"geometry":{"type":"LineString","coordinates":[[-74.6113875666443,39.2534633947652],[-74.6110285183263,39.2538020932223],[-74.6101240941425,39.2546438566076]]}},{"type":"Feature","id":14454,"properties":{"OBJECTID":14454,"PRIMENAME":"East 6th Street","ELEVTYP_F":0,"ELEVTYP_T":0},"geometry":{"type":"LineString","coordinates":[[-74.5693213004378,39.2800451941081],[-74.5697577306856,39.2803786204453]]}},{"type":"Feature","id":14785,"properties":{"OBJECTID":14785,"PRIMENAME":"Asbury Avenue","ELEVTYP_F":0,"ELEVTYP_T":0},"geometry":{"type":"LineString","coordinates":[[-74.6285839487256,39.232514531433],[-74.6280646106087,39.2330764957122],[-74.6274353631318,39.2337588412823]]}},{"type":"Feature","id":14820,"properties":{"OBJECTID":14820,"PRIMENAME":"Victoria Lane","ELEVTYP_F":0,"ELEVTYP_T":0},"geometry":{"type":"LineString","coordinates":[[-74.6177273341508,39.2517732617907],[-74.6177219185001,39.2517654697139],[-74.6176934765465,39.2516939170126],[-74.617682749583,39.2516360758959],[-74.6176826068935,39.2515507110503],[-74.6177001552063,39.2514432806052],[-74.6177354251758,39.2513744371487],[-74.6178131894406,39.2512696644885],[-74.6179170763367,39.251159236066]]}},{"type":"Feature","id":14919,"properties":{"OBJECTID":14919,"PRIMENAME":"FR CO 656 SB TO 17TH ST","ELEVTYP_F":0,"ELEVTYP_T":0},"geometry":{"type":"LineString","coordinates":[[-74.5901913835787,39.2732572818501],[-74.5904315915611,39.2731978430222],[-74.5905982507064,39.2731660009045],[-74.5907105430313,39.2731605869178],[-74.5908534411649,39.2731658020801],[-74.5909453074017,39.2731815731419],[-74.5910746290443,39.2732052772168],[-74.5913043399268,39.2732516644717]]}},{"type":"Feature","id":15033,"properties":{"OBJECTID":15033,"PRIMENAME":"Atlantic Boulevard","ELEVTYP_F":0,"ELEVTYP_T":0},"geometry":{"type":"LineString","coordinates":[[-74.5627622078756,39.2915363538067],[-74.5627626482096,39.2915348437946],[-74.5627929290968,39.2914539112887],[-74.5628665491339,39.291356124455],[-74.5630632743504,39.2911789204028],[-74.5631324392103,39.2911165830887],[-74.5631793107026,39.291058705182]]}},{"type":"Feature","id":15137,"properties":{"OBJECTID":15137,"PRIMENAME":"Old Tuckahoe Road","ELEVTYP_F":0,"ELEVTYP_T":0},"geometry":{"type":"LineString","coordinates":[[-74.651680647634,39.2673135584895],[-74.6515941461089,39.2674459048047],[-74.6515076382909,39.2675593328681],[-74.651431409324,39.2676404034343],[-74.6513378734977,39.2677214685168],[-74.651226928828,39.2677890744091],[-74.651099617955,39.2678349564558]]}},{"type":"Feature","id":15153,"properties":{"OBJECTID":15153,"PRIMENAME":"East 9th Street","ELEVTYP_F":0,"ELEVTYP_T":0},"geometry":{"type":"LineString","coordinates":[[-74.5758876842771,39.2785913094607],[-74.5756250165919,39.2783919770567],[-74.5755186647395,39.2783126404016]]}},{"type":"Feature","id":15243,"properties":{"OBJECTID":15243,"PRIMENAME":"Unnamed Segment","ELEVTYP_F":0,"ELEVTYP_T":0},"geometry":{"type":"LineString","coordinates":[[-74.6296538271984,39.253721450085],[-74.6297168421138,39.2536344484285],[-74.629744566581,39.2536164325592],[-74.6298191831402,39.2535679480408],[-74.6299844877548,39.2535677636616],[-74.6302115618978,39.2537009430171],[-74.6305719231153,39.253888413971],[-74.6308765628229,39.2540339436343],[-74.631175559405,39.2541729442631],[-74.6318294284846,39.2545298877824],[-74.6318522464803,39.2546111938919],[-74.6318296950189,39.2546722170246],[-74.6316840552668,39.2548267995097]]}},{"type":"Feature","id":15523,"properties":{"OBJECTID":15523,"PRIMENAME":"Wesley Avenue","ELEVTYP_F":0,"ELEVTYP_T":0},"geometry":{"type":"LineString","coordinates":[[-74.5964931840223,39.2618124228056],[-74.596177319241,39.2620440654226],[-74.5952253307985,39.2627388286268],[-74.595042268661,39.262871651614]]}},{"type":"Feature","id":15588,"properties":{"OBJECTID":15588,"PRIMENAME":"North Street","ELEVTYP_F":0,"ELEVTYP_T":0},"geometry":{"type":"LineString","coordinates":[[-74.5630506647043,39.2881899236461],[-74.563413364581,39.2884714088124]]}},{"type":"Feature","id":15667,"properties":{"OBJECTID":15667,"PRIMENAME":"Simpson Avenue","ELEVTYP_F":0,"ELEVTYP_T":0},"geometry":{"type":"LineString","coordinates":[[-74.57160006662,39.2861023335565],[-74.5712072454154,39.2864156124637],[-74.5702128624384,39.2871959975866]]}},{"type":"Feature","id":15974,"properties":{"OBJECTID":15974,"PRIMENAME":"Unnamed Segment","ELEVTYP_F":0,"ELEVTYP_T":0},"geometry":{"type":"LineString","coordinates":[[-74.5585129032255,39.294828470515],[-74.5583072544506,39.2950944407193],[-74.55828251891,39.2951376699295],[-74.5582802372811,39.2951557658369],[-74.5582825468208,39.2951713326468],[-74.5582877526834,39.2951844820081],[-74.5583004481155,39.2951965844699],[-74.5583413558893,39.2952240759123],[-74.5585144735593,39.29531525558],[-74.5586505562335,39.2954016495801],[-74.5587649701467,39.2954783894648],[-74.5591019767259,39.2957327454614],[-74.5593462786193,39.2959223220837],[-74.5596585752709,39.2961598581294],[-74.5597141968328,39.2962030464318],[-74.5597289378234,39.2962097382651],[-74.5597459035885,39.296213683257],[-74.5597607432686,39.2962123577419],[-74.559776040477,39.2962078196675],[-74.5598192790896,39.2961909935722],[-74.5598872400545,39.2961597407335],[-74.5599829961206,39.2961092797762],[-74.5600416975254,39.2960756426436],[-74.5600942034909,39.2960299818373],[-74.5601207909121,39.2960044325791],[-74.5601221272613,39.2960026392581]]}},{"type":"Feature","id":16057,"properties":{"OBJECTID":16057,"PRIMENAME":"Central Avenue","ELEVTYP_F":0,"ELEVTYP_T":0},"geometry":{"type":"LineString","coordinates":[[-74.6173860004426,39.2432892322086],[-74.6164487277622,39.2443183927561],[-74.6162392476888,39.2445441907805]]}},{"type":"Feature","id":16076,"properties":{"OBJECTID":16076,"PRIMENAME":"Oxford Lane","ELEVTYP_F":0,"ELEVTYP_T":0},"geometry":{"type":"LineString","coordinates":[[-74.6202201773357,39.2486599465155],[-74.6203445479874,39.2485352175353],[-74.6204011363951,39.2484828255265],[-74.6204577377456,39.2484387255855],[-74.6205249734406,39.2483973324063],[-74.6206842089202,39.2483200405384]]}},{"type":"Feature","id":16123,"properties":{"OBJECTID":16123,"PRIMENAME":"Safe Harbor Drive","ELEVTYP_F":0,"ELEVTYP_T":0},"geometry":{"type":"LineString","coordinates":[[-74.6417075640118,39.2262809387009],[-74.6415105640138,39.2259359378163],[-74.6411345619858,39.2257449369877],[-74.6406985634702,39.2255249394368],[-74.6406415623077,39.2255069376214],[-74.6405885633497,39.2255049386978],[-74.6405295633233,39.225518937624],[-74.6404825621673,39.2255469380648],[-74.6403355616102,39.2257229383588]]}},{"type":"Feature","id":16401,"properties":{"OBJECTID":16401,"PRIMENAME":"Bay Avenue","ELEVTYP_F":0,"ELEVTYP_T":0},"geometry":{"type":"LineString","coordinates":[[-74.591295356479,39.2724539323766],[-74.5909846127751,39.2726807515057],[-74.5907887773265,39.2728233244774]]}},{"type":"Feature","id":16500,"properties":{"OBJECTID":16500,"PRIMENAME":"Unnamed Segment","ELEVTYP_F":0,"ELEVTYP_T":0},"geometry":{"type":"LineString","coordinates":[[-74.6130899363878,39.2525532495268],[-74.6143468839323,39.2513660341635]]}},{"type":"Feature","id":16539,"properties":{"OBJECTID":16539,"PRIMENAME":"Unnamed Segment","ELEVTYP_F":0,"ELEVTYP_T":0},"geometry":{"type":"LineString","coordinates":[[-74.5745865048788,39.2819138014145],[-74.5732008446399,39.2830093682046]]}},{"type":"Feature","id":16788,"properties":{"OBJECTID":16788,"PRIMENAME":"Central Avenue","ELEVTYP_F":0,"ELEVTYP_T":0},"geometry":{"type":"LineString","coordinates":[[-74.6208571634781,39.2395499810323],[-74.6198395489592,39.2406569843489],[-74.6197048770734,39.2408010814287]]}},{"type":"Feature","id":16838,"properties":{"OBJECTID":16838,"PRIMENAME":"Gardens Parkway","ELEVTYP_F":0,"ELEVTYP_T":0},"geometry":{"type":"LineString","coordinates":[[-74.5579390352314,39.2915201834625],[-74.5579419118397,39.291623420536],[-74.5579473530379,39.2917086993807],[-74.5579634516489,39.2917773338685],[-74.5579849280747,39.2918542856505],[-74.5580063891195,39.2919125391103],[-74.5580466405528,39.292004033373],[-74.55810293247,39.2920934324161],[-74.5581699066131,39.2921974067692],[-74.5582261919519,39.292278486679],[-74.5582851795765,39.292380377756],[-74.5583119927278,39.2924573258969],[-74.5583279727063,39.2925108869619]]}},{"type":"Feature","id":16945,"properties":{"OBJECTID":16945,"PRIMENAME":"Revere Place","ELEVTYP_F":0,"ELEVTYP_T":0},"geometry":{"type":"LineString","coordinates":[[-74.5789015697573,39.2815589297746],[-74.5793070263118,39.2818530770864],[-74.5800776939093,39.2824408438083]]}},{"type":"Feature","id":17002,"properties":{"OBJECTID":17002,"PRIMENAME":"Roosevelt Boulevard","ELEVTYP_F":0,"ELEVTYP_T":0},"geometry":{"type":"LineString","coordinates":[[-74.6422814925611,39.2616559553276],[-74.6419892386822,39.2614716898553]]}},{"type":"Feature","id":17073,"properties":{"OBJECTID":17073,"PRIMENAME":"Walton Avenue","ELEVTYP_F":0,"ELEVTYP_T":0},"geometry":{"type":"LineString","coordinates":[[-74.6317710099508,39.2837585473896],[-74.6317268602565,39.2837466254323],[-74.6306973320414,39.2834281030884]]}},{"type":"Feature","id":17128,"properties":{"OBJECTID":17128,"PRIMENAME":"Dory Drive","ELEVTYP_F":0,"ELEVTYP_T":0},"geometry":{"type":"LineString","coordinates":[[-74.6414085029396,39.2292157629556],[-74.6414038355972,39.2292321123705],[-74.6411796860908,39.2300175282481],[-74.640900183627,39.2310398016245],[-74.6408223671768,39.2313196302079]]}},{"type":"Feature","id":17417,"properties":{"OBJECTID":17417,"PRIMENAME":"Wesley Avenue","ELEVTYP_F":0,"ELEVTYP_T":0},"geometry":{"type":"LineString","coordinates":[[-74.5992980950787,39.2596324622613],[-74.5989693552366,39.2599377911729],[-74.598746461624,39.2601417677086],[-74.5985376916247,39.2603181927429],[-74.5983006268041,39.2604918676451],[-74.5979295531954,39.2607627430281]]}},{"type":"Feature","id":17459,"properties":{"OBJECTID":17459,"PRIMENAME":"Wesley Avenue","ELEVTYP_F":0,"ELEVTYP_T":0},"geometry":{"type":"LineString","coordinates":[[-74.5719744013148,39.2799167603595],[-74.5710022911875,39.2806836575966],[-74.57058729278,39.2810131485975]]}},{"type":"Feature","id":17809,"properties":{"OBJECTID":17809,"PRIMENAME":"East 10th Street","ELEVTYP_F":0,"ELEVTYP_T":0},"geometry":{"type":"LineString","coordinates":[[-74.5777310039425,39.2777320315066],[-74.5773879807182,39.2774508520931]]}},{"type":"Feature","id":17907,"properties":{"OBJECTID":17907,"PRIMENAME":"North Street","ELEVTYP_F":0,"ELEVTYP_T":0},"geometry":{"type":"LineString","coordinates":[[-74.5591813416083,39.2852374626665],[-74.5597116933459,39.2856422389375]]}},{"type":"Feature","id":17984,"properties":{"OBJECTID":17984,"PRIMENAME":"Walton Avenue","ELEVTYP_F":0,"ELEVTYP_T":0},"geometry":{"type":"LineString","coordinates":[[-74.6320169968977,39.2838757078938],[-74.6320048541145,39.2838475178539],[-74.6319806094664,39.2838240420148],[-74.6319460571708,39.2838058224317],[-74.6317710099508,39.2837585473896]]}},{"type":"Feature","id":17986,"properties":{"OBJECTID":17986,"PRIMENAME":"Spruce Street","ELEVTYP_F":0,"ELEVTYP_T":0},"geometry":{"type":"LineString","coordinates":[[-74.6170641945218,39.3087207267526],[-74.6169145936964,39.3086267272647],[-74.6169129790716,39.3086257127642],[-74.6167827514367,39.3085478660217],[-74.6166227115763,39.308438280776],[-74.6164961819742,39.3083517803571],[-74.6164477797582,39.308320061457],[-74.6164234512702,39.3083123423629],[-74.61640266818,39.3083113199984],[-74.6163999822907,39.308311791109],[-74.6163758857889,39.3083160148097],[-74.6163511621083,39.3083259241907],[-74.6162981221509,39.3083721837141]]}},{"type":"Feature","id":18051,"properties":{"OBJECTID":18051,"PRIMENAME":"Beach Road","ELEVTYP_F":0,"ELEVTYP_T":0},"geometry":{"type":"LineString","coordinates":[[-74.5576908360403,39.2841021741368],[-74.556580453437,39.2850643214668]]}},{"type":"Feature","id":18230,"properties":{"OBJECTID":18230,"PRIMENAME":"Bay Avenue","ELEVTYP_F":0,"ELEVTYP_T":0},"geometry":{"type":"LineString","coordinates":[[-74.61709307269,39.25070548527],[-74.617361365854,39.2504157887313]]}},{"type":"Feature","id":18661,"properties":{"OBJECTID":18661,"PRIMENAME":"North Street","ELEVTYP_F":0,"ELEVTYP_T":0},"geometry":{"type":"LineString","coordinates":[[-74.5571431860108,39.2836853710721],[-74.5576908360403,39.2841021741368]]}},{"type":"Feature","id":18717,"properties":{"OBJECTID":18717,"PRIMENAME":"Unnamed Segment","ELEVTYP_F":0,"ELEVTYP_T":0},"geometry":{"type":"LineString","coordinates":[[-74.6312499202663,39.2301189807572],[-74.6305898598174,39.2309075834697],[-74.6301686109391,39.2314044560341]]}},{"type":"Feature","id":19103,"properties":{"OBJECTID":19103,"PRIMENAME":"Wesley Avenue","ELEVTYP_F":0,"ELEVTYP_T":0},"geometry":{"type":"LineString","coordinates":[[-74.5762996912266,39.2765498785497],[-74.5759482156625,39.2768058707488],[-74.5756720966673,39.2770015731309],[-74.5753711033123,39.277227602729],[-74.5748329962824,39.2776602895861],[-74.574749269167,39.2777254719189]]}},{"type":"Feature","id":19216,"properties":{"OBJECTID":19216,"PRIMENAME":"15th Street","ELEVTYP_F":0,"ELEVTYP_T":0},"geometry":{"type":"LineString","coordinates":[[-74.5842593676866,39.2719081160847],[-74.5839143281921,39.271622289006]]}},{"type":"Feature","id":19519,"properties":{"OBJECTID":19519,"PRIMENAME":"Central Avenue","ELEVTYP_F":0,"ELEVTYP_T":0},"geometry":{"type":"LineString","coordinates":[[-74.6375425538413,39.2204677080619],[-74.636589967287,39.22162909533],[-74.6364795550642,39.2217591533507]]}},{"type":"Feature","id":19587,"properties":{"OBJECTID":19587,"PRIMENAME":"Bayberry Lane","ELEVTYP_F":0,"ELEVTYP_T":0},"geometry":{"type":"LineString","coordinates":[[-74.6230462336236,39.2494798343673],[-74.6230917607023,39.2494842615651],[-74.6231230641081,39.2494934268157],[-74.6231655852661,39.249515402559],[-74.6237470413316,39.2498480073033]]}},{"type":"Feature","id":19715,"properties":{"OBJECTID":19715,"PRIMENAME":"Simpson Avenue","ELEVTYP_F":0,"ELEVTYP_T":0},"geometry":{"type":"LineString","coordinates":[[-74.6356903679534,39.2286924261351],[-74.6346052735388,39.2299762446949]]}},{"type":"Feature","id":19879,"properties":{"OBJECTID":19879,"PRIMENAME":"West Golden Oak Lane","ELEVTYP_F":0,"ELEVTYP_T":0},"geometry":{"type":"LineString","coordinates":[[-74.6385099052852,39.2761994475104],[-74.6391736180113,39.2767122689005]]}},{"type":"Feature","id":19903,"properties":{"OBJECTID":19903,"PRIMENAME":"Unnamed Segment","ELEVTYP_F":0,"ELEVTYP_T":0},"geometry":{"type":"LineString","coordinates":[[-74.6382660039808,39.2308840348442],[-74.6383365256189,39.2305880431166],[-74.6384159587509,39.2303718596246],[-74.6384574575085,39.2302907843107],[-74.6385405437661,39.2301556503028],[-74.6387587891262,39.2298852921548],[-74.63888700743,39.2297393139846],[-74.6390013465015,39.2296094959971],[-74.6390463877322,39.2295527431349],[-74.6390671283645,39.2295080732682],[-74.6390774394706,39.2294554525181],[-74.6390738973155,39.2293960659626],[-74.6390494316507,39.2293420598165],[-74.6390111219798,39.2292853505827],[-74.6389623723385,39.2292341191235],[-74.6388317899071,39.2291649172684]]}},{"type":"Feature","id":19962,"properties":{"OBJECTID":19962,"PRIMENAME":"Atlantic Avenue","ELEVTYP_F":0,"ELEVTYP_T":0},"geometry":{"type":"LineString","coordinates":[[-74.5716598689009,39.2775241489969],[-74.5714139749218,39.2777190533554],[-74.5712088827966,39.2778809243121],[-74.570842474181,39.2781701108871]]}},{"type":"Feature","id":20287,"properties":{"OBJECTID":20287,"PRIMENAME":"Haven Avenue","ELEVTYP_F":0,"ELEVTYP_T":0},"geometry":{"type":"LineString","coordinates":[[-74.5666680586617,39.2887931717956],[-74.5675643147017,39.2880862675956],[-74.5680554583924,39.2877018571601]]}},{"type":"Feature","id":20467,"properties":{"OBJECTID":20467,"PRIMENAME":"Asbury Avenue","ELEVTYP_F":0,"ELEVTYP_T":0},"geometry":{"type":"LineString","coordinates":[[-74.5878287511827,39.2703737817452],[-74.5877241484802,39.2704521682712],[-74.5863927815866,39.2714271509301]]}},{"type":"Feature","id":20949,"properties":{"OBJECTID":20949,"PRIMENAME":"Waterview Boulevard","ELEVTYP_F":0,"ELEVTYP_T":0},"geometry":{"type":"LineString","coordinates":[[-74.6238564795128,39.2523978722954],[-74.6238368740149,39.2523950095996],[-74.6237603352894,39.2523785617023],[-74.6236837965995,39.2523621137545],[-74.6236100993251,39.2523445925594],[-74.6235533681439,39.2523358390761],[-74.6234854141591,39.2523314898926],[-74.6234258814866,39.2523359742532],[-74.6233777465156,39.2523558488328],[-74.6233324913984,39.2523867041142],[-74.6233070399057,39.2524330236112],[-74.6232950025678,39.2524764741845]]}},{"type":"Feature","id":21133,"properties":{"OBJECTID":21133,"PRIMENAME":"Unnamed Segment","ELEVTYP_F":0,"ELEVTYP_T":0},"geometry":{"type":"LineString","coordinates":[[-74.5651592513915,39.2833336088739],[-74.5664652468621,39.2822902147617],[-74.5665363491715,39.2822347664141]]}},{"type":"Feature","id":21919,"properties":{"OBJECTID":21919,"PRIMENAME":"Central Avenue","ELEVTYP_F":0,"ELEVTYP_T":0},"geometry":{"type":"LineString","coordinates":[[-74.6389667533793,39.2187810134457],[-74.6386281086176,39.2191784230963]]}},{"type":"Feature","id":22063,"properties":{"OBJECTID":22063,"PRIMENAME":"39th Street","ELEVTYP_F":0,"ELEVTYP_T":0},"geometry":{"type":"LineString","coordinates":[[-74.6166407182808,39.2447691592756],[-74.6162392476888,39.2445441907805]]}},{"type":"Feature","id":22112,"properties":{"OBJECTID":22112,"PRIMENAME":"36th Street","ELEVTYP_F":0,"ELEVTYP_T":0},"geometry":{"type":"LineString","coordinates":[[-74.6160972734306,39.2502910264753],[-74.6161184600965,39.2502689576281],[-74.6161468206654,39.2502496543666],[-74.6161821869323,39.2502386082909],[-74.6162176329279,39.2502330544633],[-74.6162778349552,39.2502495236372],[-74.6163841858992,39.2503044966363],[-74.6166306857823,39.2504460320094],[-74.6168486174319,39.2505711626487],[-74.61709307269,39.25070548527]]}},{"type":"Feature","id":22130,"properties":{"OBJECTID":22130,"PRIMENAME":"Asbury Avenue","ELEVTYP_F":0,"ELEVTYP_T":0},"geometry":{"type":"LineString","coordinates":[[-74.5907079780655,39.2682668462277],[-74.5901959581173,39.2686415397891],[-74.5892669685831,39.2693164662654]]}},{"type":"Feature","id":22145,"properties":{"OBJECTID":22145,"PRIMENAME":"Wesley Road","ELEVTYP_F":0,"ELEVTYP_T":0},"geometry":{"type":"LineString","coordinates":[[-74.5583279727063,39.2925108869619],[-74.5583605262254,39.2924796797527],[-74.5584241078324,39.2924106207218]]}},{"type":"Feature","id":22162,"properties":{"OBJECTID":22162,"PRIMENAME":"50th Street","ELEVTYP_F":0,"ELEVTYP_T":0},"geometry":{"type":"LineString","coordinates":[[-74.6310794371379,39.2318639763225],[-74.6315016180869,39.2320763492675]]}},{"type":"Feature","id":22296,"properties":{"OBJECTID":22296,"PRIMENAME":"Brigantine Drive","ELEVTYP_F":0,"ELEVTYP_T":0},"geometry":{"type":"LineString","coordinates":[[-74.6390385354467,39.2289191468879],[-74.6391842342782,39.2290096918232],[-74.6392858509651,39.2290880163935],[-74.6393477394748,39.229160731198],[-74.6393964909217,39.2292309087399],[-74.6394348286547,39.2293010717017],[-74.6394662834583,39.2293901882354],[-74.6394787506522,39.2294819633238],[-74.6394701173273,39.2295792272064],[-74.6394425153332,39.229671242142],[-74.6394225001148,39.2297253573031],[-74.6393878329444,39.2297794620685],[-74.6393005633638,39.2298873362886],[-74.6391896893608,39.2300198132746],[-74.6390822881018,39.230141495872],[-74.6389748676982,39.2302712768465],[-74.6389056278168,39.2303739954235],[-74.638850250733,39.2304712879537],[-74.6388087895399,39.2305712546507],[-74.6387708560292,39.2307063620811],[-74.6387085849643,39.2309598124896]]}},{"type":"Feature","id":22401,"properties":{"OBJECTID":22401,"PRIMENAME":"Plaza Place","ELEVTYP_F":0,"ELEVTYP_T":0},"geometry":{"type":"LineString","coordinates":[[-74.5697289965683,39.2790489720618],[-74.5683774262878,39.2780173853608],[-74.5682073033793,39.2778880522823]]}},{"type":"Feature","id":22721,"properties":{"OBJECTID":22721,"PRIMENAME":"Central Avenue","ELEVTYP_F":0,"ELEVTYP_T":0},"geometry":{"type":"LineString","coordinates":[[-74.5885870232966,39.2687521636901],[-74.5881699899565,39.2690560739775],[-74.5871435401775,39.2698068669313]]}},{"type":"Feature","id":22966,"properties":{"OBJECTID":22966,"PRIMENAME":"36th Street","ELEVTYP_F":0,"ELEVTYP_T":0},"geometry":{"type":"LineString","coordinates":[[-74.6131863908916,39.2485165565252],[-74.6135908102506,39.2487444151524]]}},{"type":"Feature","id":22967,"properties":{"OBJECTID":22967,"PRIMENAME":"Thirtysecond Street","ELEVTYP_F":0,"ELEVTYP_T":0},"geometry":{"type":"LineString","coordinates":[[-74.6073546443997,39.2528392901841],[-74.6070923057975,39.2526657272323]]}},{"type":"Feature","id":22970,"properties":{"OBJECTID":22970,"PRIMENAME":"Unnamed Segment","ELEVTYP_F":0,"ELEVTYP_T":0},"geometry":{"type":"LineString","coordinates":[[-74.577374049956,39.275192567691],[-74.5778319000998,39.2748590977736],[-74.5788263436209,39.2741423188348]]}},{"type":"Feature","id":23037,"properties":{"OBJECTID":23037,"PRIMENAME":"Harbor Road","ELEVTYP_F":0,"ELEVTYP_T":0},"geometry":{"type":"LineString","coordinates":[[-74.5607492274862,39.2954788537754],[-74.5608260821091,39.2955176650988],[-74.5608632291636,39.2955265881222],[-74.5609375221401,39.2955444323324],[-74.5610061893972,39.295546827684]]}},{"type":"Feature","id":23155,"properties":{"OBJECTID":23155,"PRIMENAME":"East 55th Street","ELEVTYP_F":0,"ELEVTYP_T":0},"geometry":{"type":"LineString","coordinates":[[-74.6351474553163,39.2247602862062],[-74.6348167939963,39.2245961453416],[-74.6347282771468,39.2245505035942]]}},{"type":"Feature","id":23321,"properties":{"OBJECTID":23321,"PRIMENAME":"Belfast Road","ELEVTYP_F":0,"ELEVTYP_T":0},"geometry":{"type":"LineString","coordinates":[[-74.5579687380424,39.2946735558027],[-74.5580982077258,39.2947143200233]]}},{"type":"Feature","id":23409,"properties":{"OBJECTID":23409,"PRIMENAME":"Waterview Boulevard","ELEVTYP_F":0,"ELEVTYP_T":0},"geometry":{"type":"LineString","coordinates":[[-74.6238564795128,39.2523978722954],[-74.623864699459,39.2523126364051],[-74.6238681445853,39.2522437970218],[-74.6238608724446,39.2521446571407],[-74.6238432563914,39.2519962431629]]}},{"type":"Feature","id":23516,"properties":{"OBJECTID":23516,"PRIMENAME":"48th Street","ELEVTYP_F":0,"ELEVTYP_T":0},"geometry":{"type":"LineString","coordinates":[[-74.6282615727477,39.2342179264514],[-74.6278396679077,39.2339838775077]]}},{"type":"Feature","id":23853,"properties":{"OBJECTID":23853,"PRIMENAME":"Sindia Road","ELEVTYP_F":0,"ELEVTYP_T":0},"geometry":{"type":"LineString","coordinates":[[-74.5631793107026,39.291058705182],[-74.563230559186,39.2909953343792],[-74.5633649035107,39.2908806824012],[-74.5642533406703,39.2901758395296],[-74.5648427476109,39.2897171726067],[-74.564877410611,39.2896800863344],[-74.5648990387107,39.2896463565687],[-74.5649099653085,39.2896170539925]]}},{"type":"Feature","id":23946,"properties":{"OBJECTID":23946,"PRIMENAME":"East Belfast Road","ELEVTYP_F":0,"ELEVTYP_T":0},"geometry":{"type":"LineString","coordinates":[[-74.5578398261851,39.2946243892145],[-74.557847390898,39.2946273788804],[-74.5579687380424,39.2946735558027]]}},{"type":"Feature","id":24034,"properties":{"OBJECTID":24034,"PRIMENAME":"Wesley Road","ELEVTYP_F":0,"ELEVTYP_T":0},"geometry":{"type":"LineString","coordinates":[[-74.5556229493885,39.29468074103],[-74.5557193559183,39.2946041991176]]}},{"type":"Feature","id":24065,"properties":{"OBJECTID":24065,"PRIMENAME":"West 30th Street","ELEVTYP_F":0,"ELEVTYP_T":0},"geometry":{"type":"LineString","coordinates":[[-74.609674491106,39.2583426855387],[-74.6096703155724,39.2583400347392],[-74.6092937068573,39.2581008981036]]}},{"type":"Feature","id":24251,"properties":{"OBJECTID":24251,"PRIMENAME":"Tioga Terrace","ELEVTYP_F":0,"ELEVTYP_T":0},"geometry":{"type":"LineString","coordinates":[[-74.5846291335494,39.276711940573],[-74.5853252747438,39.2762037262905],[-74.5854924352334,39.2760816899631],[-74.5860736758365,39.2756555672501]]}},{"type":"Feature","id":25200,"properties":{"OBJECTID":25200,"PRIMENAME":"50th Street","ELEVTYP_F":0,"ELEVTYP_T":0},"geometry":{"type":"LineString","coordinates":[[-74.6306069377003,39.2316263143419],[-74.6310794371379,39.2318639763225]]}},{"type":"Feature","id":25355,"properties":{"OBJECTID":25355,"PRIMENAME":"Asbury Avenue","ELEVTYP_F":0,"ELEVTYP_T":0},"geometry":{"type":"LineString","coordinates":[[-74.5964795155546,39.2640535990839],[-74.5963590140318,39.2641410680066],[-74.5950406968018,39.2651073260363]]}},{"type":"Feature","id":25608,"properties":{"OBJECTID":25608,"PRIMENAME":"25th Street","ELEVTYP_F":0,"ELEVTYP_T":0},"geometry":{"type":"LineString","coordinates":[[-74.598301250317,39.2655657899764],[-74.5986930199539,39.2652764994542],[-74.5991810876299,39.2649230400909],[-74.5997480058156,39.2645080073736]]}},{"type":"Feature","id":25688,"properties":{"OBJECTID":25688,"PRIMENAME":"Central Avenue","ELEVTYP_F":0,"ELEVTYP_T":0},"geometry":{"type":"LineString","coordinates":[[-74.6051977696064,39.2554629570734],[-74.6049899051463,39.2556585021986],[-74.6044206335125,39.2561795758838],[-74.6039336876547,39.256636789454]]}},{"type":"Feature","id":25903,"properties":{"OBJECTID":25903,"PRIMENAME":"East Drive","ELEVTYP_F":0,"ELEVTYP_T":0},"geometry":{"type":"LineString","coordinates":[[-74.6292201033721,39.282742391031],[-74.6291646082039,39.2828624401925],[-74.6288749593922,39.2834732422522],[-74.6288360506568,39.2835643601286],[-74.6288317545011,39.2835913552847]]}},{"type":"Feature","id":26554,"properties":{"OBJECTID":26554,"PRIMENAME":"Unnamed Segment","ELEVTYP_F":0,"ELEVTYP_T":0},"geometry":{"type":"LineString","coordinates":[[-74.6281849846897,39.2322911664949],[-74.6287869124477,39.2316425091083],[-74.6293429487011,39.2309830823547]]}},{"type":"Feature","id":26698,"properties":{"OBJECTID":26698,"PRIMENAME":"Central Avenue","ELEVTYP_F":0,"ELEVTYP_T":0},"geometry":{"type":"LineString","coordinates":[[-74.578500587886,39.2761226922791],[-74.5781039010866,39.2764080189219],[-74.5770487063636,39.2771708492515]]}},{"type":"Feature","id":26729,"properties":{"OBJECTID":26729,"PRIMENAME":"Waterview Boulevard","ELEVTYP_F":0,"ELEVTYP_T":0},"geometry":{"type":"LineString","coordinates":[[-74.6257539833659,39.2522968002799],[-74.6254065666323,39.2523228205059],[-74.6251575257898,39.252341485972]]}},{"type":"Feature","id":26888,"properties":{"OBJECTID":26888,"PRIMENAME":"23rd Street","ELEVTYP_F":0,"ELEVTYP_T":0},"geometry":{"type":"LineString","coordinates":[[-74.5947683371542,39.2626446112304],[-74.5946114210931,39.2625220068731]]}},{"type":"Feature","id":26900,"properties":{"OBJECTID":26900,"PRIMENAME":"South Inlet Drive","ELEVTYP_F":0,"ELEVTYP_T":0},"geometry":{"type":"LineString","coordinates":[[-74.6412039897293,39.2274524614458],[-74.6411876680917,39.2274345042716],[-74.64113750806,39.2273668082482],[-74.6410269711428,39.2271657399964]]}},{"type":"Feature","id":26937,"properties":{"OBJECTID":26937,"PRIMENAME":"Atlantic Avenue","ELEVTYP_F":0,"ELEVTYP_T":0},"geometry":{"type":"LineString","coordinates":[[-74.5702732256202,39.2786193526683],[-74.5698498315714,39.278953486357],[-74.5697289965683,39.2790489720618]]}},{"type":"Feature","id":27029,"properties":{"OBJECTID":27029,"PRIMENAME":"Unnamed Segment","ELEVTYP_F":0,"ELEVTYP_T":0},"geometry":{"type":"LineString","coordinates":[[-74.6046395882691,39.2590953896128],[-74.6055220587683,39.2582749956187],[-74.6059097355131,39.2579181943677]]}},{"type":"Feature","id":27518,"properties":{"OBJECTID":27518,"PRIMENAME":"Unnamed Segment","ELEVTYP_F":0,"ELEVTYP_T":0},"geometry":{"type":"LineString","coordinates":[[-74.5678318392049,39.2896820266041],[-74.566621373723,39.2906471546882],[-74.5664469189582,39.2907862419524]]}},{"type":"Feature","id":28097,"properties":{"OBJECTID":28097,"PRIMENAME":"Unnamed Segment","ELEVTYP_F":0,"ELEVTYP_T":0},"geometry":{"type":"LineString","coordinates":[[-74.6336518787477,39.2258346608314],[-74.6343021780811,39.2250609330955],[-74.6347282771468,39.2245505035942]]}},{"type":"Feature","id":28574,"properties":{"OBJECTID":28574,"PRIMENAME":"Roosevelt Boulevard","ELEVTYP_F":0,"ELEVTYP_T":0},"geometry":{"type":"LineString","coordinates":[[-74.6157674613963,39.2531809267245],[-74.6155725081403,39.2531952606146],[-74.6153032294559,39.2532132296529]]}},{"type":"Feature","id":28696,"properties":{"OBJECTID":28696,"PRIMENAME":"Unnamed Segment","ELEVTYP_F":0,"ELEVTYP_T":0},"geometry":{"type":"LineString","coordinates":[[-74.6377182726444,39.2223828448849],[-74.6372398711421,39.2229541108422],[-74.6366419429866,39.2236758438216]]}},{"type":"Feature","id":29002,"properties":{"OBJECTID":29002,"PRIMENAME":"East 4th Street","ELEVTYP_F":0,"ELEVTYP_T":0},"geometry":{"type":"LineString","coordinates":[[-74.566983632744,39.2825755538305],[-74.5674336431259,39.2829184260327]]}},{"type":"Feature","id":29703,"properties":{"OBJECTID":29703,"PRIMENAME":"Waterview Boulevard","ELEVTYP_F":0,"ELEVTYP_T":0},"geometry":{"type":"LineString","coordinates":[[-74.6237922380324,39.251564783687],[-74.6237746878574,39.2514727874544],[-74.6237391228533,39.2513902068769],[-74.6236644778384,39.251255361318],[-74.6235618786241,39.2511286176724]]}},{"type":"Feature","id":29916,"properties":{"OBJECTID":29916,"PRIMENAME":"59th Street","ELEVTYP_F":0,"ELEVTYP_T":0},"geometry":{"type":"LineString","coordinates":[[-74.6394577076013,39.2195980804352],[-74.639868253416,39.2198057423316]]}},{"type":"Feature","id":29955,"properties":{"OBJECTID":29955,"PRIMENAME":"Unnamed Segment","ELEVTYP_F":0,"ELEVTYP_T":0},"geometry":{"type":"LineString","coordinates":[[-74.5585999011144,39.291226281696],[-74.5585581233141,39.2913805294553],[-74.5584985613253,39.2916076561847]]}},{"type":"Feature","id":30240,"properties":{"OBJECTID":30240,"PRIMENAME":"Unnamed Segment","ELEVTYP_F":0,"ELEVTYP_T":0},"geometry":{"type":"LineString","coordinates":[[-74.6124544318279,39.2557522748175],[-74.6126217959981,39.2555971170445],[-74.61333015924,39.2549283127385],[-74.6137391235413,39.2545583124746],[-74.6140166157935,39.2543050235095]]}},{"type":"Feature","id":30693,"properties":{"OBJECTID":30693,"PRIMENAME":"West 18th Street","ELEVTYP_F":0,"ELEVTYP_T":0},"geometry":{"type":"LineString","coordinates":[[-74.5922322325948,39.2717693459215],[-74.5927556495671,39.2722058014732]]}},{"type":"Feature","id":31029,"properties":{"OBJECTID":31029,"PRIMENAME":"Unnamed Segment","ELEVTYP_F":0,"ELEVTYP_T":0},"geometry":{"type":"LineString","coordinates":[[-74.5868202366955,39.2682153890901],[-74.587117738067,39.2679966081407]]}},{"type":"Feature","id":31109,"properties":{"OBJECTID":31109,"PRIMENAME":"Tuckahoe Road","ELEVTYP_F":0,"ELEVTYP_T":0},"geometry":{"type":"LineString","coordinates":[[-74.6528219431849,39.2647236792619],[-74.6524803563649,39.2644320655036],[-74.6517959877557,39.2638480122354],[-74.6513641766804,39.263479440018],[-74.6508371765672,39.2630258174826],[-74.6499456720345,39.2622870524889]]}},{"type":"Feature","id":31403,"properties":{"OBJECTID":31403,"PRIMENAME":"Bay Avenue","ELEVTYP_F":0,"ELEVTYP_T":0},"geometry":{"type":"LineString","coordinates":[[-74.597553756005,39.3084747665839],[-74.5974884318144,39.3084824269065],[-74.5974386710161,39.3085092669841],[-74.5973677856907,39.3085554985909],[-74.5972970369755,39.3086016408591],[-74.5970713403215,39.3087725936247]]}},{"type":"Feature","id":31492,"properties":{"OBJECTID":31492,"PRIMENAME":"15th Street","ELEVTYP_F":0,"ELEVTYP_T":0},"geometry":{"type":"LineString","coordinates":[[-74.583140239647,39.27097806827],[-74.5828429068764,39.2707303420568]]}},{"type":"Feature","id":31845,"properties":{"OBJECTID":31845,"PRIMENAME":"3rd Street","ELEVTYP_F":0,"ELEVTYP_T":0},"geometry":{"type":"LineString","coordinates":[[-74.5660459050439,39.2840098721515],[-74.5660252572739,39.2839939312154],[-74.5655991465529,39.2836690250717]]}},{"type":"Feature","id":31956,"properties":{"OBJECTID":31956,"PRIMENAME":"54th Street","ELEVTYP_F":0,"ELEVTYP_T":0},"geometry":{"type":"LineString","coordinates":[[-74.6358458895492,39.226940329238],[-74.6361677350789,39.227102582968],[-74.6363046306807,39.2271720002533]]}},{"type":"Feature","id":32226,"properties":{"OBJECTID":32226,"PRIMENAME":"West 10th Street","ELEVTYP_F":0,"ELEVTYP_T":0},"geometry":{"type":"LineString","coordinates":[[-74.5810379746259,39.2804747368548],[-74.5808139875998,39.2802899240627],[-74.5806898288515,39.2801869633459]]}},{"type":"Feature","id":32423,"properties":{"OBJECTID":32423,"PRIMENAME":"20th Street","ELEVTYP_F":0,"ELEVTYP_T":0},"geometry":{"type":"LineString","coordinates":[[-74.5932242025809,39.2681031909194],[-74.5936056514241,39.2684193010599]]}},{"type":"Feature","id":32857,"properties":{"OBJECTID":32857,"PRIMENAME":"West Seabright Road","ELEVTYP_F":0,"ELEVTYP_T":0},"geometry":{"type":"LineString","coordinates":[[-74.5584195807169,39.2900667507233],[-74.5585978256049,39.2900922237348],[-74.5588868319029,39.2901466081905],[-74.5589457800417,39.2901595375649]]}},{"type":"Feature","id":33630,"properties":{"OBJECTID":33630,"PRIMENAME":"Highland Avenue","ELEVTYP_F":0,"ELEVTYP_T":0},"geometry":{"type":"LineString","coordinates":[[-74.6318346504565,39.278127931009],[-74.6312970987138,39.2774834336113]]}},{"type":"Feature","id":33639,"properties":{"OBJECTID":33639,"PRIMENAME":"Bay Avenue","ELEVTYP_F":0,"ELEVTYP_T":0},"geometry":{"type":"LineString","coordinates":[[-74.6366246604571,39.229164204692],[-74.6355482289688,39.2304496964062]]}},{"type":"Feature","id":33855,"properties":{"OBJECTID":33855,"PRIMENAME":"Seacliff Road","ELEVTYP_F":0,"ELEVTYP_T":0},"geometry":{"type":"LineString","coordinates":[[-74.5556223085005,39.2926209958317],[-74.5555933973613,39.2926566217608],[-74.5555082301731,39.2927343932604],[-74.555293520827,39.2928985780004],[-74.5548899923146,39.2932154044811],[-74.5544120550853,39.2935938489014]]}},{"type":"Feature","id":34150,"properties":{"OBJECTID":34150,"PRIMENAME":"Roosevelt Boulevard","ELEVTYP_F":0,"ELEVTYP_T":1},"geometry":{"type":"LineString","coordinates":[[-74.6316840552668,39.2548267995097],[-74.6315223281716,39.2547222793061],[-74.6315221321206,39.2547221525111],[-74.6312209710324,39.2545275166326],[-74.6309832928697,39.2543750122685],[-74.6308398909609,39.254289259918],[-74.630655500492,39.2541908409285],[-74.6303973956964,39.2540479133309],[-74.6302141279447,39.2539619643127],[-74.630086028879,39.2539018872675],[-74.630046002813,39.2538840514789],[-74.6300004454568,39.2538637499851],[-74.6299221699408,39.2538288690798],[-74.6297513456987,39.2537603301197],[-74.6296928011507,39.2537368405378],[-74.6296538271984,39.253721450085]]}},{"type":"Feature","id":34494,"properties":{"OBJECTID":34494,"PRIMENAME":"Point Pleasant Avenue","ELEVTYP_F":0,"ELEVTYP_T":0},"geometry":{"type":"LineString","coordinates":[[-74.6301020463433,39.2784619461258],[-74.6302676642182,39.2785573940176],[-74.6308835035297,39.2789176546472]]}},{"type":"Feature","id":34710,"properties":{"OBJECTID":34710,"PRIMENAME":"3rd Street","ELEVTYP_F":0,"ELEVTYP_T":0},"geometry":{"type":"LineString","coordinates":[[-74.5706031965192,39.2874944115922],[-74.5702128624384,39.2871959975866]]}},{"type":"Feature","id":35783,"properties":{"OBJECTID":35783,"PRIMENAME":"55th Street","ELEVTYP_F":0,"ELEVTYP_T":0},"geometry":{"type":"LineString","coordinates":[[-74.6364714230922,39.2254165936482],[-74.636002808941,39.2251849077161]]}},{"type":"Feature","id":35864,"properties":{"OBJECTID":35864,"PRIMENAME":"FR CO 623 WB TO GSP NB","ELEVTYP_F":0,"ELEVTYP_T":0},"geometry":{"type":"LineString","coordinates":[[-74.6417927717689,39.261952429878],[-74.6417700235715,39.2620392222747],[-74.6417102992496,39.2622150205749],[-74.6416420496844,39.2624375891972],[-74.6414799126645,39.2629205109907],[-74.6414088454788,39.2631475311431],[-74.6412723378513,39.2635725966646],[-74.6412012110532,39.2637884690396],[-74.6411556856738,39.2639131244173],[-74.6411272104886,39.2639976724422],[-74.6410958955628,39.2640755785206],[-74.6410560295308,39.2641690368647],[-74.6410018801791,39.2642736863099],[-74.6409448436319,39.2643827604669],[-74.6408678324218,39.2645185465695],[-74.6407851357265,39.2646543403925],[-74.6407138376483,39.2647678790378],[-74.6405996682149,39.2649393230211],[-74.6404108614968,39.2652503107481]]}},{"type":"Feature","id":36155,"properties":{"OBJECTID":36155,"PRIMENAME":"Plymouth Place","ELEVTYP_F":0,"ELEVTYP_T":0},"geometry":{"type":"LineString","coordinates":[[-74.570842474181,39.2781701108871],[-74.5702089202608,39.277691890416],[-74.5684626069957,39.2763526379466]]}},{"type":"Feature","id":36167,"properties":{"OBJECTID":36167,"PRIMENAME":"Unnamed Segment","ELEVTYP_F":0,"ELEVTYP_T":0},"geometry":{"type":"LineString","coordinates":[[-74.5690445301537,39.2863021170873],[-74.5696304014343,39.2858350248789],[-74.5698789342172,39.2856421462097]]}},{"type":"Feature","id":36288,"properties":{"OBJECTID":36288,"PRIMENAME":"Tobago Lane","ELEVTYP_F":0,"ELEVTYP_T":0},"geometry":{"type":"LineString","coordinates":[[-74.5969921014885,39.2697759616603],[-74.5978475537428,39.2691538624478]]}},{"type":"Feature","id":36722,"properties":{"OBJECTID":36722,"PRIMENAME":"East 16th Street","ELEVTYP_F":0,"ELEVTYP_T":0},"geometry":{"type":"LineString","coordinates":[[-74.5860456837501,39.2711388336893],[-74.5863927815866,39.2714271509301]]}},{"type":"Feature","id":37165,"properties":{"OBJECTID":37165,"PRIMENAME":"East 8th Street","ELEVTYP_F":0,"ELEVTYP_T":0},"geometry":{"type":"LineString","coordinates":[[-74.577493376572,39.2819521554065],[-74.5778223975184,39.2822024814944],[-74.5779569756773,39.2823040104554]]}},{"type":"Feature","id":37176,"properties":{"OBJECTID":37176,"PRIMENAME":"Haven Avenue","ELEVTYP_F":0,"ELEVTYP_T":0},"geometry":{"type":"LineString","coordinates":[[-74.5806214075419,39.2778839635268],[-74.5807066501316,39.2778198470027],[-74.5820759205324,39.2768235685652]]}},{"type":"Feature","id":37364,"properties":{"OBJECTID":37364,"PRIMENAME":"West Avenue","ELEVTYP_F":0,"ELEVTYP_T":0},"geometry":{"type":"LineString","coordinates":[[-74.5755820759635,39.280512462614],[-74.5743091334494,39.2815160704901],[-74.5741906668314,39.2816102963186]]}},{"type":"Feature","id":38444,"properties":{"OBJECTID":38444,"PRIMENAME":"Garfield Place","ELEVTYP_F":0,"ELEVTYP_T":0},"geometry":{"type":"LineString","coordinates":[[-74.5779354264264,39.2837410468725],[-74.5770257476204,39.2830462738894]]}},{"type":"Feature","id":39070,"properties":{"OBJECTID":39070,"PRIMENAME":"Unnamed Segment","ELEVTYP_F":0,"ELEVTYP_T":0},"geometry":{"type":"LineString","coordinates":[[-74.5949624366259,39.2697755752237],[-74.5962203285834,39.2708196716312],[-74.5966278674199,39.2711566447473]]}},{"type":"Feature","id":39340,"properties":{"OBJECTID":39340,"PRIMENAME":"Unnamed Segment","ELEVTYP_F":0,"ELEVTYP_T":0},"geometry":{"type":"LineString","coordinates":[[-74.5649099653085,39.2896170539925],[-74.5649214615854,39.2895920615236],[-74.5649283299403,39.2895693236858],[-74.5649523613581,39.2895358943442],[-74.5652291068549,39.289320558822],[-74.5661635128315,39.2885812172415],[-74.56627349349,39.2884946092451]]}},{"type":"Feature","id":39691,"properties":{"OBJECTID":39691,"PRIMENAME":"Unnamed Segment","ELEVTYP_F":0,"ELEVTYP_T":0},"geometry":{"type":"LineString","coordinates":[[-74.582483079045,39.2726762108349],[-74.5821113104213,39.2729423686228],[-74.5817184674695,39.2732242179275],[-74.5813071060261,39.2735324927571],[-74.5810369467252,39.2737264462942]]}},{"type":"Feature","id":40103,"properties":{"OBJECTID":40103,"PRIMENAME":"Breton Court","ELEVTYP_F":0,"ELEVTYP_T":0},"geometry":{"type":"LineString","coordinates":[[-74.6057218986152,39.268655838152],[-74.6057327906506,39.2685730533841],[-74.6057449467825,39.2684677549831],[-74.6056955623038,39.2683816531527],[-74.605639920238,39.2683088612414]]}},{"type":"Feature","id":42053,"properties":{"OBJECTID":42053,"PRIMENAME":"Unnamed Segment","ELEVTYP_F":0,"ELEVTYP_T":0},"geometry":{"type":"LineString","coordinates":[[-74.587117738067,39.2679966081407],[-74.5874161558273,39.267777221283]]}},{"type":"Feature","id":42205,"properties":{"OBJECTID":42205,"PRIMENAME":"Unnamed Segment","ELEVTYP_F":0,"ELEVTYP_T":0},"geometry":{"type":"LineString","coordinates":[[-74.5781476309602,39.2758311154173],[-74.5779879809994,39.2759506336956],[-74.5774589943562,39.2763335742365],[-74.5771465793302,39.2765744156574],[-74.5767025018537,39.2768838217553]]}},{"type":"Feature","id":42893,"properties":{"OBJECTID":42893,"PRIMENAME":"Unnamed Segment","ELEVTYP_F":0,"ELEVTYP_T":0},"geometry":{"type":"LineString","coordinates":[[-74.6021105483565,39.2614564824032],[-74.6024807547813,39.2611087145096],[-74.6033747315393,39.2602728408416]]}},{"type":"Feature","id":43450,"properties":{"OBJECTID":43450,"PRIMENAME":"Unnamed Segment","ELEVTYP_F":0,"ELEVTYP_T":0},"geometry":{"type":"LineString","coordinates":[[-74.5589457800417,39.2901595375649],[-74.5589128214933,39.2901692470744],[-74.5588885204845,39.2901806808706],[-74.5588763376657,39.2901886502847],[-74.5588672299861,39.2901989782924],[-74.5588621881122,39.2902124625205],[-74.5587530367924,39.2905024368003]]}},{"type":"Feature","id":43519,"properties":{"OBJECTID":43519,"PRIMENAME":"Unnamed Segment","ELEVTYP_F":0,"ELEVTYP_T":0},"geometry":{"type":"LineString","coordinates":[[-74.6076182889529,39.2550221433925],[-74.6072933813607,39.2553249944863],[-74.6063371815432,39.2562079346797]]}},{"type":"Feature","id":43575,"properties":{"OBJECTID":43575,"PRIMENAME":"Unnamed Segment","ELEVTYP_F":0,"ELEVTYP_T":0},"geometry":{"type":"LineString","coordinates":[[-74.5654981625466,39.2879080164295],[-74.5654299146548,39.2879622544861],[-74.5641113279943,39.2890073454852]]}},{"type":"Feature","id":44031,"properties":{"OBJECTID":44031,"PRIMENAME":"Unnamed Segment","ELEVTYP_F":0,"ELEVTYP_T":0},"geometry":{"type":"LineString","coordinates":[[-74.6201115318957,39.2410281470252],[-74.6197755594219,39.2413783258658],[-74.6190283339812,39.2421891368477],[-74.6189487510415,39.2422760101875]]}},{"type":"Feature","id":44522,"properties":{"OBJECTID":44522,"PRIMENAME":"Unnamed Segment","ELEVTYP_F":0,"ELEVTYP_T":0},"geometry":{"type":"LineString","coordinates":[[-74.5810379746259,39.2804747368548],[-74.5804855476715,39.2808769514203]]}},{"type":"Feature","id":44803,"properties":{"OBJECTID":44803,"PRIMENAME":"East Maple Shade Lane","ELEVTYP_F":0,"ELEVTYP_T":0},"geometry":{"type":"LineString","coordinates":[[-74.6327763081469,39.2740821258956],[-74.633506447796,39.2746161832772]]}},{"type":"Feature","id":44892,"properties":{"OBJECTID":44892,"PRIMENAME":"Unnamed Segment","ELEVTYP_F":0,"ELEVTYP_T":0},"geometry":{"type":"LineString","coordinates":[[-74.587932833192,39.2766337379684],[-74.5868076365866,39.2757242136882]]}},{"type":"Feature","id":45499,"properties":{"OBJECTID":45499,"PRIMENAME":"Unnamed Segment","ELEVTYP_F":0,"ELEVTYP_T":0},"geometry":{"type":"LineString","coordinates":[[-74.5802707867221,39.2730927165055],[-74.5807270564351,39.2727602243862],[-74.5817094574035,39.2720365655636]]}},{"type":"Feature","id":46056,"properties":{"OBJECTID":46056,"PRIMENAME":"Unnamed Segment","ELEVTYP_F":0,"ELEVTYP_T":0},"geometry":{"type":"LineString","coordinates":[[-74.596821418538,39.2643347238365],[-74.5964719490192,39.2645890751437],[-74.5956643805983,39.2651705162418],[-74.5953740112758,39.2653843713541]]}},{"type":"Feature","id":47235,"properties":{"OBJECTID":47235,"PRIMENAME":"Roosevelt Boulevard","ELEVTYP_F":0,"ELEVTYP_T":0},"geometry":{"type":"LineString","coordinates":[[-74.6181335055812,39.2528568892599],[-74.6173572328339,39.252915060294],[-74.6159490976417,39.2530156183308],[-74.6155297340538,39.2530402519918],[-74.6154305760941,39.2530447436409],[-74.6153370688259,39.2530492575352],[-74.6152993413819,39.2530492948917]]}},{"type":"Feature","id":47817,"properties":{"OBJECTID":47817,"PRIMENAME":"Bay Avenue","ELEVTYP_F":0,"ELEVTYP_T":0},"geometry":{"type":"LineString","coordinates":[[-74.5970713403215,39.3087725936247],[-74.5968721965305,39.3089234338269],[-74.5967153643173,39.3090423424]]}},{"type":"Feature","id":49099,"properties":{"OBJECTID":49099,"PRIMENAME":"Great Bay Drive","ELEVTYP_F":0,"ELEVTYP_T":0},"geometry":{"type":"LineString","coordinates":[[-74.60606340113,39.3104664662398],[-74.6046991084478,39.3100945476164]]}},{"type":"Feature","id":49301,"properties":{"OBJECTID":49301,"PRIMENAME":"Unnamed Segment","ELEVTYP_F":0,"ELEVTYP_T":0},"geometry":{"type":"LineString","coordinates":[[-74.6037923800571,39.2625496587826],[-74.6034100690817,39.2629054327233],[-74.6031695416052,39.2631249463742],[-74.6029874417806,39.2633016024889],[-74.6029083504413,39.2633685577203],[-74.6028087466052,39.2634408584836],[-74.6026300042257,39.2635720689799],[-74.6024100066639,39.2637273963236],[-74.6019415243231,39.2640760462407]]}},{"type":"Feature","id":49479,"properties":{"OBJECTID":49479,"PRIMENAME":"32nd Street","ELEVTYP_F":0,"ELEVTYP_T":0},"geometry":{"type":"LineString","coordinates":[[-74.6101240941425,39.2546438566076],[-74.610385184427,39.2548002810431],[-74.6105606396056,39.2549159283661]]}},{"type":"Feature","id":50142,"properties":{"OBJECTID":50142,"PRIMENAME":"West Avenue","ELEVTYP_F":0,"ELEVTYP_T":0},"geometry":{"type":"LineString","coordinates":[[-74.6167176195199,39.2467039128665],[-74.6164595957089,39.2469825329769],[-74.615609694936,39.2479042138978],[-74.6155637631902,39.2479537373912]]}},{"type":"Feature","id":50162,"properties":{"OBJECTID":50162,"PRIMENAME":"East Hollywood Avenue","ELEVTYP_F":0,"ELEVTYP_T":0},"geometry":{"type":"LineString","coordinates":[[-74.6342073691993,39.2740509960301],[-74.6335433975398,39.273555060206]]}},{"type":"Feature","id":50523,"properties":{"OBJECTID":50523,"PRIMENAME":"Tuckahoe Road","ELEVTYP_F":0,"ELEVTYP_T":0},"geometry":{"type":"LineString","coordinates":[[-74.6553129985345,39.266850510939],[-74.6549936143669,39.2665777923541]]}},{"type":"Feature","id":50862,"properties":{"OBJECTID":50862,"PRIMENAME":"East 55th Street","ELEVTYP_F":0,"ELEVTYP_T":0},"geometry":{"type":"LineString","coordinates":[[-74.6387870373554,39.2265720359256],[-74.6387506190891,39.226525072205],[-74.638721628435,39.2264492973926],[-74.6387029199786,39.2263651127925],[-74.6386960547819,39.2263342270045],[-74.6386644189673,39.2262054892264]]}},{"type":"Feature","id":51097,"properties":{"OBJECTID":51097,"PRIMENAME":"Unnamed Segment","ELEVTYP_F":0,"ELEVTYP_T":0},"geometry":{"type":"LineString","coordinates":[[-74.5637748011703,39.2844365033846],[-74.564178449081,39.2841158297112],[-74.5643178314428,39.2840024375774]]}},{"type":"Feature","id":51148,"properties":{"OBJECTID":51148,"PRIMENAME":"Periwinkle Drive","ELEVTYP_F":0,"ELEVTYP_T":0},"geometry":{"type":"LineString","coordinates":[[-74.6263816040517,39.2522420064858],[-74.6264770716186,39.2519204800152],[-74.6265652706273,39.2518975140283],[-74.6271011804752,39.2518575543989]]}},{"type":"Feature","id":51210,"properties":{"OBJECTID":51210,"PRIMENAME":"Somerset Lane","ELEVTYP_F":0,"ELEVTYP_T":0},"geometry":{"type":"LineString","coordinates":[[-74.6196388152558,39.2479934163602],[-74.6195751921658,39.2480623174701],[-74.6195221452284,39.2481201968868],[-74.6195033780404,39.2481524234013],[-74.6194939178761,39.2481753050971],[-74.61949059424,39.2482095939705],[-74.6194904473638,39.248211112915],[-74.6195021158597,39.2482408642563],[-74.6195188570551,39.2482634172899],[-74.6195507496305,39.2482871898028],[-74.6195840847802,39.248307638577],[-74.6198201888755,39.2484338368445],[-74.6202201773357,39.2486599465155]]}},{"type":"Feature","id":51213,"properties":{"OBJECTID":51213,"PRIMENAME":"34th Street","ELEVTYP_F":0,"ELEVTYP_T":0},"geometry":{"type":"LineString","coordinates":[[-74.6102709514595,39.2507287556003],[-74.6098875455248,39.2504798061795]]}},{"type":"Feature","id":51376,"properties":{"OBJECTID":51376,"PRIMENAME":"Unnamed Segment","ELEVTYP_F":0,"ELEVTYP_T":0},"geometry":{"type":"LineString","coordinates":[[-74.6035463159192,39.2563869167242],[-74.6032562965503,39.2566545806656],[-74.6029595938228,39.256941194141],[-74.6025423198414,39.2573289559522],[-74.6022768413242,39.2575735589977]]}},{"type":"Feature","id":51440,"properties":{"OBJECTID":51440,"PRIMENAME":"East Inlet Road","ELEVTYP_F":0,"ELEVTYP_T":0},"geometry":{"type":"LineString","coordinates":[[-74.558079084328,39.2915412280116],[-74.5579390352314,39.2915201834625]]}},{"type":"Feature","id":51502,"properties":{"OBJECTID":51502,"PRIMENAME":"Roberts Avenue","ELEVTYP_F":0,"ELEVTYP_T":0},"geometry":{"type":"LineString","coordinates":[[-74.6492587548969,39.2628626959069],[-74.6481092544124,39.2620718597645]]}},{"type":"Feature","id":51537,"properties":{"OBJECTID":51537,"PRIMENAME":"West 52nd Street","ELEVTYP_F":0,"ELEVTYP_T":0},"geometry":{"type":"LineString","coordinates":[[-74.6365458168791,39.230615526993],[-74.636911087574,39.2306594694789],[-74.6372905127705,39.2307200603789]]}},{"type":"Feature","id":51694,"properties":{"OBJECTID":51694,"PRIMENAME":"West Surf Road","ELEVTYP_F":0,"ELEVTYP_T":0},"geometry":{"type":"LineString","coordinates":[[-74.5616888479498,39.2914350347793],[-74.5615921995351,39.291466579524],[-74.5614750753185,39.2915172170768]]}},{"type":"Feature","id":51887,"properties":{"OBJECTID":51887,"PRIMENAME":"West Edinburgh Road","ELEVTYP_F":0,"ELEVTYP_T":0},"geometry":{"type":"LineString","coordinates":[[-74.5577511407868,39.2953656637385],[-74.5576203217564,39.2953191886079]]}},{"type":"Feature","id":52212,"properties":{"OBJECTID":52212,"PRIMENAME":"21st Street","ELEVTYP_F":0,"ELEVTYP_T":0},"geometry":{"type":"LineString","coordinates":[[-74.5918589452026,39.2647259452943],[-74.5916551293574,39.2645551564613]]}},{"type":"Feature","id":52440,"properties":{"OBJECTID":52440,"PRIMENAME":"Mays Landing Road","ELEVTYP_F":0,"ELEVTYP_T":0},"geometry":{"type":"LineString","coordinates":[[-74.6025015509743,39.3093200735452],[-74.6026931276712,39.3093728295289]]}},{"type":"Feature","id":52701,"properties":{"OBJECTID":52701,"PRIMENAME":"38th Street","ELEVTYP_F":0,"ELEVTYP_T":0},"geometry":{"type":"LineString","coordinates":[[-74.616293830769,39.2464638664415],[-74.6167176195199,39.2467039128665]]}},{"type":"Feature","id":52844,"properties":{"OBJECTID":52844,"PRIMENAME":"Unnamed Segment","ELEVTYP_F":0,"ELEVTYP_T":0},"geometry":{"type":"LineString","coordinates":[[-74.6257876220699,39.252643301796],[-74.6257829903471,39.2526597811033],[-74.625755748579,39.252691524099],[-74.6257217708562,39.2527091881446],[-74.625671899441,39.2527251397458],[-74.6255765963084,39.2527322987146],[-74.6254064682319,39.2527430532226],[-74.6249509548208,39.2527724278057],[-74.6247460450196,39.2527861292289],[-74.6246695834604,39.2527835203358]]}},{"type":"Feature","id":53145,"properties":{"OBJECTID":53145,"PRIMENAME":"Sommers Avenue","ELEVTYP_F":0,"ELEVTYP_T":0},"geometry":{"type":"LineString","coordinates":[[-74.5973913929668,39.3108123963512],[-74.5973582594438,39.3108261804432],[-74.5973343033113,39.3108310603833],[-74.5973174440745,39.3108310744779],[-74.5973030536732,39.3108277913177],[-74.5956744535174,39.3098383287224]]}},{"type":"Feature","id":53501,"properties":{"OBJECTID":53501,"PRIMENAME":"Bay Avenue","ELEVTYP_F":0,"ELEVTYP_T":0},"geometry":{"type":"LineString","coordinates":[[-74.5779569756773,39.2823040104554],[-74.5776348693812,39.2825579844053],[-74.5774800132479,39.2826823856147]]}},{"type":"Feature","id":53511,"properties":{"OBJECTID":53511,"PRIMENAME":"Central Road","ELEVTYP_F":0,"ELEVTYP_T":0},"geometry":{"type":"LineString","coordinates":[[-74.5612671532069,39.2895975558928],[-74.56141824424,39.2894800705449],[-74.5626486815156,39.2885062539444],[-74.5630506647043,39.2881899236461]]}},{"type":"Feature","id":53953,"properties":{"OBJECTID":53953,"PRIMENAME":"Gardens Parkway","ELEVTYP_F":0,"ELEVTYP_T":0},"geometry":{"type":"LineString","coordinates":[[-74.5583946128079,39.2940401008808],[-74.5584417133929,39.2939091070458],[-74.5584844211839,39.293765567875],[-74.558529799919,39.2936054162229],[-74.5585778060277,39.2934181620582],[-74.5586036212487,39.2932720225549]]}},{"type":"Feature","id":54104,"properties":{"OBJECTID":54104,"PRIMENAME":"East 18th Street","ELEVTYP_F":0,"ELEVTYP_T":0},"geometry":{"type":"LineString","coordinates":[[-74.5918446554921,39.2714484042872],[-74.5921177974772,39.2716739132124],[-74.5922322325948,39.2717693459215]]}},{"type":"Feature","id":54364,"properties":{"OBJECTID":54364,"PRIMENAME":"Jones Avenue","ELEVTYP_F":0,"ELEVTYP_T":0},"geometry":{"type":"LineString","coordinates":[[-74.6359115612905,39.3082142331054],[-74.6358190008007,39.3081513433726],[-74.635648617711,39.3080355753114],[-74.635347532152,39.3078338976411],[-74.6352442862201,39.3077739421203],[-74.6352252137046,39.3077616636147],[-74.6352080043885,39.3077450716302],[-74.6352009829803,39.3077328061484],[-74.6351969536195,39.3077141404876]]}},{"type":"Feature","id":54404,"properties":{"OBJECTID":54404,"PRIMENAME":"West Golden Oak Lane","ELEVTYP_F":0,"ELEVTYP_T":0},"geometry":{"type":"LineString","coordinates":[[-74.6377246017673,39.2755926977922],[-74.6385099052852,39.2761994475104]]}},{"type":"Feature","id":54480,"properties":{"OBJECTID":54480,"PRIMENAME":"South Inlet Drive","ELEVTYP_F":0,"ELEVTYP_T":0},"geometry":{"type":"LineString","coordinates":[[-74.6414505621898,39.2266649379372],[-74.6406495642944,39.2262619387935],[-74.640601563448,39.2262169390305],[-74.6404785629433,39.2261029387645]]}},{"type":"Feature","id":54567,"properties":{"OBJECTID":54567,"PRIMENAME":"5th Street","ELEVTYP_F":0,"ELEVTYP_T":0},"geometry":{"type":"LineString","coordinates":[[-74.5692038835586,39.2821081162409],[-74.568824156255,39.2818178182017]]}},{"type":"Feature","id":54647,"properties":{"OBJECTID":54647,"PRIMENAME":"1st Street","ELEVTYP_F":0,"ELEVTYP_T":0},"geometry":{"type":"LineString","coordinates":[[-74.5670555927139,39.2890878112661],[-74.5668988804736,39.2889678040096],[-74.5666680586617,39.2887931717956]]}},{"type":"Feature","id":54682,"properties":{"OBJECTID":54682,"PRIMENAME":"Wesley Avenue","ELEVTYP_F":0,"ELEVTYP_T":0},"geometry":{"type":"LineString","coordinates":[[-74.6111517231946,39.2492983022609],[-74.6110902261505,39.2493548950086],[-74.6098875455248,39.2504798061795]]}},{"type":"Feature","id":54706,"properties":{"OBJECTID":54706,"PRIMENAME":"Asbury Avenue","ELEVTYP_F":0,"ELEVTYP_T":0},"geometry":{"type":"LineString","coordinates":[[-74.5762364125464,39.2788559053677],[-74.5761821223957,39.2788978957909],[-74.5757131292513,39.2792815852772],[-74.5748563949777,39.2799614283833]]}},{"type":"Feature","id":54931,"properties":{"OBJECTID":54931,"PRIMENAME":"North Basin Drive","ELEVTYP_F":0,"ELEVTYP_T":0},"geometry":{"type":"LineString","coordinates":[[-74.6401755641755,39.2259169364714],[-74.6401165640825,39.2259969380993],[-74.6401535609599,39.2260829372662],[-74.6402345624772,39.2261259381859],[-74.6403195623812,39.2261469386677],[-74.6403815620445,39.226134938779],[-74.6404525632413,39.2261119378787],[-74.6404785629433,39.2261029387645]]}},{"type":"Feature","id":54947,"properties":{"OBJECTID":54947,"PRIMENAME":"Wesley Avenue","ELEVTYP_F":0,"ELEVTYP_T":0},"geometry":{"type":"LineString","coordinates":[[-74.5791878872652,39.2744418232353],[-74.5789326543656,39.2746283758656],[-74.5777435833139,39.2754975896523]]}},{"type":"Feature","id":55055,"properties":{"OBJECTID":55055,"PRIMENAME":"Appletree Road","ELEVTYP_F":0,"ELEVTYP_T":0},"geometry":{"type":"LineString","coordinates":[[-74.5980000009793,39.2722927458774],[-74.597630761997,39.2725566170442]]}},{"type":"Feature","id":55141,"properties":{"OBJECTID":55141,"PRIMENAME":"Ocean Avenue","ELEVTYP_F":0,"ELEVTYP_T":0},"geometry":{"type":"LineString","coordinates":[[-74.5783831982656,39.2737783720333],[-74.5777097288166,39.2742711843912],[-74.5769418635711,39.2748347851293]]}},{"type":"Feature","id":55144,"properties":{"OBJECTID":55144,"PRIMENAME":"Somerset Lane","ELEVTYP_F":0,"ELEVTYP_T":0},"geometry":{"type":"LineString","coordinates":[[-74.6202201773357,39.2486599465155],[-74.620500904793,39.2488186613041],[-74.6209703507122,39.2490813529308]]}},{"type":"Feature","id":55186,"properties":{"OBJECTID":55186,"PRIMENAME":"34th Street","ELEVTYP_F":0,"ELEVTYP_T":0},"geometry":{"type":"LineString","coordinates":[[-74.6126749433684,39.2522844606076],[-74.6122540141535,39.2520118600178]]}},{"type":"Feature","id":55238,"properties":{"OBJECTID":55238,"PRIMENAME":"Alder Lane","ELEVTYP_F":0,"ELEVTYP_T":0},"geometry":{"type":"LineString","coordinates":[[-74.6235618786241,39.2511286176724],[-74.6239932933102,39.2509162713332]]}},{"type":"Feature","id":55257,"properties":{"OBJECTID":55257,"PRIMENAME":"Central Avenue","ELEVTYP_F":0,"ELEVTYP_T":0},"geometry":{"type":"LineString","coordinates":[[-74.6064637640298,39.2542745282396],[-74.6061238324773,39.2545917228824],[-74.6059428809718,39.2547619572281]]}},{"type":"Feature","id":55349,"properties":{"OBJECTID":55349,"PRIMENAME":"Bay Avenue","ELEVTYP_F":0,"ELEVTYP_T":0},"geometry":{"type":"LineString","coordinates":[[-74.6149325685436,39.2528550402761],[-74.6150475879222,39.252745598866],[-74.6155243397054,39.2522919654974],[-74.6156251162798,39.2521985390079]]}},{"type":"Feature","id":55483,"properties":{"OBJECTID":55483,"PRIMENAME":"Teal Lane","ELEVTYP_F":0,"ELEVTYP_T":0},"geometry":{"type":"LineString","coordinates":[[-74.6424189187595,39.2715327593659],[-74.6438134745837,39.2724596163047],[-74.643956072827,39.2725543886258]]}},{"type":"Feature","id":55541,"properties":{"OBJECTID":55541,"PRIMENAME":"North Drive","ELEVTYP_F":0,"ELEVTYP_T":0},"geometry":{"type":"LineString","coordinates":[[-74.6303789532466,39.2840870728373],[-74.6297200093502,39.2839016496331]]}},{"type":"Feature","id":55569,"properties":{"OBJECTID":55569,"PRIMENAME":"Central Avenue","ELEVTYP_F":0,"ELEVTYP_T":0},"geometry":{"type":"LineString","coordinates":[[-74.6139275158214,39.2470394301731],[-74.6128363148667,39.2482191225454],[-74.6127747986289,39.248284722676]]}},{"type":"Feature","id":55651,"properties":{"OBJECTID":55651,"PRIMENAME":"Unnamed Segment","ELEVTYP_F":0,"ELEVTYP_T":0},"geometry":{"type":"LineString","coordinates":[[-74.5875259906388,39.2746054298069],[-74.5880046965826,39.2742401907316],[-74.5885911010083,39.2738138316259],[-74.5889569520347,39.2735488657227]]}},{"type":"Feature","id":55766,"properties":{"OBJECTID":55766,"PRIMENAME":"Central Avenue","ELEVTYP_F":0,"ELEVTYP_T":0},"geometry":{"type":"LineString","coordinates":[[-74.5630506647043,39.2881899236461],[-74.5639070889741,39.2875160715514],[-74.5644328779258,39.2870968144805]]}},{"type":"Feature","id":56342,"properties":{"OBJECTID":56342,"PRIMENAME":"Asbury Avenue","ELEVTYP_F":0,"ELEVTYP_T":0},"geometry":{"type":"LineString","coordinates":[[-74.6351474553163,39.2247602862062],[-74.6344690658741,39.2255704320478],[-74.6340678479826,39.2260441491831]]}},{"type":"Feature","id":56524,"properties":{"OBJECTID":56524,"PRIMENAME":"West Avenue","ELEVTYP_F":0,"ELEVTYP_T":0},"geometry":{"type":"LineString","coordinates":[[-74.5741906668314,39.2816102963186],[-74.5729201310733,39.2826213010613],[-74.5728080135472,39.2827095904807]]}},{"type":"Feature","id":57825,"properties":{"OBJECTID":57825,"PRIMENAME":"Unnamed Segment","ELEVTYP_F":0,"ELEVTYP_T":0},"geometry":{"type":"LineString","coordinates":[[-74.6232203106272,39.2389753773927],[-74.6235211305299,39.2386495247084],[-74.6243752225192,39.2377237174912]]}},{"type":"Feature","id":57856,"properties":{"OBJECTID":57856,"PRIMENAME":"Waterway Road","ELEVTYP_F":0,"ELEVTYP_T":0},"geometry":{"type":"LineString","coordinates":[[-74.6124544318279,39.2557522748175],[-74.6128286482085,39.2559956780645]]}},{"type":"Feature","id":58641,"properties":{"OBJECTID":58641,"PRIMENAME":"FR CO 623 WB TO WATERVIEW RD","ELEVTYP_F":0,"ELEVTYP_T":0},"geometry":{"type":"LineString","coordinates":[[-74.6233078172364,39.252634724031],[-74.6239468200858,39.2526816561775],[-74.62412404386,39.252708457979],[-74.6242908182611,39.2527379884545],[-74.6244507166807,39.2527729634242],[-74.624509569796,39.2527836915139],[-74.6245636782525,39.2527865162978],[-74.6246695834604,39.2527835203358]]}},{"type":"Feature","id":59238,"properties":{"OBJECTID":59238,"PRIMENAME":"Bay Avenue","ELEVTYP_F":0,"ELEVTYP_T":0},"geometry":{"type":"LineString","coordinates":[[-74.6105570520173,39.2569260753149],[-74.6103481728316,39.2571209724094],[-74.6092937068573,39.2581008981036]]}},{"type":"Feature","id":60452,"properties":{"OBJECTID":60452,"PRIMENAME":"Central Avenue","ELEVTYP_F":0,"ELEVTYP_T":0},"geometry":{"type":"LineString","coordinates":[[-74.6001376543639,39.2601791296805],[-74.5995566123904,39.2607205344663],[-74.5994464232551,39.2608254332782],[-74.5993198634444,39.2609176875566],[-74.5991198496939,39.2610671696798],[-74.5986806735537,39.2613840150069]]}},{"type":"Feature","id":60508,"properties":{"OBJECTID":60508,"PRIMENAME":"Unnamed Segment","ELEVTYP_F":0,"ELEVTYP_T":0},"geometry":{"type":"LineString","coordinates":[[-74.6005216805593,39.26042918132],[-74.6001665237904,39.2607598243228],[-74.5999275198945,39.2609844377263],[-74.5998325611906,39.2610693345267],[-74.5997517414884,39.2611378268298],[-74.5996322002348,39.2612227445186],[-74.5990237777999,39.2616678501949]]}},{"type":"Feature","id":60568,"properties":{"OBJECTID":60568,"PRIMENAME":"56th Street","ELEVTYP_F":0,"ELEVTYP_T":0},"geometry":{"type":"LineString","coordinates":[[-74.6362221968919,39.2234635962335],[-74.6358088870076,39.2232556500937]]}},{"type":"Feature","id":60580,"properties":{"OBJECTID":60580,"PRIMENAME":"13th Street","ELEVTYP_F":0,"ELEVTYP_T":0},"geometry":{"type":"LineString","coordinates":[[-74.5813800776883,39.2740117057018],[-74.5817252265706,39.2742986661231]]}},{"type":"Feature","id":60635,"properties":{"OBJECTID":60635,"PRIMENAME":"East 17th Street","ELEVTYP_F":0,"ELEVTYP_T":0},"geometry":{"type":"LineString","coordinates":[[-74.5885193867158,39.2709481561697],[-74.5884856171579,39.2709200112879],[-74.5881617081962,39.2706503531738]]}},{"type":"Feature","id":60754,"properties":{"OBJECTID":60754,"PRIMENAME":"FR 16TH ST TO CO 656 SB","ELEVTYP_F":0,"ELEVTYP_T":0},"geometry":{"type":"LineString","coordinates":[[-74.5898698321259,39.2734903121154],[-74.5898073471507,39.2736890404194],[-74.5897841823879,39.2738068498834],[-74.5897726796031,39.2739276969333],[-74.5897767083092,39.2740394724309],[-74.5897924326246,39.2741814407949],[-74.5898124991935,39.2742658008884]]}},{"type":"Feature","id":60809,"properties":{"OBJECTID":60809,"PRIMENAME":"Garden State Parkway","ELEVTYP_F":0,"ELEVTYP_T":0},"geometry":{"type":"LineString","coordinates":[[-74.6186068898849,39.308112091857],[-74.6185478836549,39.3079963104427],[-74.6184937439652,39.3078322555425],[-74.6184561726868,39.3076424834329],[-74.6184291389205,39.3074950534212],[-74.618410158019,39.3073915462774],[-74.6183516350194,39.3070795301647],[-74.6182722672541,39.3066452410856],[-74.6182261371628,39.3063042446845],[-74.6181966020054,39.3059954113095],[-74.618194104194,39.3057023039656],[-74.6182100811788,39.3053281483859],[-74.6182676169407,39.3049797535969],[-74.6183004806927,39.3047732977865],[-74.6183662968679,39.3044119929867],[-74.6184321220831,39.3040571388762],[-74.6184652554645,39.3039107465577],[-74.6184946097574,39.303757339799],[-74.6185362824094,39.3035924179414],[-74.6185951250266,39.303366127456],[-74.6186466235412,39.3031743538597],[-74.6186834535815,39.3030650353662],[-74.6187300806188,39.3029116109168],[-74.6187717975845,39.3027735296859],[-74.6188208591327,39.3026009305944],[-74.618865039799,39.3024609289663],[-74.6189337475253,39.3022327112529],[-74.6189852929816,39.3020696951467],[-74.6190392913386,39.3018990087395],[-74.6190859265778,39.3017513358345],[-74.619149786114,39.3015748875543],[-74.6192284208267,39.3013811689268],[-74.6192996761055,39.3012008781952],[-74.6193611215458,39.3010570238694],[-74.6194127258902,39.300930435681],[-74.6194766327526,39.3007827448795],[-74.6195405132585,39.3006197158289],[-74.6195847564997,39.300518058961],[-74.619648643044,39.3003588646225],[-74.6197051917698,39.3002380220344],[-74.6197936248835,39.300004031719],[-74.6198845944555,39.2998102999053],[-74.6200001048545,39.2995379372823],[-74.6200984072071,39.2993039356347],[-74.6201548985983,39.2991505012431],[-74.6202802833108,39.2988819620062],[-74.6203638617093,39.2986959060884],[-74.620437567521,39.2985098603181],[-74.6205063759409,39.2983449095364],[-74.6205678131398,39.2981991375714],[-74.6206710406129,39.2979612964024],[-74.6207447855274,39.2977982572911],[-74.6208122900536,39.2976586431958]]}},{"type":"Feature","id":60849,"properties":{"OBJECTID":60849,"PRIMENAME":"East 7th Street","ELEVTYP_F":0,"ELEVTYP_T":0},"geometry":{"type":"LineString","coordinates":[[-74.5727596365055,39.2805138488019],[-74.5723989622422,39.2802395850661]]}},{"type":"Feature","id":60895,"properties":{"OBJECTID":60895,"PRIMENAME":"East Atlantic Boulevard","ELEVTYP_F":0,"ELEVTYP_T":0},"geometry":{"type":"LineString","coordinates":[[-74.5548394568013,39.2866858362088],[-74.5547830825907,39.286706070865],[-74.5546270477073,39.2867870324983],[-74.554582408557,39.2868156328803],[-74.5544796438282,39.2868814715703],[-74.5543452781758,39.2869759043693],[-74.5541979302193,39.2870972785032],[-74.5540635963111,39.2872355322946],[-74.5539726352476,39.2873535306901],[-74.5539076460908,39.2874748932669],[-74.5538297581472,39.287640056077],[-74.5537691800129,39.2878018066359],[-74.5537216020795,39.2880074544656],[-74.5536740532821,39.2882501142788],[-74.5535055273727,39.2890556453774],[-74.5534852668171,39.289176630395]]}},{"type":"Feature","id":60898,"properties":{"OBJECTID":60898,"PRIMENAME":"Simpson Avenue","ELEVTYP_F":0,"ELEVTYP_T":0},"geometry":{"type":"LineString","coordinates":[[-74.5842569067034,39.2764004619706],[-74.5846318184276,39.2761247951287],[-74.5856021321701,39.2754203875696],[-74.5857016296428,39.2753474702601]]}},{"type":"Feature","id":60957,"properties":{"OBJECTID":60957,"PRIMENAME":"Bayland Drive","ELEVTYP_F":0,"ELEVTYP_T":0},"geometry":{"type":"LineString","coordinates":[[-74.6092821860628,39.2593019421061],[-74.6098402169258,39.2587811582223],[-74.6098637400652,39.2587594720907]]}},{"type":"Feature","id":60994,"properties":{"OBJECTID":60994,"PRIMENAME":"Clipper Drive","ELEVTYP_F":0,"ELEVTYP_T":0},"geometry":{"type":"LineString","coordinates":[[-74.6402053766285,39.2281560545152],[-74.6402844296827,39.2281965137858],[-74.640360354838,39.2282441428711],[-74.6404182328396,39.2283058520102],[-74.6404869428594,39.228381579378],[-74.6405340406329,39.2284545041759],[-74.6405738840101,39.2285358946968],[-74.640602934621,39.2286228716633],[-74.6406103572768,39.2287155040147],[-74.6406033043946,39.228808180863],[-74.6405710672029,39.2289289498445],[-74.640536829404,39.229061805856]]}},{"type":"Feature","id":61104,"properties":{"OBJECTID":61104,"PRIMENAME":"Walnut Road","ELEVTYP_F":0,"ELEVTYP_T":0},"geometry":{"type":"LineString","coordinates":[[-74.5945991010437,39.2700406121557],[-74.595862618536,39.2710920387094],[-74.5962658084426,39.2714261349235]]}},{"type":"Feature","id":61228,"properties":{"OBJECTID":61228,"PRIMENAME":"West Avenue","ELEVTYP_F":0,"ELEVTYP_T":0},"geometry":{"type":"LineString","coordinates":[[-74.6118151300099,39.2517277977056],[-74.6118149865194,39.2517279095459],[-74.6114984688643,39.2520209878054],[-74.6110649955882,39.252434303744],[-74.6105397109814,39.2529223620764]]}},{"type":"Feature","id":61372,"properties":{"OBJECTID":61372,"PRIMENAME":"Bay Avenue","ELEVTYP_F":0,"ELEVTYP_T":0},"geometry":{"type":"LineString","coordinates":[[-74.6376910559859,39.2278750896943],[-74.6366275493486,39.2291607412175],[-74.6366246604571,39.229164204692]]}},{"type":"Feature","id":61733,"properties":{"OBJECTID":61733,"PRIMENAME":"West Avenue","ELEVTYP_F":0,"ELEVTYP_T":0},"geometry":{"type":"LineString","coordinates":[[-74.6080157448664,39.2552789944985],[-74.6071296008784,39.2561018001491],[-74.6067406756026,39.2564635765634]]}},{"type":"Feature","id":61739,"properties":{"OBJECTID":61739,"PRIMENAME":"Atlantic Avenue","ELEVTYP_F":0,"ELEVTYP_T":0},"geometry":{"type":"LineString","coordinates":[[-74.570842474181,39.2781701108871],[-74.5702732256202,39.2786193526683]]}},{"type":"Feature","id":61836,"properties":{"OBJECTID":61836,"PRIMENAME":"Steel Road","ELEVTYP_F":0,"ELEVTYP_T":0},"geometry":{"type":"LineString","coordinates":[[-74.6297200093502,39.2839016496331],[-74.6297300045889,39.2838808817782],[-74.6301447441068,39.2830172773655]]}},{"type":"Feature","id":62043,"properties":{"OBJECTID":62043,"PRIMENAME":"59th Street","ELEVTYP_F":0,"ELEVTYP_T":0},"geometry":{"type":"LineString","coordinates":[[-74.639868253416,39.2198057423316],[-74.6401602547118,39.2199534411253],[-74.6402139323273,39.2199831679075],[-74.6402369775218,39.2200159250067],[-74.6402485969026,39.2200725003141],[-74.6402206060023,39.2201261667787]]}},{"type":"Feature","id":62087,"properties":{"OBJECTID":62087,"PRIMENAME":"Wesley Avenue","ELEVTYP_F":0,"ELEVTYP_T":0},"geometry":{"type":"LineString","coordinates":[[-74.6086159121078,39.2516624570681],[-74.6083116603856,39.2519502174777],[-74.608010499277,39.2522286389522],[-74.6075027564303,39.2527007965905],[-74.6073546443997,39.2528392901841]]}},{"type":"Feature","id":62237,"properties":{"OBJECTID":62237,"PRIMENAME":"West Avenue","ELEVTYP_F":0,"ELEVTYP_T":0},"geometry":{"type":"LineString","coordinates":[[-74.5714266870043,39.2838007400058],[-74.5706668328635,39.2844027334219],[-74.5700326795069,39.2849025886424]]}},{"type":"Feature","id":62416,"properties":{"OBJECTID":62416,"PRIMENAME":"33rd Street","ELEVTYP_F":0,"ELEVTYP_T":0},"geometry":{"type":"LineString","coordinates":[[-74.6126628124185,39.2542811620339],[-74.6122396448706,39.2540081519797]]}},{"type":"Feature","id":62442,"properties":{"OBJECTID":62442,"PRIMENAME":"40th Street","ELEVTYP_F":0,"ELEVTYP_T":0},"geometry":{"type":"LineString","coordinates":[[-74.6173860004426,39.2432892322086],[-74.6170098108316,39.2430813196154]]}},{"type":"Feature","id":62446,"properties":{"OBJECTID":62446,"PRIMENAME":"31st Street","ELEVTYP_F":0,"ELEVTYP_T":0},"geometry":{"type":"LineString","coordinates":[[-74.6084426161613,39.2555558061692],[-74.6088529467548,39.2558218686581]]}},{"type":"Feature","id":62657,"properties":{"OBJECTID":62657,"PRIMENAME":"East 10th Street","ELEVTYP_F":0,"ELEVTYP_T":0},"geometry":{"type":"LineString","coordinates":[[-74.5784289394833,39.2783042639737],[-74.5783970445219,39.2782781192686],[-74.5780747365006,39.2780138688214]]}},{"type":"Feature","id":63008,"properties":{"OBJECTID":63008,"PRIMENAME":"51st Street","ELEVTYP_F":0,"ELEVTYP_T":0},"geometry":{"type":"LineString","coordinates":[[-74.6326008712219,39.2308025935663],[-74.6321539558347,39.2305763591307]]}},{"type":"Feature","id":63192,"properties":{"OBJECTID":63192,"PRIMENAME":"Randolf Boulevard","ELEVTYP_F":0,"ELEVTYP_T":0},"geometry":{"type":"LineString","coordinates":[[-74.6436704962606,39.2669281412889],[-74.6430193283712,39.2665097535608]]}},{"type":"Feature","id":63217,"properties":{"OBJECTID":63217,"PRIMENAME":"54th Street","ELEVTYP_F":0,"ELEVTYP_T":0},"geometry":{"type":"LineString","coordinates":[[-74.6336518787477,39.2258346608314],[-74.6340678479826,39.2260441491831]]}},{"type":"Feature","id":63515,"properties":{"OBJECTID":63515,"PRIMENAME":"32nd Street","ELEVTYP_F":0,"ELEVTYP_T":0},"geometry":{"type":"LineString","coordinates":[[-74.6085009086315,39.253597859337],[-74.6081206325928,39.2533462384695]]}},{"type":"Feature","id":63761,"properties":{"OBJECTID":63761,"PRIMENAME":"Gardens Parkway","ELEVTYP_F":0,"ELEVTYP_T":0},"geometry":{"type":"LineString","coordinates":[[-74.5578398261851,39.2946243892145],[-74.5577598138326,39.2947830488842],[-74.5576716048079,39.2949432763781],[-74.5574907402651,39.2952731523188]]}},{"type":"Feature","id":63861,"properties":{"OBJECTID":63861,"PRIMENAME":"1st Street","ELEVTYP_F":0,"ELEVTYP_T":0},"geometry":{"type":"LineString","coordinates":[[-74.5658735224955,39.2881920397474],[-74.5654981625466,39.2879080164295]]}},{"type":"Feature","id":64067,"properties":{"OBJECTID":64067,"PRIMENAME":"Windsor Drive","ELEVTYP_F":0,"ELEVTYP_T":0},"geometry":{"type":"LineString","coordinates":[[-74.596723339783,39.2734102752937],[-74.5963608363116,39.2736739719419]]}},{"type":"Feature","id":64097,"properties":{"OBJECTID":64097,"PRIMENAME":"West Avenue","ELEVTYP_F":0,"ELEVTYP_T":0},"geometry":{"type":"LineString","coordinates":[[-74.637075013944,39.2238952691407],[-74.6365534135168,39.2245160880907],[-74.636002808941,39.2251849077161]]}},{"type":"Feature","id":64462,"properties":{"OBJECTID":64462,"PRIMENAME":"33rd Street","ELEVTYP_F":0,"ELEVTYP_T":0},"geometry":{"type":"LineString","coordinates":[[-74.6122396448706,39.2540081519797],[-74.6118193092873,39.25373686724]]}},{"type":"Feature","id":64595,"properties":{"OBJECTID":64595,"PRIMENAME":"West Seabright Road","ELEVTYP_F":0,"ELEVTYP_T":0},"geometry":{"type":"LineString","coordinates":[[-74.5589457800417,39.2901595375649],[-74.5592955445121,39.2902362125602],[-74.5594730896677,39.2902681921142],[-74.5596175479998,39.290284152839],[-74.5597413967982,39.2902873016831],[-74.5598321987776,39.2902808024797],[-74.5599312626777,39.2902647439507],[-74.5600261848481,39.2902422628213],[-74.5601234015436,39.2902148655531],[-74.5601341739916,39.2902102748138]]}},{"type":"Feature","id":64720,"properties":{"OBJECTID":64720,"PRIMENAME":"West 18th Street","ELEVTYP_F":0,"ELEVTYP_T":0},"geometry":{"type":"LineString","coordinates":[[-74.593817071066,39.273090772796],[-74.5938891799008,39.2731509013627],[-74.5940117859691,39.2732498398187]]}},{"type":"Feature","id":64738,"properties":{"OBJECTID":64738,"PRIMENAME":"Lincoln Place","ELEVTYP_F":0,"ELEVTYP_T":0},"geometry":{"type":"LineString","coordinates":[[-74.5774800132479,39.2826823856147],[-74.5783960578727,39.2833824224138]]}},{"type":"Feature","id":64768,"properties":{"OBJECTID":64768,"PRIMENAME":"Wistar Avenue","ELEVTYP_F":0,"ELEVTYP_T":0},"geometry":{"type":"LineString","coordinates":[[-74.645681543973,39.2660627465699],[-74.6450398237397,39.2656550672537]]}},{"type":"Feature","id":64874,"properties":{"OBJECTID":64874,"PRIMENAME":"Asbury Avenue","ELEVTYP_F":0,"ELEVTYP_T":0},"geometry":{"type":"LineString","coordinates":[[-74.579176138069,39.2766820033111],[-74.5787101261811,39.2770194655633],[-74.5777310039425,39.2777320315066]]}},{"type":"Feature","id":65050,"properties":{"OBJECTID":65050,"PRIMENAME":"Great Bay Drive","ELEVTYP_F":0,"ELEVTYP_T":0},"geometry":{"type":"LineString","coordinates":[[-74.6046991084478,39.3100945476164],[-74.6041673540184,39.309942417194],[-74.6040399878823,39.3099308619027],[-74.6039539703184,39.309945482437],[-74.6038936102395,39.3099833751458],[-74.6037968871679,39.3100794750235],[-74.6036938473185,39.3101172363196],[-74.6035384177139,39.3101503139394],[-74.6034324491606,39.3101751148495],[-74.6032522895703,39.3102109597469],[-74.6031710505708,39.3102329927925]]}},{"type":"Feature","id":65199,"properties":{"OBJECTID":65199,"PRIMENAME":"West Avenue","ELEVTYP_F":0,"ELEVTYP_T":0},"geometry":{"type":"LineString","coordinates":[[-74.5700326795069,39.2849025886424],[-74.568942561464,39.2857619046653],[-74.5686462519335,39.2859969751435]]}},{"type":"Feature","id":65207,"properties":{"OBJECTID":65207,"PRIMENAME":"East 7th Street","ELEVTYP_F":0,"ELEVTYP_T":0},"geometry":{"type":"LineString","coordinates":[[-74.5731168501169,39.2807869055776],[-74.5728982707798,39.2806192798649],[-74.5727596365055,39.2805138488019]]}},{"type":"Feature","id":65612,"properties":{"OBJECTID":65612,"PRIMENAME":"Unnamed Segment","ELEVTYP_F":0,"ELEVTYP_T":0},"geometry":{"type":"LineString","coordinates":[[-74.6010195900081,39.2587438662675],[-74.6008082802659,39.2589402589973],[-74.600465126759,39.2592605691455],[-74.5998098482228,39.259872302743],[-74.5997511918317,39.2599275141167]]}},{"type":"Feature","id":65879,"properties":{"OBJECTID":65879,"PRIMENAME":"Atkinson Avenue","ELEVTYP_F":0,"ELEVTYP_T":0},"geometry":{"type":"LineString","coordinates":[[-74.6155185550107,39.3101989605295],[-74.615524094076,39.3101799695576],[-74.6155332415391,39.3101618401648],[-74.6155457899208,39.3101449835498],[-74.6155614546049,39.3101297820428],[-74.6156757727206,39.3100347548154],[-74.615677364955,39.3100334299329],[-74.6158333142519,39.3099119699359],[-74.6159335341151,39.3098165673258],[-74.6161021708458,39.3096497066562],[-74.6162081651739,39.3095448268549],[-74.6164091899505,39.3093495126162],[-74.616568196248,39.3091950219028],[-74.6170641945218,39.3087207267526]]}},{"type":"Feature","id":65971,"properties":{"OBJECTID":65971,"PRIMENAME":"50th Street","ELEVTYP_F":0,"ELEVTYP_T":0},"geometry":{"type":"LineString","coordinates":[[-74.6293429487011,39.2309830823547],[-74.6297553722061,39.2311935501318]]}},{"type":"Feature","id":66055,"properties":{"OBJECTID":66055,"PRIMENAME":"Bay Avenue","ELEVTYP_F":0,"ELEVTYP_T":0},"geometry":{"type":"LineString","coordinates":[[-74.614290029824,39.2534557505919],[-74.6138283556464,39.2538798124978],[-74.6136518005627,39.2540419822349],[-74.6130950673494,39.2545600657238]]}},{"type":"Feature","id":66260,"properties":{"OBJECTID":66260,"PRIMENAME":"Unnamed Segment","ELEVTYP_F":0,"ELEVTYP_T":0},"geometry":{"type":"LineString","coordinates":[[-74.5873580329907,39.276718247975],[-74.5870025483089,39.2769779491792],[-74.5864555929028,39.276525505015]]}},{"type":"Feature","id":66420,"properties":{"OBJECTID":66420,"PRIMENAME":"Bay Avenue","ELEVTYP_F":0,"ELEVTYP_T":0},"geometry":{"type":"LineString","coordinates":[[-74.5723919133617,39.2867091945645],[-74.5722168429945,39.2868467802677],[-74.5717102021566,39.2872520853654],[-74.5710097301213,39.2878051988786]]}},{"type":"Feature","id":66644,"properties":{"OBJECTID":66644,"PRIMENAME":"Prospect Avenue","ELEVTYP_F":0,"ELEVTYP_T":0},"geometry":{"type":"LineString","coordinates":[[-74.5882901624177,39.2763767439879],[-74.5886670782283,39.2761055649503]]}},{"type":"Feature","id":66749,"properties":{"OBJECTID":66749,"PRIMENAME":"Unnamed Segment","ELEVTYP_F":0,"ELEVTYP_T":0},"geometry":{"type":"LineString","coordinates":[[-74.5537487035266,39.2930920228483],[-74.5544120550853,39.2935938489014]]}},{"type":"Feature","id":66841,"properties":{"OBJECTID":66841,"PRIMENAME":"Wilkie Boulevard","ELEVTYP_F":0,"ELEVTYP_T":0},"geometry":{"type":"LineString","coordinates":[[-74.6353183545201,39.2775337440884],[-74.6361121140723,39.2781463760083]]}},{"type":"Feature","id":66946,"properties":{"OBJECTID":66946,"PRIMENAME":"48th Street","ELEVTYP_F":0,"ELEVTYP_T":0},"geometry":{"type":"LineString","coordinates":[[-74.6266285615311,39.2333088716261],[-74.6262623614841,39.2331046575711]]}},{"type":"Feature","id":66957,"properties":{"OBJECTID":66957,"PRIMENAME":"34th Street","ELEVTYP_F":0,"ELEVTYP_T":0},"geometry":{"type":"LineString","coordinates":[[-74.6138986317195,39.2529777738377],[-74.6138316703642,39.2529538962516],[-74.6136868912708,39.2528960208725],[-74.613534284358,39.2528242865294]]}},{"type":"Feature","id":67183,"properties":{"OBJECTID":67183,"PRIMENAME":"58th Street","ELEVTYP_F":0,"ELEVTYP_T":0},"geometry":{"type":"LineString","coordinates":[[-74.6387918994671,39.221099970603],[-74.638374458427,39.2208887152348]]}},{"type":"Feature","id":67312,"properties":{"OBJECTID":67312,"PRIMENAME":"5th Street","ELEVTYP_F":0,"ELEVTYP_T":0},"geometry":{"type":"LineString","coordinates":[[-74.571826308236,39.2841069698275],[-74.5714266870043,39.2838007400058]]}},{"type":"Feature","id":67333,"properties":{"OBJECTID":67333,"PRIMENAME":"Gardens Parkway","ELEVTYP_F":0,"ELEVTYP_T":0},"geometry":{"type":"LineString","coordinates":[[-74.5571322246298,39.2959360050489],[-74.5570595053994,39.2960709366393],[-74.556888452284,39.2963934209537],[-74.5567886299502,39.2965743019933]]}},{"type":"Feature","id":67342,"properties":{"OBJECTID":67342,"PRIMENAME":"Central Avenue","ELEVTYP_F":0,"ELEVTYP_T":0},"geometry":{"type":"LineString","coordinates":[[-74.6289241674241,39.2307693519368],[-74.6285338828052,39.2312354038968],[-74.6277747485306,39.2320614968328]]}},{"type":"Feature","id":67443,"properties":{"OBJECTID":67443,"PRIMENAME":"Battersea Road","ELEVTYP_F":0,"ELEVTYP_T":0},"geometry":{"type":"LineString","coordinates":[[-74.5612671532069,39.2895975558928],[-74.5611235353056,39.2894910435863],[-74.5609614075351,39.2893488457779],[-74.5608028066345,39.2891984087946],[-74.5606618453661,39.2890561724814],[-74.560497958339,39.2888879961661],[-74.5604433267973,39.2888319349411]]}},{"type":"Feature","id":67457,"properties":{"OBJECTID":67457,"PRIMENAME":"Wesley Avenue","ELEVTYP_F":0,"ELEVTYP_T":0},"geometry":{"type":"LineString","coordinates":[[-74.5664299842584,39.2843063824166],[-74.5654149675625,39.2851123552798],[-74.5650429520243,39.2854053116639]]}},{"type":"Feature","id":67517,"properties":{"OBJECTID":67517,"PRIMENAME":"East 7th Street","ELEVTYP_F":0,"ELEVTYP_T":0},"geometry":{"type":"LineString","coordinates":[[-74.5761200864153,39.2830760290709],[-74.5757657872515,39.2828077567836]]}},{"type":"Feature","id":67611,"properties":{"OBJECTID":67611,"PRIMENAME":"West 13th Street","ELEVTYP_F":0,"ELEVTYP_T":0},"geometry":{"type":"LineString","coordinates":[[-74.585692604357,39.2775955019345],[-74.5860355954407,39.2778805006979]]}},{"type":"Feature","id":67667,"properties":{"OBJECTID":67667,"PRIMENAME":"13th Street","ELEVTYP_F":0,"ELEVTYP_T":0},"geometry":{"type":"LineString","coordinates":[[-74.5817252265706,39.2742986661231],[-74.581891914452,39.2744372072695],[-74.5820619252894,39.2745772835367]]}},{"type":"Feature","id":67707,"properties":{"OBJECTID":67707,"PRIMENAME":"West 28th Street","ELEVTYP_F":0,"ELEVTYP_T":0},"geometry":{"type":"LineString","coordinates":[[-74.608451412343,39.2615627207233],[-74.6084482283337,39.2615606644032],[-74.6079445026895,39.2612351293456]]}},{"type":"Feature","id":67827,"properties":{"OBJECTID":67827,"PRIMENAME":"Bartram Lane","ELEVTYP_F":0,"ELEVTYP_T":0},"geometry":{"type":"LineString","coordinates":[[-74.61709307269,39.25070548527],[-74.6177737183796,39.2510794048691],[-74.6178342206725,39.2511126427132],[-74.6179170763367,39.251159236066]]}},{"type":"Feature","id":67875,"properties":{"OBJECTID":67875,"PRIMENAME":"5th Street","ELEVTYP_F":0,"ELEVTYP_T":0},"geometry":{"type":"LineString","coordinates":[[-74.5737891683869,39.2856047351159],[-74.5733781475299,39.2852922856171]]}},{"type":"Feature","id":67938,"properties":{"OBJECTID":67938,"PRIMENAME":"Pine Avenue","ELEVTYP_F":0,"ELEVTYP_T":0},"geometry":{"type":"LineString","coordinates":[[-74.6484841778342,39.2635465188918],[-74.648525321864,39.263578069135]]}},{"type":"Feature","id":68075,"properties":{"OBJECTID":68075,"PRIMENAME":"East Seaspray Road","ELEVTYP_F":0,"ELEVTYP_T":0},"geometry":{"type":"LineString","coordinates":[[-74.5546166239986,39.2910158652876],[-74.5546958503609,39.2909787341156],[-74.5547935271871,39.2909502150587],[-74.5550255025642,39.2909121604008],[-74.5552696684355,39.2908740715688],[-74.5554772319857,39.2908423423472],[-74.5557336563574,39.2908011163494],[-74.5560429289627,39.2907471799088],[-74.5563197096149,39.2907122575707],[-74.5565027979621,39.2906963540604],[-74.5567063459308,39.2906804393985],[-74.5569383475521,39.2906771687975],[-74.5571662910948,39.2906802144779],[-74.5573942424129,39.2906927606608],[-74.5576791630885,39.2907179347154],[-74.5580088895074,39.2907462170093],[-74.5580249690301,39.2907483772716]]}},{"type":"Feature","id":68537,"properties":{"OBJECTID":68537,"PRIMENAME":"Unnamed Segment","ELEVTYP_F":0,"ELEVTYP_T":0},"geometry":{"type":"LineString","coordinates":[[-74.6088578089325,39.2578240990211],[-74.6093742877407,39.2573418231168],[-74.6101329809665,39.2566448754936]]}},{"type":"Feature","id":68555,"properties":{"OBJECTID":68555,"PRIMENAME":"Central Avenue","ELEVTYP_F":0,"ELEVTYP_T":0},"geometry":{"type":"LineString","coordinates":[[-74.5857051294846,39.270856001101],[-74.5853688225139,39.2711008640107],[-74.5842593676866,39.2719081160847]]}},{"type":"Feature","id":68563,"properties":{"OBJECTID":68563,"PRIMENAME":"Reef Drive","ELEVTYP_F":0,"ELEVTYP_T":0},"geometry":{"type":"LineString","coordinates":[[-74.6030225534138,39.2696669474619],[-74.6030745542635,39.2696309486805],[-74.6031295520627,39.2695989477785],[-74.6031835548551,39.269564947904],[-74.6032455528132,39.2695419471771]]}},{"type":"Feature","id":68610,"properties":{"OBJECTID":68610,"PRIMENAME":"West Avenue","ELEVTYP_F":0,"ELEVTYP_T":0},"geometry":{"type":"LineString","coordinates":[[-74.6247982746381,39.2379610169761],[-74.6244226147111,39.2383685833098],[-74.6236441427716,39.2392121595126]]}},{"type":"Feature","id":68689,"properties":{"OBJECTID":68689,"PRIMENAME":"Oxford Lane","ELEVTYP_F":0,"ELEVTYP_T":0},"geometry":{"type":"LineString","coordinates":[[-74.6179170763367,39.251159236066],[-74.6180854365424,39.2509802361617],[-74.6185980836547,39.2504289230319],[-74.6193051929199,39.2496681294602],[-74.6202201773357,39.2486599465155]]}},{"type":"Feature","id":68695,"properties":{"OBJECTID":68695,"PRIMENAME":"Haven Avenue","ELEVTYP_F":0,"ELEVTYP_T":0},"geometry":{"type":"LineString","coordinates":[[-74.5863974508025,39.2736758874592],[-74.5864834273818,39.2736129470978],[-74.5878366118551,39.2726236692536]]}},{"type":"Feature","id":68719,"properties":{"OBJECTID":68719,"PRIMENAME":"2nd Street","ELEVTYP_F":0,"ELEVTYP_T":0},"geometry":{"type":"LineString","coordinates":[[-74.5672603167929,39.2870962316119],[-74.567656931144,39.2873983038029]]}},{"type":"Feature","id":68913,"properties":{"OBJECTID":68913,"PRIMENAME":"Wesley Avenue","ELEVTYP_F":0,"ELEVTYP_T":0},"geometry":{"type":"LineString","coordinates":[[-74.590728095619,39.2660346447666],[-74.5903625420257,39.2663034331199],[-74.5896652797668,39.2667969101853],[-74.5892786522191,39.2670830089498]]}},{"type":"Feature","id":69000,"properties":{"OBJECTID":69000,"PRIMENAME":"East 8th Street","ELEVTYP_F":0,"ELEVTYP_T":0},"geometry":{"type":"LineString","coordinates":[[-74.569499978183,39.2758818201246],[-74.5708239059747,39.2768864196553],[-74.5716598689009,39.2775241489969]]}},{"type":"Feature","id":69016,"properties":{"OBJECTID":69016,"PRIMENAME":"56th Street","ELEVTYP_F":0,"ELEVTYP_T":0},"geometry":{"type":"LineString","coordinates":[[-74.6384565454177,39.2245981358574],[-74.6382080559469,39.2244694365651],[-74.6380005975178,39.2243643286258]]}},{"type":"Feature","id":69144,"properties":{"OBJECTID":69144,"PRIMENAME":"West Aberdeen Road","ELEVTYP_F":0,"ELEVTYP_T":0},"geometry":{"type":"LineString","coordinates":[[-74.557261807198,39.2959821507302],[-74.5573938994752,39.2960291751303]]}},{"type":"Feature","id":69158,"properties":{"OBJECTID":69158,"PRIMENAME":"Asbury Avenue","ELEVTYP_F":0,"ELEVTYP_T":0},"geometry":{"type":"LineString","coordinates":[[-74.6351474553163,39.2247602862062],[-74.6360691350097,39.2236466959409],[-74.6362221968919,39.2234635962335]]}},{"type":"Feature","id":69233,"properties":{"OBJECTID":69233,"PRIMENAME":"East 16th Street","ELEVTYP_F":0,"ELEVTYP_T":0},"geometry":{"type":"LineString","coordinates":[[-74.5857051294846,39.270856001101],[-74.5860456837501,39.2711388336893]]}},{"type":"Feature","id":69563,"properties":{"OBJECTID":69563,"PRIMENAME":"50th Street","ELEVTYP_F":0,"ELEVTYP_T":0},"geometry":{"type":"LineString","coordinates":[[-74.6285282509301,39.2305672641201],[-74.6289241674241,39.2307693519368]]}},{"type":"Feature","id":69580,"properties":{"OBJECTID":69580,"PRIMENAME":"East Inlet Road","ELEVTYP_F":0,"ELEVTYP_T":0},"geometry":{"type":"LineString","coordinates":[[-74.5579390352314,39.2915201834625],[-74.5578288491758,39.2915035721667],[-74.5574949109338,39.291472216047],[-74.5571970590676,39.2914512763492],[-74.55692632184,39.291447921961],[-74.5566826220808,39.291451527934],[-74.556493172291,39.2914691652881],[-74.5562900920244,39.2914973241996],[-74.556091577053,39.2915359697086],[-74.5559021227831,39.2915921828297],[-74.5557306670173,39.2916658773541],[-74.5555953515393,39.2917326081489],[-74.5554487543401,39.2918294919095]]}},{"type":"Feature","id":69582,"properties":{"OBJECTID":69582,"PRIMENAME":"Bay Avenue","ELEVTYP_F":0,"ELEVTYP_T":0},"geometry":{"type":"LineString","coordinates":[[-74.5980014208775,39.2675553691702],[-74.5979905884248,39.2675633685931],[-74.5972520285514,39.2681003363991],[-74.5965497359358,39.2686123652418]]}},{"type":"Feature","id":69596,"properties":{"OBJECTID":69596,"PRIMENAME":"North Street","ELEVTYP_F":0,"ELEVTYP_T":0},"geometry":{"type":"LineString","coordinates":[[-74.5649099653085,39.2896170539925],[-74.5653209054541,39.2899307402993],[-74.5653302045565,39.2899378470596]]}},{"type":"Feature","id":69609,"properties":{"OBJECTID":69609,"PRIMENAME":"West 17th Street","ELEVTYP_F":0,"ELEVTYP_T":0},"geometry":{"type":"LineString","coordinates":[[-74.5913043399268,39.2732516644717],[-74.5913294818976,39.2732725519554],[-74.5914423285717,39.2733663003191],[-74.5915810917659,39.2734799733125],[-74.5921712052407,39.2739633847223],[-74.5924539091851,39.2741985510168],[-74.5925901408357,39.2742910005145],[-74.5927093333693,39.2743728652383]]}},{"type":"Feature","id":69630,"properties":{"OBJECTID":69630,"PRIMENAME":"Atlantic Avenue","ELEVTYP_F":0,"ELEVTYP_T":0},"geometry":{"type":"LineString","coordinates":[[-74.5661118732295,39.2819113438643],[-74.5659154436522,39.2820663956621],[-74.5657750407578,39.2821773463915]]}},{"type":"Feature","id":69709,"properties":{"OBJECTID":69709,"PRIMENAME":"48th Street","ELEVTYP_F":0,"ELEVTYP_T":0},"geometry":{"type":"LineString","coordinates":[[-74.6287134525519,39.2344686628204],[-74.6282615727477,39.2342179264514]]}},{"type":"Feature","id":69823,"properties":{"OBJECTID":69823,"PRIMENAME":"Central Avenue","ELEVTYP_F":0,"ELEVTYP_T":0},"geometry":{"type":"LineString","coordinates":[[-74.5741467044292,39.2794204010386],[-74.5728235647112,39.2804633150665],[-74.5727596365055,39.2805138488019]]}},{"type":"Feature","id":69856,"properties":{"OBJECTID":69856,"PRIMENAME":"35th Street","ELEVTYP_F":0,"ELEVTYP_T":0},"geometry":{"type":"LineString","coordinates":[[-74.6115390145218,39.2495496598674],[-74.6111517231946,39.2492983022609]]}},{"type":"Feature","id":69967,"properties":{"OBJECTID":69967,"PRIMENAME":"East 8th Street","ELEVTYP_F":0,"ELEVTYP_T":0},"geometry":{"type":"LineString","coordinates":[[-74.5759802722627,39.2808092350618],[-74.5763782248847,39.2811058684658]]}},{"type":"Feature","id":70130,"properties":{"OBJECTID":70130,"PRIMENAME":"Battersea Road","ELEVTYP_F":0,"ELEVTYP_T":0},"geometry":{"type":"LineString","coordinates":[[-74.5619865375405,39.2901476350056],[-74.561589260361,39.2898450440356],[-74.5614512255706,39.2897399065393],[-74.5612820741519,39.2896086407446],[-74.5612671532069,39.2895975558928]]}},{"type":"Feature","id":70138,"properties":{"OBJECTID":70138,"PRIMENAME":"Gardens Parkway","ELEVTYP_F":0,"ELEVTYP_T":0},"geometry":{"type":"LineString","coordinates":[[-74.5574907402651,39.2952731523188],[-74.5574069758024,39.2954259645593],[-74.557316686682,39.295593552489]]}},{"type":"Feature","id":70442,"properties":{"OBJECTID":70442,"PRIMENAME":"Pennlyn Place","ELEVTYP_F":0,"ELEVTYP_T":0},"geometry":{"type":"LineString","coordinates":[[-74.5612060107127,39.2816235569197],[-74.5620498976612,39.2822676383104],[-74.5638836688706,39.283672230069]]}},{"type":"Feature","id":70479,"properties":{"OBJECTID":70479,"PRIMENAME":"1st Street","ELEVTYP_F":0,"ELEVTYP_T":0},"geometry":{"type":"LineString","coordinates":[[-74.5628243659571,39.2858660243314],[-74.5623874024008,39.2855299647315]]}},{"type":"Feature","id":70573,"properties":{"OBJECTID":70573,"PRIMENAME":"Atlantic Avenue","ELEVTYP_F":0,"ELEVTYP_T":0},"geometry":{"type":"LineString","coordinates":[[-74.5629907524211,39.2843772111371],[-74.5626481410615,39.2846483423203]]}},{"type":"Feature","id":70880,"properties":{"OBJECTID":70880,"PRIMENAME":"West Avenue","ELEVTYP_F":0,"ELEVTYP_T":0},"geometry":{"type":"LineString","coordinates":[[-74.6054809482957,39.2576385205477],[-74.6049239271566,39.2581651038799],[-74.6042798317938,39.2587588397466],[-74.6042127484165,39.2588207612587]]}},{"type":"Feature","id":71009,"properties":{"OBJECTID":71009,"PRIMENAME":"Adams Avenue","ELEVTYP_F":0,"ELEVTYP_T":0},"geometry":{"type":"LineString","coordinates":[[-74.6391736180113,39.2767122689005],[-74.6397022937914,39.2763237219982]]}},{"type":"Feature","id":71033,"properties":{"OBJECTID":71033,"PRIMENAME":"Waverly Boulevard","ELEVTYP_F":0,"ELEVTYP_T":0},"geometry":{"type":"LineString","coordinates":[[-74.5545721569067,39.2924508747605],[-74.5545626856628,39.2924495333741],[-74.5543632019719,39.2924274962404],[-74.5542370036997,39.292405397624],[-74.5540782920304,39.2923770262524],[-74.5538868762277,39.2923233261314],[-74.5537403006087,39.2922696329322],[-74.5536548014222,39.292238014842],[-74.5536140787129,39.2922159301771],[-74.5535937083217,39.292193782082],[-74.5535896209309,39.2921621534647]]}},{"type":"Feature","id":71067,"properties":{"OBJECTID":71067,"PRIMENAME":"54th Street","ELEVTYP_F":0,"ELEVTYP_T":0},"geometry":{"type":"LineString","coordinates":[[-74.6344811347474,39.2262522941982],[-74.634676223618,39.2263505583489],[-74.6349170031055,39.2264719701345]]}},{"type":"Feature","id":71192,"properties":{"OBJECTID":71192,"PRIMENAME":"Grant Avenue","ELEVTYP_F":0,"ELEVTYP_T":0},"geometry":{"type":"LineString","coordinates":[[-74.6361121140723,39.2781463760083],[-74.6370851980301,39.2773552379449]]}},{"type":"Feature","id":71244,"properties":{"OBJECTID":71244,"PRIMENAME":"Ocean Avenue","ELEVTYP_F":0,"ELEVTYP_T":0},"geometry":{"type":"LineString","coordinates":[[-74.5655991465529,39.2836690250717],[-74.5651705483254,39.2840102825116],[-74.5647596678765,39.2843360704077]]}},{"type":"Feature","id":71263,"properties":{"OBJECTID":71263,"PRIMENAME":"1st Street","ELEVTYP_F":0,"ELEVTYP_T":0},"geometry":{"type":"LineString","coordinates":[[-74.5592740621695,39.2831540543389],[-74.558429513182,39.2825031439468]]}},{"type":"Feature","id":71332,"properties":{"OBJECTID":71332,"PRIMENAME":"1st Street","ELEVTYP_F":0,"ELEVTYP_T":0},"geometry":{"type":"LineString","coordinates":[[-74.5636516331514,39.286500931333],[-74.5634382224837,39.2863381451296],[-74.5632653286783,39.2862051546004]]}},{"type":"Feature","id":71369,"properties":{"OBJECTID":71369,"PRIMENAME":"Cedar Hollow Court","ELEVTYP_F":0,"ELEVTYP_T":0},"geometry":{"type":"LineString","coordinates":[[-74.6339171196028,39.2786644281181],[-74.6337003690623,39.2785096538582],[-74.6334570026307,39.2783278102727],[-74.6332897043453,39.2781867629272],[-74.6330874446956,39.277977441468],[-74.6327395032599,39.277566366555],[-74.6321479485341,39.2768553232796],[-74.6315822399383,39.2761670358028],[-74.6314998806574,39.2760668294866]]}},{"type":"Feature","id":71404,"properties":{"OBJECTID":71404,"PRIMENAME":"Central Avenue","ELEVTYP_F":0,"ELEVTYP_T":0},"geometry":{"type":"LineString","coordinates":[[-74.6299982247886,39.2294874102936],[-74.6295627574955,39.230006702083],[-74.6289241674241,39.2307693519368]]}},{"type":"Feature","id":71482,"properties":{"OBJECTID":71482,"PRIMENAME":"Simpson Avenue","ELEVTYP_F":0,"ELEVTYP_T":0},"geometry":{"type":"LineString","coordinates":[[-74.637844949825,39.2261117611893],[-74.6368308321094,39.2273282196004],[-74.6367659562152,39.2274059175902]]}},{"type":"Feature","id":71681,"properties":{"OBJECTID":71681,"PRIMENAME":"Central Avenue","ELEVTYP_F":0,"ELEVTYP_T":0},"geometry":{"type":"LineString","coordinates":[[-74.5957919713612,39.2634913495982],[-74.5944250640544,39.2644893263181],[-74.5943552666741,39.2645401515473]]}},{"type":"Feature","id":71824,"properties":{"OBJECTID":71824,"PRIMENAME":"West 14th Street","ELEVTYP_F":0,"ELEVTYP_T":0},"geometry":{"type":"LineString","coordinates":[[-74.5881730889169,39.2773912902497],[-74.5878148519433,39.2770955462335]]}},{"type":"Feature","id":72066,"properties":{"OBJECTID":72066,"PRIMENAME":"Saint Charles Place","ELEVTYP_F":0,"ELEVTYP_T":0},"geometry":{"type":"LineString","coordinates":[[-74.5590597972625,39.2819085169466],[-74.5599661073021,39.2826066445432]]}},{"type":"Feature","id":72150,"properties":{"OBJECTID":72150,"PRIMENAME":"Spinnaker Court","ELEVTYP_F":0,"ELEVTYP_T":0},"geometry":{"type":"LineString","coordinates":[[-74.6047805540423,39.2691989478124],[-74.6047115544879,39.269118948286],[-74.6046695551835,39.2690849493278],[-74.6046185542613,39.2690459471604],[-74.6045635538891,39.2690029471034],[-74.6045025533153,39.2689579462709],[-74.6044415547741,39.2689189466906],[-74.6043625530277,39.2688769481575],[-74.6043145540533,39.2688489476258],[-74.6042475532757,39.2688119468423]]}},{"type":"Feature","id":72179,"properties":{"OBJECTID":72179,"PRIMENAME":"Bay Avenue","ELEVTYP_F":0,"ELEVTYP_T":0},"geometry":{"type":"LineString","coordinates":[[-74.5806898288515,39.2801869633459],[-74.5802487274751,39.2805093948892],[-74.579347567378,39.2812109923826]]}},{"type":"Feature","id":72246,"properties":{"OBJECTID":72246,"PRIMENAME":"Allendale Road","ELEVTYP_F":0,"ELEVTYP_T":0},"geometry":{"type":"LineString","coordinates":[[-74.6436704962606,39.2669281412889],[-74.6428700500975,39.2676717866216],[-74.6424185712894,39.2680982273596]]}},{"type":"Feature","id":72286,"properties":{"OBJECTID":72286,"PRIMENAME":"West Avenue","ELEVTYP_F":0,"ELEVTYP_T":0},"geometry":{"type":"LineString","coordinates":[[-74.6259514165721,39.2367123086753],[-74.6253689457901,39.2373418188678],[-74.6247982746381,39.2379610169761]]}},{"type":"Feature","id":72386,"properties":{"OBJECTID":72386,"PRIMENAME":"Landing Road","ELEVTYP_F":0,"ELEVTYP_T":0},"geometry":{"type":"LineString","coordinates":[[-74.5618556261405,39.2929199338913],[-74.5611858674963,39.2922963257529]]}},{"type":"Feature","id":72406,"properties":{"OBJECTID":72406,"PRIMENAME":"Tioga Avenue","ELEVTYP_F":0,"ELEVTYP_T":0},"geometry":{"type":"LineString","coordinates":[[-74.5803040602903,39.279867025662],[-74.5805412343911,39.2796920150047],[-74.5817491960908,39.2788138085352]]}},{"type":"Feature","id":72534,"properties":{"OBJECTID":72534,"PRIMENAME":"Marine Place","ELEVTYP_F":0,"ELEVTYP_T":0},"geometry":{"type":"LineString","coordinates":[[-74.5860911440842,39.2767945300106],[-74.5863452578232,39.2770054910278],[-74.5867532173797,39.2773441699624]]}},{"type":"Feature","id":72680,"properties":{"OBJECTID":72680,"PRIMENAME":"Sunset Place","ELEVTYP_F":0,"ELEVTYP_T":0},"geometry":{"type":"LineString","coordinates":[[-74.5883867726295,39.2745697988689],[-74.5900025067091,39.2759144272298],[-74.5905823026685,39.2763904415912]]}},{"type":"Feature","id":72841,"properties":{"OBJECTID":72841,"PRIMENAME":"West 18th Street","ELEVTYP_F":0,"ELEVTYP_T":0},"geometry":{"type":"LineString","coordinates":[[-74.5940117859691,39.2732498398187],[-74.5944567673544,39.2736088936468]]}},{"type":"Feature","id":72875,"properties":{"OBJECTID":72875,"PRIMENAME":"32nd Street","ELEVTYP_F":0,"ELEVTYP_T":0},"geometry":{"type":"LineString","coordinates":[[-74.6101240941425,39.2546438566076],[-74.6097040567715,39.2543797300485]]}},{"type":"Feature","id":72919,"properties":{"OBJECTID":72919,"PRIMENAME":"Waverly Boulevard","ELEVTYP_F":0,"ELEVTYP_T":0},"geometry":{"type":"LineString","coordinates":[[-74.5572573963188,39.2933865839584],[-74.5572539639521,39.2933812870233],[-74.5572172770305,39.2933275441221],[-74.5571479987002,39.2932580015141],[-74.5569770261088,39.2931474060597],[-74.5568222234478,39.2930620632567],[-74.5566552634233,39.2929735678879],[-74.5565454698442,39.2929212881224]]}},{"type":"Feature","id":73091,"properties":{"OBJECTID":73091,"PRIMENAME":"East 6th Street","ELEVTYP_F":0,"ELEVTYP_T":0},"geometry":{"type":"LineString","coordinates":[[-74.5720794318477,39.2821555205113],[-74.572435059302,39.2824259444775]]}},{"type":"Feature","id":73143,"properties":{"OBJECTID":73143,"PRIMENAME":"54th Street","ELEVTYP_F":0,"ELEVTYP_T":0},"geometry":{"type":"LineString","coordinates":[[-74.6353883879708,39.2267096431748],[-74.6358458895492,39.226940329238]]}},{"type":"Feature","id":73219,"properties":{"OBJECTID":73219,"PRIMENAME":"Haven Avenue","ELEVTYP_F":0,"ELEVTYP_T":0},"geometry":{"type":"LineString","coordinates":[[-74.6126749433684,39.2522844606076],[-74.6126635536999,39.2522950707458],[-74.6119848799431,39.2528999210351],[-74.6113875666443,39.2534633947652]]}},{"type":"Feature","id":73310,"properties":{"OBJECTID":73310,"PRIMENAME":"West Avenue","ELEVTYP_F":0,"ELEVTYP_T":0},"geometry":{"type":"LineString","coordinates":[[-74.5658735224955,39.2881920397474],[-74.5656173706231,39.2883944060304],[-74.5651410743827,39.2887685014552],[-74.5649381852666,39.2889161142625],[-74.5644336521437,39.289253430292]]}},{"type":"Feature","id":73473,"properties":{"OBJECTID":73473,"PRIMENAME":"East 11th Street","ELEVTYP_F":0,"ELEVTYP_T":0},"geometry":{"type":"LineString","coordinates":[[-74.5817491960908,39.2788138085352],[-74.5821373288121,39.2791308022408]]}},{"type":"Feature","id":73658,"properties":{"OBJECTID":73658,"PRIMENAME":"5th Street","ELEVTYP_F":0,"ELEVTYP_T":0},"geometry":{"type":"LineString","coordinates":[[-74.5707012497224,39.2832467965132],[-74.5703468974337,39.2829774646202]]}},{"type":"Feature","id":73737,"properties":{"OBJECTID":73737,"PRIMENAME":"11th Street","ELEVTYP_F":0,"ELEVTYP_T":0},"geometry":{"type":"LineString","coordinates":[[-74.5755869467096,39.2737036976005],[-74.5769418635711,39.2748347851293]]}},{"type":"Feature","id":73776,"properties":{"OBJECTID":73776,"PRIMENAME":"12th Street","ELEVTYP_F":0,"ELEVTYP_T":0},"geometry":{"type":"LineString","coordinates":[[-74.5799485731376,39.2750720487482],[-74.5802789753067,39.2753457336908]]}},{"type":"Feature","id":74024,"properties":{"OBJECTID":74024,"PRIMENAME":"East 8th Street","ELEVTYP_F":0,"ELEVTYP_T":0},"geometry":{"type":"LineString","coordinates":[[-74.5716598689009,39.2775241489969],[-74.5723202001528,39.2780279364178],[-74.5725269605925,39.2781855490077]]}},{"type":"Feature","id":74382,"properties":{"OBJECTID":74382,"PRIMENAME":"Marlin Court","ELEVTYP_F":0,"ELEVTYP_T":0},"geometry":{"type":"LineString","coordinates":[[-74.6039965535825,39.2694319477667],[-74.6039845526328,39.2693759479818],[-74.6039685526731,39.269331948032],[-74.6039455534801,39.2692859490945],[-74.6039115536927,39.2692389483439],[-74.6038835529523,39.269189948709],[-74.6038605540664,39.2691409482093],[-74.6038125520523,39.269106947089],[-74.6037425521488,39.2691069482153],[-74.6036825547817,39.2691329471694],[-74.6036225530509,39.2691599478122],[-74.6035585527501,39.2691859484625],[-74.6035045535467,39.2692039480824],[-74.6034465536987,39.2692179479715],[-74.6033815543867,39.2692479472666],[-74.6033285527576,39.2692729480202],[-74.6032635532652,39.269313948106],[-74.6032255554708,39.2693639486728],[-74.6032315549273,39.2694159487955],[-74.6032455528132,39.2695419471771]]}},{"type":"Feature","id":74522,"properties":{"OBJECTID":74522,"PRIMENAME":"Bridge Boulevard","ELEVTYP_F":0,"ELEVTYP_T":0},"geometry":{"type":"LineString","coordinates":[[-74.558191305503,39.2945274831435],[-74.5581743537291,39.2945398472591],[-74.5579687380424,39.2946735558027]]}},{"type":"Feature","id":74876,"properties":{"OBJECTID":74876,"PRIMENAME":"Haven Avenue","ELEVTYP_F":0,"ELEVTYP_T":0},"geometry":{"type":"LineString","coordinates":[[-74.6358458895492,39.226940329238],[-74.6361743188103,39.2265454381187],[-74.6368736533755,39.2257104093833],[-74.6369266946076,39.2256471132815]]}},{"type":"Feature","id":74921,"properties":{"OBJECTID":74921,"PRIMENAME":"Spruce Road","ELEVTYP_F":0,"ELEVTYP_T":0},"geometry":{"type":"LineString","coordinates":[[-74.6004691716571,39.2737214052631],[-74.6003645105581,39.2736777290394],[-74.600211451662,39.2735589990858]]}},{"type":"Feature","id":75147,"properties":{"OBJECTID":75147,"PRIMENAME":"Hollyberry Lane","ELEVTYP_F":0,"ELEVTYP_T":0},"geometry":{"type":"LineString","coordinates":[[-74.640729603524,39.2670706376116],[-74.6424185712894,39.2680982273596]]}},{"type":"Feature","id":75212,"properties":{"OBJECTID":75212,"PRIMENAME":"Highland Avenue","ELEVTYP_F":0,"ELEVTYP_T":0},"geometry":{"type":"LineString","coordinates":[[-74.6312970987138,39.2774834336113],[-74.631072372747,39.2772140851513],[-74.6307532313884,39.2768373480934]]}},{"type":"Feature","id":75242,"properties":{"OBJECTID":75242,"PRIMENAME":"East 11th Street","ELEVTYP_F":0,"ELEVTYP_T":0},"geometry":{"type":"LineString","coordinates":[[-74.5781476309602,39.2758311154173],[-74.5784083342738,39.2760462863093],[-74.578500587886,39.2761226922791]]}},{"type":"Feature","id":75550,"properties":{"OBJECTID":75550,"PRIMENAME":"Ferndale Drive","ELEVTYP_F":0,"ELEVTYP_T":0},"geometry":{"type":"LineString","coordinates":[[-74.6002594916115,39.2741521693762],[-74.6004330924336,39.2738121276256],[-74.6004691716571,39.2737214052631]]}},{"type":"Feature","id":75662,"properties":{"OBJECTID":75662,"PRIMENAME":"East 6th Street","ELEVTYP_F":0,"ELEVTYP_T":0},"geometry":{"type":"LineString","coordinates":[[-74.571018114235,39.2813439638709],[-74.5713685381861,39.2816130493813]]}},{"type":"Feature","id":75904,"properties":{"OBJECTID":75904,"PRIMENAME":"East 7th Street","ELEVTYP_F":0,"ELEVTYP_T":0},"geometry":{"type":"LineString","coordinates":[[-74.57114318205,39.2792843851367],[-74.5707260209854,39.2789654770834]]}},{"type":"Feature","id":75947,"properties":{"OBJECTID":75947,"PRIMENAME":"East 55th Street","ELEVTYP_F":0,"ELEVTYP_T":0},"geometry":{"type":"LineString","coordinates":[[-74.637844949825,39.2261117611893],[-74.6377108971973,39.2260513488385],[-74.6373833548525,39.2258820768844]]}},{"type":"Feature","id":76010,"properties":{"OBJECTID":76010,"PRIMENAME":"Frederick Avenue","ELEVTYP_F":0,"ELEVTYP_T":0},"geometry":{"type":"LineString","coordinates":[[-74.6462406584883,39.2723369641741],[-74.6466450711131,39.2722071055538]]}},{"type":"Feature","id":76054,"properties":{"OBJECTID":76054,"PRIMENAME":"Roosevelt Boulevard","ELEVTYP_F":0,"ELEVTYP_T":0},"geometry":{"type":"LineString","coordinates":[[-74.6419892386822,39.2614716898553],[-74.6414820927987,39.2611586084704],[-74.6414619954269,39.2611460853001]]}},{"type":"Feature","id":76071,"properties":{"OBJECTID":76071,"PRIMENAME":"West Avenue","ELEVTYP_F":0,"ELEVTYP_T":0},"geometry":{"type":"LineString","coordinates":[[-74.5827605049032,39.2751528400573],[-74.5824913026038,39.2753503652945],[-74.5813215307112,39.2762013980017]]}},{"type":"Feature","id":76115,"properties":{"OBJECTID":76115,"PRIMENAME":"22nd Street","ELEVTYP_F":0,"ELEVTYP_T":0},"geometry":{"type":"LineString","coordinates":[[-74.5964614643124,39.2662843213616],[-74.5965033549532,39.266321782553]]}},{"type":"Feature","id":76216,"properties":{"OBJECTID":76216,"PRIMENAME":"East 8th Street","ELEVTYP_F":0,"ELEVTYP_T":0},"geometry":{"type":"LineString","coordinates":[[-74.5763782248847,39.2811058684658],[-74.5765193042201,39.281211045875],[-74.5767476162628,39.2813847542164]]}},{"type":"Feature","id":76249,"properties":{"OBJECTID":76249,"PRIMENAME":"East 17th Street","ELEVTYP_F":0,"ELEVTYP_T":0},"geometry":{"type":"LineString","coordinates":[[-74.5881617081962,39.2706503531738],[-74.5879648543526,39.2704864179636],[-74.5878287511827,39.2703737817452]]}},{"type":"Feature","id":76311,"properties":{"OBJECTID":76311,"PRIMENAME":"East 10th Street","ELEVTYP_F":0,"ELEVTYP_T":0},"geometry":{"type":"LineString","coordinates":[[-74.5770487063636,39.2771708492515],[-74.5767025018537,39.2768838217553]]}},{"type":"Feature","id":76353,"properties":{"OBJECTID":76353,"PRIMENAME":"South Inlet Drive","ELEVTYP_F":0,"ELEVTYP_T":0},"geometry":{"type":"LineString","coordinates":[[-74.6401755641755,39.2259169364714],[-74.6395756104003,39.2256134447963]]}},{"type":"Feature","id":76441,"properties":{"OBJECTID":76441,"PRIMENAME":"Pennlyn Place","ELEVTYP_F":0,"ELEVTYP_T":0},"geometry":{"type":"LineString","coordinates":[[-74.5643178314428,39.2840024375774],[-74.5647596678765,39.2843360704077]]}},{"type":"Feature","id":76908,"properties":{"OBJECTID":76908,"PRIMENAME":"East 8th Street","ELEVTYP_F":0,"ELEVTYP_T":0},"geometry":{"type":"LineString","coordinates":[[-74.5737837664776,39.2791436990514],[-74.5740014583879,39.2793096761057],[-74.5741467044292,39.2794204010386]]}},{"type":"Feature","id":77119,"properties":{"OBJECTID":77119,"PRIMENAME":"Margate Avenue","ELEVTYP_F":0,"ELEVTYP_T":0},"geometry":{"type":"LineString","coordinates":[[-74.6368241478683,39.2719348503598],[-74.6380419201776,39.2727740402562],[-74.6382850671806,39.2729376438483]]}},{"type":"Feature","id":77256,"properties":{"OBJECTID":77256,"PRIMENAME":"Simpson Avenue","ELEVTYP_F":0,"ELEVTYP_T":0},"geometry":{"type":"LineString","coordinates":[[-74.5729878504095,39.2849955274786],[-74.57160006662,39.2861023335565]]}},{"type":"Feature","id":77345,"properties":{"OBJECTID":77345,"PRIMENAME":"Central Avenue","ELEVTYP_F":0,"ELEVTYP_T":0},"geometry":{"type":"LineString","coordinates":[[-74.6090026810002,39.2519158008052],[-74.6083735393782,39.2524828030878],[-74.6077315562387,39.2530887484011]]}},{"type":"Feature","id":77354,"properties":{"OBJECTID":77354,"PRIMENAME":"Fiftyfourth Street","ELEVTYP_F":0,"ELEVTYP_T":0},"geometry":{"type":"LineString","coordinates":[[-74.6328051773101,39.2254082556201],[-74.6332291974595,39.2256218293761]]}},{"type":"Feature","id":77372,"properties":{"OBJECTID":77372,"PRIMENAME":"Nautilus Road","ELEVTYP_F":0,"ELEVTYP_T":0},"geometry":{"type":"LineString","coordinates":[[-74.6232950025678,39.2524764741845],[-74.6232929679718,39.2524837243844],[-74.6233078172364,39.252634724031]]}},{"type":"Feature","id":77385,"properties":{"OBJECTID":77385,"PRIMENAME":"Corinthian Avenue","ELEVTYP_F":0,"ELEVTYP_T":0},"geometry":{"type":"LineString","coordinates":[[-74.5583514488149,39.2838835065517],[-74.5588082911884,39.2835222977295]]}},{"type":"Feature","id":77470,"properties":{"OBJECTID":77470,"PRIMENAME":"Wesley Avenue","ELEVTYP_F":0,"ELEVTYP_T":0},"geometry":{"type":"LineString","coordinates":[[-74.5820717092057,39.2723358678456],[-74.5818992226868,39.2724617982455],[-74.5806299249996,39.2733880995781]]}},{"type":"Feature","id":77730,"properties":{"OBJECTID":77730,"PRIMENAME":"Moorlyn Terrace","ELEVTYP_F":0,"ELEVTYP_T":0},"geometry":{"type":"LineString","coordinates":[[-74.5731047690406,39.277729344566],[-74.5722311103609,39.2770712201626]]}},{"type":"Feature","id":77904,"properties":{"OBJECTID":77904,"PRIMENAME":"North Street","ELEVTYP_F":0,"ELEVTYP_T":0},"geometry":{"type":"LineString","coordinates":[[-74.5644336521437,39.289253430292],[-74.5645064902044,39.2893090174334]]}},{"type":"Feature","id":78015,"properties":{"OBJECTID":78015,"PRIMENAME":"Haven Avenue","ELEVTYP_F":0,"ELEVTYP_T":0},"geometry":{"type":"LineString","coordinates":[[-74.5878366118551,39.2726236692536],[-74.5878935736006,39.2725820010403],[-74.5892721658682,39.271574895014]]}},{"type":"Feature","id":78220,"properties":{"OBJECTID":78220,"PRIMENAME":"East 8th Street","ELEVTYP_F":0,"ELEVTYP_T":0},"geometry":{"type":"LineString","coordinates":[[-74.5725269605925,39.2781855490077],[-74.5729820971409,39.2785325144921]]}},{"type":"Feature","id":78469,"properties":{"OBJECTID":78469,"PRIMENAME":"East 52nd Street","ELEVTYP_F":0,"ELEVTYP_T":0},"geometry":{"type":"LineString","coordinates":[[-74.6310828111377,39.2281932016601],[-74.6315019352788,39.228406072746]]}},{"type":"Feature","id":78741,"properties":{"OBJECTID":78741,"PRIMENAME":"West Avenue","ELEVTYP_F":0,"ELEVTYP_T":0},"geometry":{"type":"LineString","coordinates":[[-74.6029509601792,39.2599974358912],[-74.6026614236074,39.2602678155545],[-74.6022046590304,39.2606917995858],[-74.6017399600265,39.2611281723675],[-74.6016826769159,39.2611807476888]]}},{"type":"Feature","id":78947,"properties":{"OBJECTID":78947,"PRIMENAME":"West Atlantic Boulevard","ELEVTYP_F":0,"ELEVTYP_T":0},"geometry":{"type":"LineString","coordinates":[[-74.5584658703411,39.2932140474734],[-74.5586036212487,39.2932720225549]]}},{"type":"Feature","id":79355,"properties":{"OBJECTID":79355,"PRIMENAME":"49th Street","ELEVTYP_F":0,"ELEVTYP_T":0},"geometry":{"type":"LineString","coordinates":[[-74.6281849846897,39.2322911664949],[-74.6285839487256,39.232514531433]]}},{"type":"Feature","id":79499,"properties":{"OBJECTID":79499,"PRIMENAME":"North Street","ELEVTYP_F":0,"ELEVTYP_T":0},"geometry":{"type":"LineString","coordinates":[[-74.5614405934343,39.2869545843281],[-74.5618908509331,39.2872951984856]]}},{"type":"Feature","id":79617,"properties":{"OBJECTID":79617,"PRIMENAME":"Haven Avenue","ELEVTYP_F":0,"ELEVTYP_T":0},"geometry":{"type":"LineString","coordinates":[[-74.6088529467548,39.2558218686581],[-74.608553359072,39.2560990539542],[-74.6075889645921,39.2570010400777]]}},{"type":"Feature","id":79682,"properties":{"OBJECTID":79682,"PRIMENAME":"Central Avenue","ELEVTYP_F":0,"ELEVTYP_T":0},"geometry":{"type":"LineString","coordinates":[[-74.6254803151578,39.2345524212034],[-74.6246248511583,39.2354709624758],[-74.6243195373345,39.2358003100827]]}},{"type":"Feature","id":79871,"properties":{"OBJECTID":79871,"PRIMENAME":"30th Street","ELEVTYP_F":0,"ELEVTYP_T":0},"geometry":{"type":"LineString","coordinates":[[-74.6059614638836,39.2559629472053],[-74.6055783964444,39.2557121710602]]}},{"type":"Feature","id":79914,"properties":{"OBJECTID":79914,"PRIMENAME":"Simpson Avenue","ELEVTYP_F":0,"ELEVTYP_T":0},"geometry":{"type":"LineString","coordinates":[[-74.6001236991476,39.2648191593638],[-74.6009760334119,39.2642020371306],[-74.6015754297201,39.2637622838184]]}},{"type":"Feature","id":80071,"properties":{"OBJECTID":80071,"PRIMENAME":"Central Avenue","ELEVTYP_F":0,"ELEVTYP_T":0},"geometry":{"type":"LineString","coordinates":[[-74.6026640085037,39.2578271699991],[-74.6017505125249,39.2586792001977],[-74.6014089832979,39.2589962714518]]}},{"type":"Feature","id":80117,"properties":{"OBJECTID":80117,"PRIMENAME":"West Surf Road","ELEVTYP_F":0,"ELEVTYP_T":0},"geometry":{"type":"LineString","coordinates":[[-74.560468090465,39.2900170515432],[-74.5603663991359,39.2899346774352],[-74.5601833393273,39.2898153621386],[-74.5600003161941,39.2896989012331],[-74.5598172745558,39.2895994907783],[-74.5596562643038,39.2895228036572],[-74.5594903138229,39.289453065064]]}},{"type":"Feature","id":80391,"properties":{"OBJECTID":80391,"PRIMENAME":"Point Pleasant Avenue","ELEVTYP_F":0,"ELEVTYP_T":0},"geometry":{"type":"LineString","coordinates":[[-74.6293770535379,39.2780254444843],[-74.6293907978764,39.2780451707263],[-74.6294205520876,39.2780692724824],[-74.6301020463433,39.2784619461258]]}},{"type":"Feature","id":80573,"properties":{"OBJECTID":80573,"PRIMENAME":"Jones Avenue","ELEVTYP_F":0,"ELEVTYP_T":0},"geometry":{"type":"LineString","coordinates":[[-74.6355499205458,39.3074391050736],[-74.6355865185038,39.3074485354516],[-74.6356475207779,39.3074673824558],[-74.6357248010188,39.3075146555619],[-74.6358915836167,39.3076249480535],[-74.6360706268674,39.3077509857733],[-74.6361406581511,39.3077964005796],[-74.636158791212,39.3078156541615],[-74.6361750619131,39.3078408129748],[-74.6361855705589,39.3078652101291],[-74.6361887169314,39.3078834371891],[-74.6361808934595,39.307913320145],[-74.6361695110817,39.3079310975761],[-74.6361158059385,39.3079940095015],[-74.6360306123437,39.3080761780361],[-74.6359115612905,39.3082142331054]]}},{"type":"Feature","id":81407,"properties":{"OBJECTID":81407,"PRIMENAME":"Atlantic Avenue","ELEVTYP_F":0,"ELEVTYP_T":0},"geometry":{"type":"LineString","coordinates":[[-74.5619550039554,39.2851974160466],[-74.5617033724029,39.285398397666],[-74.5614858796675,39.2855692408558]]}},{"type":"Feature","id":81846,"properties":{"OBJECTID":81846,"PRIMENAME":"Bayshore Drive","ELEVTYP_F":0,"ELEVTYP_T":0},"geometry":{"type":"LineString","coordinates":[[-74.5968576046232,39.2744568297301],[-74.5968686075164,39.274495150585],[-74.5968932943258,39.2746443324129],[-74.5969098292897,39.274774465013],[-74.5968977108152,39.2749014919968],[-74.5968775330534,39.2750507111421],[-74.5968328084656,39.2752031080785],[-74.5967799177222,39.2753524084474],[-74.5967310814285,39.2754953086793],[-74.5967149000045,39.2755969132867],[-74.5967109545294,39.2757080357285],[-74.5967192950967,39.2758128052723],[-74.5967480311293,39.2759270579441],[-74.5967971823707,39.2760381083293],[-74.5968667706373,39.2761364842356],[-74.5969567512294,39.2762157880232],[-74.5970344435746,39.2762728615751],[-74.5971243327784,39.2763108968292],[-74.5972469689496,39.2763488776454],[-74.597610545183,39.2763930263259]]}},{"type":"Feature","id":82233,"properties":{"OBJECTID":82233,"PRIMENAME":"18th Street","ELEVTYP_F":0,"ELEVTYP_T":0},"geometry":{"type":"LineString","coordinates":[[-74.5885870232966,39.2687521636901],[-74.5888041351301,39.2689329413664],[-74.588929629134,39.2690369078425]]}},{"type":"Feature","id":82634,"properties":{"OBJECTID":82634,"PRIMENAME":"West Belfast Road","ELEVTYP_F":0,"ELEVTYP_T":0},"geometry":{"type":"LineString","coordinates":[[-74.5585129032255,39.294828470515],[-74.5585182301955,39.2948297109689],[-74.5586737142193,39.2948658690912],[-74.5588441672568,39.2948974405742],[-74.5590516491534,39.2949232827361],[-74.5590725341637,39.2949257430899],[-74.559244285873,39.2949461936092],[-74.5593074351732,39.2949498683315],[-74.5593133851306,39.2949502157193]]}},{"type":"Feature","id":83307,"properties":{"OBJECTID":83307,"PRIMENAME":"Crescent Road","ELEVTYP_F":0,"ELEVTYP_T":0},"geometry":{"type":"LineString","coordinates":[[-74.5583743964205,39.2922890106167],[-74.5585281317527,39.292323062809]]}},{"type":"Feature","id":83350,"properties":{"OBJECTID":83350,"PRIMENAME":"32nd Street","ELEVTYP_F":0,"ELEVTYP_T":0},"geometry":{"type":"LineString","coordinates":[[-74.6092708010486,39.2541073222621],[-74.6092355904842,39.2540840166975],[-74.608876060944,39.2538461074454]]}},{"type":"Feature","id":83614,"properties":{"OBJECTID":83614,"PRIMENAME":"Bartram Lane","ELEVTYP_F":0,"ELEVTYP_T":0},"geometry":{"type":"LineString","coordinates":[[-74.6209844998232,39.2511705599732],[-74.6226723910642,39.2510525949768],[-74.6231434202616,39.2510163215772],[-74.6232390221993,39.2509996911938],[-74.6232992033795,39.2509830982365],[-74.623410303362,39.2509437162517]]}},{"type":"Feature","id":83752,"properties":{"OBJECTID":83752,"PRIMENAME":"West 28th Street","ELEVTYP_F":0,"ELEVTYP_T":0},"geometry":{"type":"LineString","coordinates":[[-74.6079445026895,39.2612351293456],[-74.6075159682691,39.2609581843483]]}},{"type":"Feature","id":83951,"properties":{"OBJECTID":83951,"PRIMENAME":"East 6th Street","ELEVTYP_F":0,"ELEVTYP_T":0},"geometry":{"type":"LineString","coordinates":[[-74.5667398957585,39.2780767645845],[-74.567238773283,39.2784585712583],[-74.5687686980078,39.2796229849017],[-74.56888770341,39.2797139074944]]}},{"type":"Feature","id":84178,"properties":{"OBJECTID":84178,"PRIMENAME":"33rd Street","ELEVTYP_F":0,"ELEVTYP_T":0},"geometry":{"type":"LineString","coordinates":[[-74.6090026810002,39.2519158008052],[-74.6093907969223,39.2521700473106]]}},{"type":"Feature","id":84194,"properties":{"OBJECTID":84194,"PRIMENAME":"Clipper Drive","ELEVTYP_F":0,"ELEVTYP_T":0},"geometry":{"type":"LineString","coordinates":[[-74.6398342488489,39.2279659742574],[-74.6402053766285,39.2281560545152]]}},{"type":"Feature","id":84463,"properties":{"OBJECTID":84463,"PRIMENAME":"Roosevelt Boulevard","ELEVTYP_F":1,"ELEVTYP_T":0},"geometry":{"type":"LineString","coordinates":[[-74.6257876220699,39.252643301796],[-74.6257827743647,39.252642653032],[-74.625524426568,39.2526081382636],[-74.6252023729753,39.252579463017],[-74.6249177370968,39.2525616467459],[-74.6245857350398,39.2525586251775]]}},{"type":"Feature","id":84635,"properties":{"OBJECTID":84635,"PRIMENAME":"Ocean Road","ELEVTYP_F":0,"ELEVTYP_T":0},"geometry":{"type":"LineString","coordinates":[[-74.5607387646951,39.2874188402025],[-74.5607295107708,39.2874228536825],[-74.5605181804194,39.2874973724225],[-74.5603027373681,39.287556379872],[-74.5601113423376,39.2875998884982],[-74.5599238554407,39.2876278808613],[-74.5598241914587,39.2876386680951]]}},{"type":"Feature","id":84775,"properties":{"OBJECTID":84775,"PRIMENAME":"Homestead Court","ELEVTYP_F":0,"ELEVTYP_T":0},"geometry":{"type":"LineString","coordinates":[[-74.6403950758078,39.2711251650761],[-74.6403776088819,39.2711387840563],[-74.6403125250589,39.2711658808791],[-74.6402518162102,39.2711726534334],[-74.640182396445,39.2711693598369],[-74.6400695038209,39.271135750855],[-74.6396401351618,39.2709926924564],[-74.6395267186506,39.2709441749543],[-74.6390183642197,39.2706209803011],[-74.6386711556838,39.2704108755335],[-74.6385622100594,39.2703449487605]]}},{"type":"Feature","id":85002,"properties":{"OBJECTID":85002,"PRIMENAME":"East 18th Street","ELEVTYP_F":0,"ELEVTYP_T":0},"geometry":{"type":"LineString","coordinates":[[-74.5907128892613,39.2705139080349],[-74.5914635893931,39.2711337430756]]}},{"type":"Feature","id":85026,"properties":{"OBJECTID":85026,"PRIMENAME":"Old Tuckahoe Road","ELEVTYP_F":0,"ELEVTYP_T":0},"geometry":{"type":"LineString","coordinates":[[-74.651099617955,39.2678349564558],[-74.6510916765163,39.2678378223699],[-74.6508384224609,39.2679083032045],[-74.6504532838673,39.2680005358811],[-74.6497906052553,39.2681552048533],[-74.649270140391,39.2682800075187],[-74.6486764498019,39.2684231421402],[-74.6481113587774,39.2685593802945],[-74.6477017774342,39.2686553085085]]}},{"type":"Feature","id":85086,"properties":{"OBJECTID":85086,"PRIMENAME":"13th Street","ELEVTYP_F":0,"ELEVTYP_T":0},"geometry":{"type":"LineString","coordinates":[[-74.5827605049032,39.2751528400573],[-74.5828021591696,39.2751871317898],[-74.5831444521965,39.2754691471592]]}},{"type":"Feature","id":85290,"properties":{"OBJECTID":85290,"PRIMENAME":"Ocean Avenue","ELEVTYP_F":0,"ELEVTYP_T":0},"geometry":{"type":"LineString","coordinates":[[-74.5642118332761,39.2847703886259],[-74.5638949284723,39.2850216299558],[-74.5628243659571,39.2858660243314]]}},{"type":"Feature","id":85428,"properties":{"OBJECTID":85428,"PRIMENAME":"East 4th Street","ELEVTYP_F":0,"ELEVTYP_T":0},"geometry":{"type":"LineString","coordinates":[[-74.5674336431259,39.2829184260327],[-74.5677110486265,39.2831297392088],[-74.5678172592553,39.2832108405146]]}},{"type":"Feature","id":85571,"properties":{"OBJECTID":85571,"PRIMENAME":"3rd Street","ELEVTYP_F":0,"ELEVTYP_T":0},"geometry":{"type":"LineString","coordinates":[[-74.5664299842584,39.2843063824166],[-74.5660459050439,39.2840098721515]]}},{"type":"Feature","id":85637,"properties":{"OBJECTID":85637,"PRIMENAME":"Westminster Lane","ELEVTYP_F":0,"ELEVTYP_T":0},"geometry":{"type":"LineString","coordinates":[[-74.6209844998232,39.2511705599732],[-74.6210117955962,39.2513958183361],[-74.6210714367135,39.2518852913964]]}},{"type":"Feature","id":85638,"properties":{"OBJECTID":85638,"PRIMENAME":"West 52nd Street","ELEVTYP_F":0,"ELEVTYP_T":0},"geometry":{"type":"LineString","coordinates":[[-74.6378251908092,39.2308091047075],[-74.6382351373102,39.230878771901],[-74.6382660039808,39.2308840348442]]}},{"type":"Feature","id":85678,"properties":{"OBJECTID":85678,"PRIMENAME":"59th Street","ELEVTYP_F":0,"ELEVTYP_T":0},"geometry":{"type":"LineString","coordinates":[[-74.6386281086176,39.2191784230963],[-74.6390390726816,39.2193863072379]]}},{"type":"Feature","id":85850,"properties":{"OBJECTID":85850,"PRIMENAME":"East Aberdeen Road","ELEVTYP_F":0,"ELEVTYP_T":0},"geometry":{"type":"LineString","coordinates":[[-74.5571322246298,39.2959360050489],[-74.557261807198,39.2959821507302]]}},{"type":"Feature","id":86260,"properties":{"OBJECTID":86260,"PRIMENAME":"5th Street","ELEVTYP_F":0,"ELEVTYP_T":0},"geometry":{"type":"LineString","coordinates":[[-74.5733781475299,39.2852922856171],[-74.5729878504095,39.2849955274786]]}},{"type":"Feature","id":86277,"properties":{"OBJECTID":86277,"PRIMENAME":"East Aberdeen Road","ELEVTYP_F":0,"ELEVTYP_T":0},"geometry":{"type":"LineString","coordinates":[[-74.5552970703938,39.2949395135076],[-74.5555837770121,39.2951469249458],[-74.5556129447167,39.2951661309062]]}},{"type":"Feature","id":86444,"properties":{"OBJECTID":86444,"PRIMENAME":"36th Street","ELEVTYP_F":0,"ELEVTYP_T":0},"geometry":{"type":"LineString","coordinates":[[-74.6144118756841,39.249201186335],[-74.6148654264669,39.2494516993644]]}},{"type":"Feature","id":87757,"properties":{"OBJECTID":87757,"PRIMENAME":"Cardif Road","ELEVTYP_F":0,"ELEVTYP_T":0},"geometry":{"type":"LineString","coordinates":[[-74.5595038342949,39.2955208688802],[-74.5594359766348,39.2953447032181],[-74.55937436043,39.2951649409586],[-74.5593133851306,39.2949502157193]]}},{"type":"Feature","id":87916,"properties":{"OBJECTID":87916,"PRIMENAME":"52nd Street","ELEVTYP_F":0,"ELEVTYP_T":0},"geometry":{"type":"LineString","coordinates":[[-74.6332383506074,39.229286056715],[-74.6336945535336,39.2295163679509]]}},{"type":"Feature","id":88074,"properties":{"OBJECTID":88074,"PRIMENAME":"Garden State Parkway","ELEVTYP_F":1,"ELEVTYP_T":0},"geometry":{"type":"LineString","coordinates":[[-74.6210956187394,39.3144599662893],[-74.62107683606,39.3143288512798],[-74.6210142099432,39.3140457798835],[-74.6209266038904,39.3136854992837],[-74.6208224733241,39.3133349267313],[-74.6207142057162,39.3130036061026],[-74.6207067532988,39.3129836427255],[-74.6206517812542,39.3128364035801],[-74.620522833846,39.3125019188869],[-74.6203648188913,39.3121385253499],[-74.620094518235,39.3115082003122],[-74.619790990489,39.3108102826401],[-74.6194832377053,39.3100770320744],[-74.6193436825779,39.3097547205311],[-74.6191922417144,39.3094048811886],[-74.6190524823691,39.3090856998065],[-74.6187514665787,39.3083982926952]]}},{"type":"Feature","id":88110,"properties":{"OBJECTID":88110,"PRIMENAME":"Ocean Road","ELEVTYP_F":0,"ELEVTYP_T":0},"geometry":{"type":"LineString","coordinates":[[-74.5544898599628,39.2902606363162],[-74.5545044400475,39.2904268822122],[-74.5545325170469,39.2905911715046],[-74.5545805603258,39.2908050668125],[-74.5546166239986,39.2910158652876]]}},{"type":"Feature","id":88355,"properties":{"OBJECTID":88355,"PRIMENAME":"Laurel Road","ELEVTYP_F":0,"ELEVTYP_T":0},"geometry":{"type":"LineString","coordinates":[[-74.5612483019897,39.2884002733869],[-74.5611535884166,39.288294092084],[-74.5610996859308,39.2882313259693],[-74.5610391877142,39.2881406396447],[-74.5609863249315,39.2880534354645],[-74.5609267573956,39.2879354564232],[-74.5608705448933,39.2878148947434],[-74.5608242275314,39.287696962766],[-74.5607845177444,39.2875789732693],[-74.5607387646951,39.2874188402025]]}},{"type":"Feature","id":88568,"properties":{"OBJECTID":88568,"PRIMENAME":"Harbor Road","ELEVTYP_F":0,"ELEVTYP_T":0},"geometry":{"type":"LineString","coordinates":[[-74.559706410377,39.2934838152425],[-74.5598563505884,39.293664322924],[-74.5600524741196,39.2939239382171],[-74.5601194621991,39.2940374384784]]}},{"type":"Feature","id":89276,"properties":{"OBJECTID":89276,"PRIMENAME":"Folger Court","ELEVTYP_F":0,"ELEVTYP_T":0},"geometry":{"type":"LineString","coordinates":[[-74.6069016015087,39.2618077213682],[-74.606944864498,39.2618343649734],[-74.6070229861719,39.2618824756133],[-74.6071273582794,39.2618654009058],[-74.6072695359723,39.2617801709281],[-74.6072944260517,39.2617600740223]]}},{"type":"Feature","id":89322,"properties":{"OBJECTID":89322,"PRIMENAME":"Gardens Parkway","ELEVTYP_F":0,"ELEVTYP_T":0},"geometry":{"type":"LineString","coordinates":[[-74.5583279727063,39.2925108869619],[-74.558344237577,39.2925654631057],[-74.5583550092082,39.292644506472],[-74.5583658010123,39.2927464216476],[-74.5583685530523,39.2928691533978],[-74.5583579198461,39.293000211829],[-74.5583527041317,39.2931021070966],[-74.5583457730295,39.2931388207872]]}},{"type":"Feature","id":89329,"properties":{"OBJECTID":89329,"PRIMENAME":"East 8th Street","ELEVTYP_F":0,"ELEVTYP_T":0},"geometry":{"type":"LineString","coordinates":[[-74.5733590993763,39.2788199452471],[-74.5737837664776,39.2791436990514]]}},{"type":"Feature","id":89410,"properties":{"OBJECTID":89410,"PRIMENAME":"Wesley Avenue","ELEVTYP_F":0,"ELEVTYP_T":0},"geometry":{"type":"LineString","coordinates":[[-74.57058729278,39.2810131485975],[-74.5699436051646,39.2815242111138],[-74.5692038835586,39.2821081162409]]}},{"type":"Feature","id":89455,"properties":{"OBJECTID":89455,"PRIMENAME":"Central Avenue","ELEVTYP_F":0,"ELEVTYP_T":0},"geometry":{"type":"LineString","coordinates":[[-74.5972360073727,39.2624363737024],[-74.5965234588041,39.2629500040831],[-74.5958539326534,39.2634461312762],[-74.5957919713612,39.2634913495982]]}},{"type":"Feature","id":89643,"properties":{"OBJECTID":89643,"PRIMENAME":"Central Avenue","ELEVTYP_F":0,"ELEVTYP_T":0},"geometry":{"type":"LineString","coordinates":[[-74.6231654630656,39.2370491961946],[-74.6223858157857,39.2379073174017],[-74.6220218696341,39.2382974281652]]}},{"type":"Feature","id":89658,"properties":{"OBJECTID":89658,"PRIMENAME":"49th Street","ELEVTYP_F":0,"ELEVTYP_T":0},"geometry":{"type":"LineString","coordinates":[[-74.6298652888876,39.2332318876502],[-74.6301155456777,39.233371997147],[-74.6301940602946,39.2334081254387],[-74.6302164182258,39.2334132351709],[-74.6302427955538,39.2334152379498],[-74.6302678247647,39.2334141938254]]}},{"type":"Feature","id":89844,"properties":{"OBJECTID":89844,"PRIMENAME":"Atlantic Avenue","ELEVTYP_F":0,"ELEVTYP_T":0},"geometry":{"type":"LineString","coordinates":[[-74.5638836688706,39.283672230069],[-74.5634107867622,39.2840460429911],[-74.5633384099822,39.2841030557348]]}},{"type":"Feature","id":89877,"properties":{"OBJECTID":89877,"PRIMENAME":"Fortyfirst Street","ELEVTYP_F":0,"ELEVTYP_T":0},"geometry":{"type":"LineString","coordinates":[[-74.6181524097835,39.2418358295767],[-74.6185388811862,39.2420494393092]]}},{"type":"Feature","id":89920,"properties":{"OBJECTID":89920,"PRIMENAME":"13th Street","ELEVTYP_F":0,"ELEVTYP_T":0},"geometry":{"type":"LineString","coordinates":[[-74.5831444521965,39.2754691471592],[-74.5832716461262,39.2755739426534],[-74.5835142280088,39.2757774458203]]}},{"type":"Feature","id":90163,"properties":{"OBJECTID":90163,"PRIMENAME":"Asbury Avenue","ELEVTYP_F":0,"ELEVTYP_T":0},"geometry":{"type":"LineString","coordinates":[[-74.6135908102506,39.2487444151524],[-74.6133773595496,39.2489745771468],[-74.6129534513409,39.2494320981657],[-74.612799716316,39.2495991315805],[-74.6125854355466,39.2497988710854],[-74.6123089407793,39.2500493281747]]}},{"type":"Feature","id":90331,"properties":{"OBJECTID":90331,"PRIMENAME":"Ocean Avenue","ELEVTYP_F":0,"ELEVTYP_T":0},"geometry":{"type":"LineString","coordinates":[[-74.5828429068764,39.2707303420568],[-74.5827790531132,39.2706807998405],[-74.5827510968211,39.2706684090664],[-74.582719187616,39.2706591235293],[-74.5827168674478,39.2706591251775],[-74.5826752805762,39.2706591547106],[-74.5825796633753,39.2707243232623],[-74.5821811520636,39.271009830188],[-74.5816670893556,39.2713853117916],[-74.5812714353361,39.2716746844078]]}},{"type":"Feature","id":90352,"properties":{"OBJECTID":90352,"PRIMENAME":"Old Stagecoach Road","ELEVTYP_F":0,"ELEVTYP_T":0},"geometry":{"type":"LineString","coordinates":[[-74.6528219431849,39.2647236792619],[-74.6525745068742,39.26489742401],[-74.6520684587656,39.2652569507055],[-74.6516560229268,39.2655408192399],[-74.6505607769695,39.2663193323725],[-74.6501824864086,39.2665875555343]]}},{"type":"Feature","id":90535,"properties":{"OBJECTID":90535,"PRIMENAME":"Gardens Parkway","ELEVTYP_F":0,"ELEVTYP_T":0},"geometry":{"type":"LineString","coordinates":[[-74.5580249690301,39.2907483772716],[-74.5580001840766,39.2908579437912],[-74.5579788657644,39.2909723676022],[-74.5579628857275,39.2910909352256],[-74.5579495710802,39.2911845433903],[-74.5579389732804,39.2913156009029],[-74.5579364140466,39.2914258427611],[-74.5579390352314,39.2915201834625]]}},{"type":"Feature","id":90676,"properties":{"OBJECTID":90676,"PRIMENAME":"West Surf Road","ELEVTYP_F":0,"ELEVTYP_T":0},"geometry":{"type":"LineString","coordinates":[[-74.5594903138229,39.289453065064],[-74.5594805936503,39.2894489794039],[-74.559264638663,39.2893694912186],[-74.5591624949824,39.289335002101]]}},{"type":"Feature","id":90949,"properties":{"OBJECTID":90949,"PRIMENAME":"Vernon Lane","ELEVTYP_F":0,"ELEVTYP_T":0},"geometry":{"type":"LineString","coordinates":[[-74.6181335055812,39.2528568892599],[-74.6181017032971,39.2525929749959],[-74.6181015002182,39.252471916797],[-74.6181181338897,39.2523672050258],[-74.6181473858963,39.2522264852427],[-74.6181947344853,39.2520741588581]]}},{"type":"Feature","id":91607,"properties":{"OBJECTID":91607,"PRIMENAME":"Roosevelt Boulevard","ELEVTYP_F":0,"ELEVTYP_T":0},"geometry":{"type":"LineString","coordinates":[[-74.6211961388557,39.2527913323205],[-74.6194869953041,39.2529192365288],[-74.6181526303573,39.2530159025738]]}},{"type":"Feature","id":91684,"properties":{"OBJECTID":91684,"PRIMENAME":"Warwick Road","ELEVTYP_F":0,"ELEVTYP_T":0},"geometry":{"type":"LineString","coordinates":[[-74.5712030870337,39.2857982147776],[-74.5719222107056,39.2852270773782],[-74.5725956102686,39.2846964361001]]}},{"type":"Feature","id":91927,"properties":{"OBJECTID":91927,"PRIMENAME":"1st Street","ELEVTYP_F":0,"ELEVTYP_T":0},"geometry":{"type":"LineString","coordinates":[[-74.5682379838077,39.289992905652],[-74.5678318392049,39.2896820266041]]}},{"type":"Feature","id":92054,"properties":{"OBJECTID":92054,"PRIMENAME":"West 52nd Street","ELEVTYP_F":0,"ELEVTYP_T":0},"geometry":{"type":"LineString","coordinates":[[-74.6360314634983,39.2305563813048],[-74.6362948523665,39.2305853161333],[-74.6365458168791,39.230615526993]]}},{"type":"Feature","id":92112,"properties":{"OBJECTID":92112,"PRIMENAME":"Haven Avenue","ELEVTYP_F":0,"ELEVTYP_T":0},"geometry":{"type":"LineString","coordinates":[[-74.5749786288529,39.282211679206],[-74.5757130877395,39.2816386678086],[-74.5763782248847,39.2811058684658]]}},{"type":"Feature","id":92252,"properties":{"OBJECTID":92252,"PRIMENAME":"South Inlet Drive","ELEVTYP_F":0,"ELEVTYP_T":0},"geometry":{"type":"LineString","coordinates":[[-74.6410269711428,39.2271657399964],[-74.6409605621119,39.2270449398299],[-74.6412345634987,39.2267349386729],[-74.6414505621898,39.2266649379372]]}},{"type":"Feature","id":92260,"properties":{"OBJECTID":92260,"PRIMENAME":"16th Street","ELEVTYP_F":0,"ELEVTYP_T":0},"geometry":{"type":"LineString","coordinates":[[-74.591548841878,39.2757052614697],[-74.591867335406,39.2759671445918]]}},{"type":"Feature","id":92441,"properties":{"OBJECTID":92441,"PRIMENAME":"East Aberdeen Road","ELEVTYP_F":0,"ELEVTYP_T":0},"geometry":{"type":"LineString","coordinates":[[-74.5556129447167,39.2951661309062],[-74.5557621774028,39.2952643281461],[-74.5559483528355,39.2953816732853],[-74.5561034487596,39.2954749523942],[-74.556266347176,39.2955592211295],[-74.5564175445782,39.2956374562116],[-74.5566424340161,39.2957337212049],[-74.5567897687262,39.2957969103896],[-74.5570456952687,39.2959052124239],[-74.5571322246298,39.2959360050489]]}},{"type":"Feature","id":92563,"properties":{"OBJECTID":92563,"PRIMENAME":"Boardwalk","ELEVTYP_F":0,"ELEVTYP_T":0},"geometry":{"type":"LineString","coordinates":[[-74.5693226511418,39.2757472600478],[-74.570792679826,39.2752181025503],[-74.5745259412308,39.2739107357016],[-74.5772215084353,39.2729440420444],[-74.5773128010145,39.2729164766368]]}},{"type":"Feature","id":92590,"properties":{"OBJECTID":92590,"PRIMENAME":"Roosevelt Boulevard","ELEVTYP_F":0,"ELEVTYP_T":0},"geometry":{"type":"LineString","coordinates":[[-74.6245857350398,39.2525586251775],[-74.6245584720923,39.2525583795866],[-74.6243951459293,39.2525622060984],[-74.624040539263,39.2525770542817],[-74.623902553584,39.2525882353797],[-74.6235413249408,39.2526175077084],[-74.6233078172364,39.252634724031]]}},{"type":"Feature","id":92620,"properties":{"OBJECTID":92620,"PRIMENAME":"Haven Avenue","ELEVTYP_F":0,"ELEVTYP_T":0},"geometry":{"type":"LineString","coordinates":[[-74.5936056514241,39.2684193010599],[-74.59397065537,39.268190371725],[-74.5942934672155,39.267949723263],[-74.5950721058168,39.267387975134]]}},{"type":"Feature","id":92669,"properties":{"OBJECTID":92669,"PRIMENAME":"East 11th Street","ELEVTYP_F":0,"ELEVTYP_T":0},"geometry":{"type":"LineString","coordinates":[[-74.5806214075419,39.2778839635268],[-74.5809965950133,39.2781969064422]]}},{"type":"Feature","id":92908,"properties":{"OBJECTID":92908,"PRIMENAME":"Central Avenue","ELEVTYP_F":0,"ELEVTYP_T":0},"geometry":{"type":"LineString","coordinates":[[-74.6127747986289,39.248284722676],[-74.6122718099494,39.2488211194264],[-74.6120324834818,39.2490816446366],[-74.6118156717255,39.2492893746086],[-74.6115390145218,39.2495496598674]]}},{"type":"Feature","id":92951,"properties":{"OBJECTID":92951,"PRIMENAME":"Bay Avenue","ELEVTYP_F":0,"ELEVTYP_T":0},"geometry":{"type":"LineString","coordinates":[[-74.6398450772364,39.225292521592],[-74.63970265447,39.2254623782446],[-74.6395756104003,39.2256134447963]]}},{"type":"Feature","id":93373,"properties":{"OBJECTID":93373,"PRIMENAME":"Stenton Place","ELEVTYP_F":0,"ELEVTYP_T":0},"geometry":{"type":"LineString","coordinates":[[-74.5583514488149,39.2838835065517],[-74.5576955080622,39.2833796112117]]}},{"type":"Feature","id":93401,"properties":{"OBJECTID":93401,"PRIMENAME":"Alexandria Court","ELEVTYP_F":0,"ELEVTYP_T":0},"geometry":{"type":"LineString","coordinates":[[-74.6407351448713,39.2741672040946],[-74.6408120383364,39.2742625145448],[-74.6409091323008,39.2743828613811],[-74.6409570504514,39.2744435107129],[-74.6409744410012,39.2744839618116],[-74.6409962530974,39.2745446427282],[-74.6410007333027,39.2746120719699],[-74.6410080186674,39.2747571748295]]}},{"type":"Feature","id":93694,"properties":{"OBJECTID":93694,"PRIMENAME":"56th Street","ELEVTYP_F":0,"ELEVTYP_T":0},"geometry":{"type":"LineString","coordinates":[[-74.6366419429866,39.2236758438216],[-74.6363485198988,39.2235271497615],[-74.6362221968919,39.2234635962335]]}},{"type":"Feature","id":93698,"properties":{"OBJECTID":93698,"PRIMENAME":"Spruce Road","ELEVTYP_F":0,"ELEVTYP_T":0},"geometry":{"type":"LineString","coordinates":[[-74.5980646072553,39.2717833886221],[-74.5971654522729,39.271042003661]]}},{"type":"Feature","id":93728,"properties":{"OBJECTID":93728,"PRIMENAME":"Stanhope Road","ELEVTYP_F":0,"ELEVTYP_T":0},"geometry":{"type":"LineString","coordinates":[[-74.643078366386,39.2643975392194],[-74.6439031376721,39.2636331583638],[-74.6444883297737,39.2630659378978]]}},{"type":"Feature","id":93740,"properties":{"OBJECTID":93740,"PRIMENAME":"Margate Avenue","ELEVTYP_F":0,"ELEVTYP_T":0},"geometry":{"type":"LineString","coordinates":[[-74.6364383514228,39.2716686819655],[-74.6368241478683,39.2719348503598]]}},{"type":"Feature","id":94062,"properties":{"OBJECTID":94062,"PRIMENAME":"Sweetwater Court","ELEVTYP_F":0,"ELEVTYP_T":0},"geometry":{"type":"LineString","coordinates":[[-74.611053423162,39.2576570623973],[-74.6119275365036,39.2582361498289],[-74.6119605121528,39.2582730483602],[-74.611991556631,39.25831747153],[-74.6120056516055,39.2583642450317],[-74.6120047030131,39.2584118293299],[-74.6119967354862,39.2584430559885],[-74.6119827656088,39.2584749189957],[-74.6119527035185,39.2585156399713],[-74.6118622293726,39.258588763108],[-74.6115772893943,39.2587709679918],[-74.6115260028651,39.2587907307736],[-74.6114945819905,39.2587983115753],[-74.6114616365375,39.2588024346594],[-74.6114249757138,39.2588018652878],[-74.611388235954,39.2587960802029],[-74.6113215205817,39.258774644903],[-74.6112151537263,39.2587144777271],[-74.6104574631341,39.2582124852594]]}},{"type":"Feature","id":94095,"properties":{"OBJECTID":94095,"PRIMENAME":"Redwish Avenue","ELEVTYP_F":0,"ELEVTYP_T":0},"geometry":{"type":"LineString","coordinates":[[-74.6428535048424,39.2707267165682],[-74.642976036577,39.2707578679868],[-74.6430629386208,39.2707948553461],[-74.6436891281554,39.2712084953563]]}},{"type":"Feature","id":94300,"properties":{"OBJECTID":94300,"PRIMENAME":"East 9th Street","ELEVTYP_F":0,"ELEVTYP_T":0},"geometry":{"type":"LineString","coordinates":[[-74.577714833552,39.2800434915722],[-74.5773272113249,39.2797492637191]]}},{"type":"Feature","id":94437,"properties":{"OBJECTID":94437,"PRIMENAME":"2nd Street","ELEVTYP_F":0,"ELEVTYP_T":0},"geometry":{"type":"LineString","coordinates":[[-74.5668870422028,39.2868119088372],[-74.5672603167929,39.2870962316119]]}},{"type":"Feature","id":94574,"properties":{"OBJECTID":94574,"PRIMENAME":"East 16th Street","ELEVTYP_F":0,"ELEVTYP_T":0},"geometry":{"type":"LineString","coordinates":[[-74.5863927815866,39.2714271509301],[-74.5867231565341,39.2717014771803]]}},{"type":"Feature","id":94579,"properties":{"OBJECTID":94579,"PRIMENAME":"West Avenue","ELEVTYP_F":0,"ELEVTYP_T":0},"geometry":{"type":"LineString","coordinates":[[-74.5885193867158,39.2709481561697],[-74.5881944522902,39.2711845616576],[-74.5870800560977,39.2719978852444]]}},{"type":"Feature","id":94680,"properties":{"OBJECTID":94680,"PRIMENAME":"38th Street","ELEVTYP_F":0,"ELEVTYP_T":0},"geometry":{"type":"LineString","coordinates":[[-74.6150788178828,39.2457953074967],[-74.6154896133596,39.2460202706954]]}},{"type":"Feature","id":94932,"properties":{"OBJECTID":94932,"PRIMENAME":"34th Street","ELEVTYP_F":0,"ELEVTYP_T":0},"geometry":{"type":"LineString","coordinates":[[-74.6118151300099,39.2517277977056],[-74.6114085244275,39.2514647353419]]}},{"type":"Feature","id":95265,"properties":{"OBJECTID":95265,"PRIMENAME":"Spruce Road","ELEVTYP_F":0,"ELEVTYP_T":0},"geometry":{"type":"LineString","coordinates":[[-74.5969834309772,39.2708919647363],[-74.5967472328978,39.2706972428669],[-74.5953197004367,39.2695149345327]]}},{"type":"Feature","id":95785,"properties":{"OBJECTID":95785,"PRIMENAME":"Spruce Road","ELEVTYP_F":0,"ELEVTYP_T":0},"geometry":{"type":"LineString","coordinates":[[-74.600211451662,39.2735589990858],[-74.6000422669855,39.273427789271],[-74.5998460134539,39.2732643133239]]}},{"type":"Feature","id":96048,"properties":{"OBJECTID":96048,"PRIMENAME":"Genoa Court","ELEVTYP_F":0,"ELEVTYP_T":0},"geometry":{"type":"LineString","coordinates":[[-74.6053262781824,39.2687921903851],[-74.6056596769251,39.269085210017],[-74.6050753781183,39.2694973231621],[-74.6047979646981,39.2692630662748],[-74.6047805540423,39.2691989478124]]}},{"type":"Feature","id":96064,"properties":{"OBJECTID":96064,"PRIMENAME":"18th Street","ELEVTYP_F":0,"ELEVTYP_T":0},"geometry":{"type":"LineString","coordinates":[[-74.588929629134,39.2690369078425],[-74.5892669685831,39.2693164662654]]}},{"type":"Feature","id":96085,"properties":{"OBJECTID":96085,"PRIMENAME":"Asbury Road","ELEVTYP_F":0,"ELEVTYP_T":0},"geometry":{"type":"LineString","coordinates":[[-74.563762381166,39.2887409563475],[-74.5634292841903,39.2890034356407],[-74.5619865375405,39.2901476350056]]}},{"type":"Feature","id":96097,"properties":{"OBJECTID":96097,"PRIMENAME":"West 14th Street","ELEVTYP_F":0,"ELEVTYP_T":0},"geometry":{"type":"LineString","coordinates":[[-74.5878148519433,39.2770955462335],[-74.5875709481951,39.2768940574021]]}},{"type":"Feature","id":96242,"properties":{"OBJECTID":96242,"PRIMENAME":"East 16th Street","ELEVTYP_F":0,"ELEVTYP_T":0},"geometry":{"type":"LineString","coordinates":[[-74.5842376043168,39.2696328952041],[-74.5849575528202,39.2702331340743]]}},{"type":"Feature","id":96339,"properties":{"OBJECTID":96339,"PRIMENAME":"Bay Avenue","ELEVTYP_F":0,"ELEVTYP_T":0},"geometry":{"type":"LineString","coordinates":[[-74.5967153643173,39.3090423424],[-74.5962866350077,39.3093674046046],[-74.5961053713247,39.3095068432614]]}},{"type":"Feature","id":96395,"properties":{"OBJECTID":96395,"PRIMENAME":"Atlantic Avenue","ELEVTYP_F":0,"ELEVTYP_T":0},"geometry":{"type":"LineString","coordinates":[[-74.5664631778691,39.281634073621],[-74.5661118732295,39.2819113438643]]}},{"type":"Feature","id":96672,"properties":{"OBJECTID":96672,"PRIMENAME":"2nd Street","ELEVTYP_F":0,"ELEVTYP_T":0},"geometry":{"type":"LineString","coordinates":[[-74.5684389597114,39.2879933091366],[-74.5688293949054,39.2882892301123]]}},{"type":"Feature","id":96826,"properties":{"OBJECTID":96826,"PRIMENAME":"East 9th Street","ELEVTYP_F":0,"ELEVTYP_T":0},"geometry":{"type":"LineString","coordinates":[[-74.5755186647395,39.2783126404016],[-74.5751843298359,39.2780562971696]]}},{"type":"Feature","id":97064,"properties":{"OBJECTID":97064,"PRIMENAME":"Central Avenue","ELEVTYP_F":0,"ELEVTYP_T":0},"geometry":{"type":"LineString","coordinates":[[-74.6162392476888,39.2445441907805],[-74.615220555036,39.2456421213468],[-74.6150788178828,39.2457953074967]]}},{"type":"Feature","id":97090,"properties":{"OBJECTID":97090,"PRIMENAME":"34th Street","ELEVTYP_F":0,"ELEVTYP_T":0},"geometry":{"type":"LineString","coordinates":[[-74.6122540141535,39.2520118600178],[-74.6121035594345,39.2519143950191],[-74.6118151300099,39.2517277977056]]}},{"type":"Feature","id":97287,"properties":{"OBJECTID":97287,"PRIMENAME":"West Avenue","ELEVTYP_F":0,"ELEVTYP_T":0},"geometry":{"type":"LineString","coordinates":[[-74.6373833548525,39.2258820768844],[-74.6365770975451,39.2268458446477],[-74.6363046306807,39.2271720002533]]}},{"type":"Feature","id":97433,"properties":{"OBJECTID":97433,"PRIMENAME":"Anchorage Drive","ELEVTYP_F":0,"ELEVTYP_T":0},"geometry":{"type":"LineString","coordinates":[[-74.6390805515383,39.2275799747468],[-74.6393246201492,39.2272881961882]]}},{"type":"Feature","id":97906,"properties":{"OBJECTID":97906,"PRIMENAME":"Margate Avenue","ELEVTYP_F":0,"ELEVTYP_T":0},"geometry":{"type":"LineString","coordinates":[[-74.6382850671806,39.2729376438483],[-74.6395931425718,39.2738178137166],[-74.6397717855611,39.2739428858278]]}},{"type":"Feature","id":97949,"properties":{"OBJECTID":97949,"PRIMENAME":"Pleasure Avenue","ELEVTYP_F":0,"ELEVTYP_T":0},"geometry":{"type":"LineString","coordinates":[[-74.585692604357,39.2775955019345],[-74.5857418248409,39.2775741855762],[-74.5859466247733,39.2775209608445],[-74.5867532173797,39.2773441699624]]}},{"type":"Feature","id":97974,"properties":{"OBJECTID":97974,"PRIMENAME":"Gull Road","ELEVTYP_F":0,"ELEVTYP_T":0},"geometry":{"type":"LineString","coordinates":[[-74.5559222419849,39.2884996023584],[-74.5559278212996,39.2884514949502],[-74.555931375145,39.2883447126538],[-74.5559131669352,39.2882407414596],[-74.5558940372687,39.2881776814792]]}},{"type":"Feature","id":98257,"properties":{"OBJECTID":98257,"PRIMENAME":"East Atlantic Boulevard","ELEVTYP_F":0,"ELEVTYP_T":0},"geometry":{"type":"LineString","coordinates":[[-74.5554487543401,39.2918294919095],[-74.5558367092264,39.2918922107775],[-74.5559376442178,39.291915884527]]}},{"type":"Feature","id":98333,"properties":{"OBJECTID":98333,"PRIMENAME":"East 10th Street","ELEVTYP_F":0,"ELEVTYP_T":0},"geometry":{"type":"LineString","coordinates":[[-74.5780747365006,39.2780138688214],[-74.5777310039425,39.2777320315066]]}},{"type":"Feature","id":98584,"properties":{"OBJECTID":98584,"PRIMENAME":"Unnamed Segment","ELEVTYP_F":0,"ELEVTYP_T":0},"geometry":{"type":"LineString","coordinates":[[-74.6043236078814,39.2568882782846],[-74.603811789893,39.2573661893131],[-74.6035059984424,39.2576455642066],[-74.6030506059764,39.2580751788739]]}},{"type":"Feature","id":98802,"properties":{"OBJECTID":98802,"PRIMENAME":"East Seabright Road","ELEVTYP_F":0,"ELEVTYP_T":0},"geometry":{"type":"LineString","coordinates":[[-74.5544898599628,39.2902606363162],[-74.5552418556376,39.2901483946436],[-74.5556422435579,39.2900840367418],[-74.5559063666345,39.2900422301544],[-74.5560921288745,39.2900132559999],[-74.5562944352976,39.2899939105286],[-74.5565049064294,39.2899777739704],[-74.5567071471047,39.2899648533666],[-74.5569506979024,39.2899583098398],[-74.5572313969434,39.2899678091788],[-74.5574956365462,39.2899837135975],[-74.5578836283911,39.2900155914644],[-74.5583294676209,39.290053863724],[-74.5584195807169,39.2900667507233]]}},{"type":"Feature","id":98846,"properties":{"OBJECTID":98846,"PRIMENAME":"West Atlantic Boulevard","ELEVTYP_F":0,"ELEVTYP_T":0},"geometry":{"type":"LineString","coordinates":[[-74.5586036212487,39.2932720225549],[-74.5586048934798,39.2932725984393],[-74.5588304640729,39.2933432413855],[-74.5589996575904,39.2933937043821],[-74.5591818427242,39.2934306788577],[-74.5593510208018,39.2934609332566],[-74.559590967992,39.2934835726113],[-74.559706410377,39.2934838152425]]}},{"type":"Feature","id":98925,"properties":{"OBJECTID":98925,"PRIMENAME":"West Avenue","ELEVTYP_F":0,"ELEVTYP_T":0},"geometry":{"type":"LineString","coordinates":[[-74.6224885214195,39.2404630162789],[-74.6218105157334,39.2411962057268],[-74.6213332424707,39.2417104846732]]}},{"type":"Feature","id":99101,"properties":{"OBJECTID":99101,"PRIMENAME":"Wesley Avenue","ELEVTYP_F":0,"ELEVTYP_T":0},"geometry":{"type":"LineString","coordinates":[[-74.5692038835586,39.2821081162409],[-74.5689345606197,39.2823206843427],[-74.5678172592553,39.2832108405146]]}},{"type":"Feature","id":99148,"properties":{"OBJECTID":99148,"PRIMENAME":"North Street","ELEVTYP_F":0,"ELEVTYP_T":0},"geometry":{"type":"LineString","coordinates":[[-74.563762381166,39.2887409563475],[-74.5641113279943,39.2890073454852]]}},{"type":"Feature","id":99218,"properties":{"OBJECTID":99218,"PRIMENAME":"West 14th Street","ELEVTYP_F":0,"ELEVTYP_T":0},"geometry":{"type":"LineString","coordinates":[[-74.5873580329907,39.276718247975],[-74.5869811931053,39.2764070806195],[-74.5868090811273,39.2762645692186]]}},{"type":"Feature","id":99227,"properties":{"OBJECTID":99227,"PRIMENAME":"East 8th Street","ELEVTYP_F":0,"ELEVTYP_T":0},"geometry":{"type":"LineString","coordinates":[[-74.5755820759635,39.280512462614],[-74.5759802722627,39.2808092350618]]}},{"type":"Feature","id":99245,"properties":{"OBJECTID":99245,"PRIMENAME":"Wesley Avenue","ELEVTYP_F":0,"ELEVTYP_T":0},"geometry":{"type":"LineString","coordinates":[[-74.5636516331514,39.286500931333],[-74.5630388777419,39.2869835210142],[-74.5622760582796,39.2875888381575]]}},{"type":"Feature","id":99612,"properties":{"OBJECTID":99612,"PRIMENAME":"2nd Street","ELEVTYP_F":0,"ELEVTYP_T":0},"geometry":{"type":"LineString","coordinates":[[-74.5642118332761,39.2847703886259],[-74.5646545975463,39.2851086893536]]}},{"type":"Feature","id":99827,"properties":{"OBJECTID":99827,"PRIMENAME":"Battersea Road","ELEVTYP_F":0,"ELEVTYP_T":0},"geometry":{"type":"LineString","coordinates":[[-74.5598241914587,39.2876386680951],[-74.5598107260911,39.2875922998542],[-74.5598006905955,39.2874666062659],[-74.5598005968145,39.2873563395312],[-74.5598104424337,39.2872588341231],[-74.5598334472947,39.2871382303071],[-74.5598729564594,39.2870227806032],[-74.55994216713,39.2868919124589],[-74.5600509563404,39.2867277178099],[-74.5601804437984,39.2865570877028]]}},{"type":"Feature","id":99858,"properties":{"OBJECTID":99858,"PRIMENAME":"Westminster Lane","ELEVTYP_F":0,"ELEVTYP_T":0},"geometry":{"type":"LineString","coordinates":[[-74.62162805703,39.2496720416021],[-74.6215968315534,39.2496878080418],[-74.6215189854079,39.2497401948771],[-74.6214341085743,39.2498118918992],[-74.6213421672678,39.2499028441769],[-74.6212396696472,39.2500158821208],[-74.6211512387025,39.2501151226973],[-74.6210700135054,39.2502363484893],[-74.6210064845054,39.2503603565065],[-74.6209677515439,39.2504870844532],[-74.6209502273664,39.2506055252795],[-74.6209398196008,39.2507349695108],[-74.6209471453795,39.250867141042],[-74.6209687025979,39.2510406213906],[-74.6209844998232,39.2511705599732]]}},{"type":"Feature","id":99933,"properties":{"OBJECTID":99933,"PRIMENAME":"Boardwalk","ELEVTYP_F":0,"ELEVTYP_T":0},"geometry":{"type":"LineString","coordinates":[[-74.5623818656239,39.2790675531658],[-74.5628244928855,39.2787212247053],[-74.5630989943512,39.2784231599449],[-74.5634786421425,39.2781144904213],[-74.5635897235279,39.2778739552879]]}},{"type":"Feature","id":100197,"properties":{"OBJECTID":100197,"PRIMENAME":"Wesley Avenue","ELEVTYP_F":0,"ELEVTYP_T":0},"geometry":{"type":"LineString","coordinates":[[-74.595042268661,39.262871651614],[-74.5942981238203,39.2634115702803],[-74.5938451314001,39.2637506200738],[-74.5936061014201,39.2639252760154]]}},{"type":"Feature","id":100217,"properties":{"OBJECTID":100217,"PRIMENAME":"East Newcastle Road","ELEVTYP_F":0,"ELEVTYP_T":0},"geometry":{"type":"LineString","coordinates":[[-74.5567886299502,39.2965743019933],[-74.5566041637528,39.2965220857405],[-74.5564467961384,39.2964636241904]]}},{"type":"Feature","id":100234,"properties":{"OBJECTID":100234,"PRIMENAME":"Pleasure Avenue","ELEVTYP_F":0,"ELEVTYP_T":0},"geometry":{"type":"LineString","coordinates":[[-74.5772185475923,39.28391672795],[-74.5768837589286,39.2841808397025]]}},{"type":"Feature","id":100239,"properties":{"OBJECTID":100239,"PRIMENAME":"Corinthian Avenue","ELEVTYP_F":0,"ELEVTYP_T":0},"geometry":{"type":"LineString","coordinates":[[-74.5627368910118,39.2804089459251],[-74.563085341501,39.2801324016889]]}},{"type":"Feature","id":100696,"properties":{"OBJECTID":100696,"PRIMENAME":"Haven Avenue","ELEVTYP_F":0,"ELEVTYP_T":0},"geometry":{"type":"LineString","coordinates":[[-74.5979615026512,39.2652773107891],[-74.5979986927344,39.2652428445941],[-74.5981931941533,39.2651049303235],[-74.59920526858,39.2643613285487],[-74.5992859240806,39.2642991236538],[-74.5993612476548,39.2641876382528]]}},{"type":"Feature","id":100968,"properties":{"OBJECTID":100968,"PRIMENAME":"Unnamed Segment","ELEVTYP_F":0,"ELEVTYP_T":0},"geometry":{"type":"LineString","coordinates":[[-74.5857375011587,39.2770555790249],[-74.5858445482726,39.2771449500178],[-74.5854748036134,39.2774145579922]]}},{"type":"Feature","id":101006,"properties":{"OBJECTID":101006,"PRIMENAME":"Ocean Avenue","ELEVTYP_F":0,"ELEVTYP_T":0},"geometry":{"type":"LineString","coordinates":[[-74.5647596678765,39.2843360704077],[-74.5642118332761,39.2847703886259]]}},{"type":"Feature","id":101093,"properties":{"OBJECTID":101093,"PRIMENAME":"FR CO 656 SB TO 18TH ST","ELEVTYP_F":0,"ELEVTYP_T":0},"geometry":{"type":"LineString","coordinates":[[-74.5916264242458,39.2722122670699],[-74.591892333932,39.2721438012666],[-74.5920283414337,39.2721225515404],[-74.5921215918323,39.2721164368874],[-74.5922459662682,39.2721133179682],[-74.5924130689161,39.272125239389],[-74.5925258133288,39.2721432996442],[-74.5927556495671,39.2722058014732]]}},{"type":"Feature","id":101193,"properties":{"OBJECTID":101193,"PRIMENAME":"Tennessee Avenue","ELEVTYP_F":0,"ELEVTYP_T":0},"geometry":{"type":"LineString","coordinates":[[-74.6016924387675,39.2691334625531],[-74.6021695035332,39.2695323205751],[-74.6026016759499,39.2698936401285]]}},{"type":"Feature","id":101254,"properties":{"OBJECTID":101254,"PRIMENAME":"Unnamed Segment","ELEVTYP_F":0,"ELEVTYP_T":0},"geometry":{"type":"LineString","coordinates":[[-74.6209082018325,39.2414730910492],[-74.6210166801791,39.2413546375526],[-74.622062113753,39.2402288144787]]}},{"type":"Feature","id":101301,"properties":{"OBJECTID":101301,"PRIMENAME":"Atlantic Avenue","ELEVTYP_F":0,"ELEVTYP_T":0},"geometry":{"type":"LineString","coordinates":[[-74.5668083028403,39.281361639661],[-74.5664631778691,39.281634073621]]}},{"type":"Feature","id":101333,"properties":{"OBJECTID":101333,"PRIMENAME":"Randolf Boulevard","ELEVTYP_F":0,"ELEVTYP_T":0},"geometry":{"type":"LineString","coordinates":[[-74.6417897819781,39.2656223863981],[-74.6418373647106,39.2655548666582],[-74.6421492330064,39.2652644292222],[-74.6423229956993,39.265101577742]]}},{"type":"Feature","id":101500,"properties":{"OBJECTID":101500,"PRIMENAME":"Unnamed Segment","ELEVTYP_F":0,"ELEVTYP_T":0},"geometry":{"type":"LineString","coordinates":[[-74.5719889163246,39.2864003322106],[-74.570683091295,39.287431129999],[-74.5706031965192,39.2874944115922]]}},{"type":"Feature","id":101992,"properties":{"OBJECTID":101992,"PRIMENAME":"South Inlet Drive","ELEVTYP_F":0,"ELEVTYP_T":0},"geometry":{"type":"LineString","coordinates":[[-74.6404785629433,39.2261029387645],[-74.6404065612802,39.2260359380648],[-74.6403665626764,39.2260159373987],[-74.6401755641755,39.2259169364714]]}},{"type":"Feature","id":102134,"properties":{"OBJECTID":102134,"PRIMENAME":"31st Street","ELEVTYP_F":0,"ELEVTYP_T":0},"geometry":{"type":"LineString","coordinates":[[-74.6092833594633,39.2560999638903],[-74.6097076912365,39.256372078161]]}},{"type":"Feature","id":102163,"properties":{"OBJECTID":102163,"PRIMENAME":"Corinthian Avenue","ELEVTYP_F":0,"ELEVTYP_T":0},"geometry":{"type":"LineString","coordinates":[[-74.5599661073021,39.2826066445432],[-74.5603194505805,39.2823265091818]]}},{"type":"Feature","id":102249,"properties":{"OBJECTID":102249,"PRIMENAME":"West Avenue","ELEVTYP_F":0,"ELEVTYP_T":0},"geometry":{"type":"LineString","coordinates":[[-74.6213332424707,39.2417104846732],[-74.6208851096634,39.242193402399],[-74.6202120401472,39.2429216343775],[-74.6201788755729,39.2429576647681]]}},{"type":"Feature","id":102498,"properties":{"OBJECTID":102498,"PRIMENAME":"Gull Road","ELEVTYP_F":0,"ELEVTYP_T":0},"geometry":{"type":"LineString","coordinates":[[-74.5558940372687,39.2881776814792],[-74.5558841882899,39.2881452323363],[-74.5558407545106,39.2880441009086],[-74.5558081225777,39.2879738813572],[-74.5557827156137,39.2878811711441],[-74.5557755204012,39.2878081108147],[-74.5557717588121,39.2876985592887],[-74.555804157326,39.2875187002826],[-74.5558235870569,39.2873818445635]]}},{"type":"Feature","id":102546,"properties":{"OBJECTID":102546,"PRIMENAME":"58th Street","ELEVTYP_F":0,"ELEVTYP_T":0},"geometry":{"type":"LineString","coordinates":[[-74.6379643000173,39.2206811575563],[-74.6375425538413,39.2204677080619]]}},{"type":"Feature","id":102767,"properties":{"OBJECTID":102767,"PRIMENAME":"Allendale Road","ELEVTYP_F":0,"ELEVTYP_T":0},"geometry":{"type":"LineString","coordinates":[[-74.6450398237397,39.2656550672537],[-74.6441606136009,39.266472816934],[-74.6436704962606,39.2669281412889]]}},{"type":"Feature","id":102795,"properties":{"OBJECTID":102795,"PRIMENAME":"Westminster Lane","ELEVTYP_F":0,"ELEVTYP_T":0},"geometry":{"type":"LineString","coordinates":[[-74.6211715738008,39.2526359771126],[-74.6211961388557,39.2527913323205]]}},{"type":"Feature","id":103191,"properties":{"OBJECTID":103191,"PRIMENAME":"Broadway","ELEVTYP_F":0,"ELEVTYP_T":0},"geometry":{"type":"LineString","coordinates":[[-74.6044006412849,39.3079920080283],[-74.6052558962067,39.3078188097392],[-74.6066486521916,39.3075402822717],[-74.6075748620611,39.3073688395848],[-74.607773854271,39.3073313139489]]}},{"type":"Feature","id":103195,"properties":{"OBJECTID":103195,"PRIMENAME":"Glenwood Drive","ELEVTYP_F":0,"ELEVTYP_T":0},"geometry":{"type":"LineString","coordinates":[[-74.600779526535,39.2752136796112],[-74.6003918824433,39.2759762787873],[-74.6003638205076,39.2760169670051]]}},{"type":"Feature","id":103507,"properties":{"OBJECTID":103507,"PRIMENAME":"Unnamed Segment","ELEVTYP_F":0,"ELEVTYP_T":0},"geometry":{"type":"LineString","coordinates":[[-74.5773272113249,39.2797492637191],[-74.5784005463036,39.2789199509182],[-74.5788106472455,39.2786213316825]]}},{"type":"Feature","id":103580,"properties":{"OBJECTID":103580,"PRIMENAME":"Unnamed Segment","ELEVTYP_F":0,"ELEVTYP_T":0},"geometry":{"type":"LineString","coordinates":[[-74.5744994266616,39.2796892829759],[-74.5732382467738,39.2806902629811],[-74.5731168501169,39.2807869055776]]}},{"type":"Feature","id":103794,"properties":{"OBJECTID":103794,"PRIMENAME":"Delancey Place","ELEVTYP_F":0,"ELEVTYP_T":0},"geometry":{"type":"LineString","coordinates":[[-74.5643495555796,39.2833038843543],[-74.5627815923355,39.2821215588998],[-74.5616604575851,39.2812631622856]]}},{"type":"Feature","id":103829,"properties":{"OBJECTID":103829,"PRIMENAME":"Old Stagecoach Road","ELEVTYP_F":0,"ELEVTYP_T":0},"geometry":{"type":"LineString","coordinates":[[-74.6561721781913,39.2623791153913],[-74.6557249176124,39.2626968170481],[-74.6553298638167,39.2629688152041]]}},{"type":"Feature","id":103869,"properties":{"OBJECTID":103869,"PRIMENAME":"Pleasure Avenue","ELEVTYP_F":0,"ELEVTYP_T":0},"geometry":{"type":"LineString","coordinates":[[-74.5813569111397,39.2807378931433],[-74.5800463888959,39.281743704153]]}},{"type":"Feature","id":103882,"properties":{"OBJECTID":103882,"PRIMENAME":"Central Avenue","ELEVTYP_F":0,"ELEVTYP_T":0},"geometry":{"type":"LineString","coordinates":[[-74.6386281086176,39.2191784230963],[-74.6378815332388,39.2200545132892],[-74.6375425538413,39.2204677080619]]}},{"type":"Feature","id":103916,"properties":{"OBJECTID":103916,"PRIMENAME":"Haven Avenue","ELEVTYP_F":0,"ELEVTYP_T":0},"geometry":{"type":"LineString","coordinates":[[-74.5907128892613,39.2705139080349],[-74.5908001264854,39.2704495626927],[-74.5921471182048,39.269463122632]]}},{"type":"Feature","id":104104,"properties":{"OBJECTID":104104,"PRIMENAME":"Asbury Avenue","ELEVTYP_F":0,"ELEVTYP_T":0},"geometry":{"type":"LineString","coordinates":[[-74.6362221968919,39.2234635962335],[-74.63706652621,39.222453794592],[-74.6373011828918,39.22217284917]]}},{"type":"Feature","id":104352,"properties":{"OBJECTID":104352,"PRIMENAME":"5th Street","ELEVTYP_F":0,"ELEVTYP_T":0},"geometry":{"type":"LineString","coordinates":[[-74.5654465009554,39.2792465407766],[-74.5646471608501,39.2786329905098],[-74.5642385221708,39.2783256975658]]}},{"type":"Feature","id":104546,"properties":{"OBJECTID":104546,"PRIMENAME":"Pinnacle Road","ELEVTYP_F":0,"ELEVTYP_T":0},"geometry":{"type":"LineString","coordinates":[[-74.5558940372687,39.2881776814792],[-74.5562050881985,39.2881964498791],[-74.556538926979,39.2882135587833],[-74.5567689234277,39.2882307444316],[-74.5570545473972,39.2882652008412],[-74.5573179147201,39.2883025501352],[-74.5576109817724,39.2883628938059],[-74.5576666753153,39.2883742886424]]}},{"type":"Feature","id":104609,"properties":{"OBJECTID":104609,"PRIMENAME":"Glenwood Drive","ELEVTYP_F":0,"ELEVTYP_T":0},"geometry":{"type":"LineString","coordinates":[[-74.6022415060026,39.2722937391958],[-74.6016437410239,39.2734952099426],[-74.6013937199222,39.2739941873881]]}},{"type":"Feature","id":104893,"properties":{"OBJECTID":104893,"PRIMENAME":"West Edinburgh Road","ELEVTYP_F":0,"ELEVTYP_T":0},"geometry":{"type":"LineString","coordinates":[[-74.5576203217564,39.2953191886079],[-74.5574907402651,39.2952731523188]]}},{"type":"Feature","id":105110,"properties":{"OBJECTID":105110,"PRIMENAME":"31st Street","ELEVTYP_F":0,"ELEVTYP_T":0},"geometry":{"type":"LineString","coordinates":[[-74.6072342000192,39.2547744490163],[-74.6076182889529,39.2550221433925]]}},{"type":"Feature","id":105268,"properties":{"OBJECTID":105268,"PRIMENAME":"20th Street","ELEVTYP_F":0,"ELEVTYP_T":0},"geometry":{"type":"LineString","coordinates":[[-74.5947284765408,39.2693467747055],[-74.594349458837,39.2690336867892]]}},{"type":"Feature","id":105385,"properties":{"OBJECTID":105385,"PRIMENAME":"Plaza Place","ELEVTYP_F":0,"ELEVTYP_T":0},"geometry":{"type":"LineString","coordinates":[[-74.5675762418573,39.2774083332445],[-74.5671085196085,39.2770527590604]]}},{"type":"Feature","id":105397,"properties":{"OBJECTID":105397,"PRIMENAME":"East 12th Street","ELEVTYP_F":0,"ELEVTYP_T":0},"geometry":{"type":"LineString","coordinates":[[-74.5795891795717,39.2747743027798],[-74.5799485731376,39.2750720487482]]}},{"type":"Feature","id":105614,"properties":{"OBJECTID":105614,"PRIMENAME":"37th Street","ELEVTYP_F":0,"ELEVTYP_T":0},"geometry":{"type":"LineString","coordinates":[[-74.6155637631902,39.2479537373912],[-74.6151406477245,39.2477167057269]]}},{"type":"Feature","id":105704,"properties":{"OBJECTID":105704,"PRIMENAME":"West 16th Street","ELEVTYP_F":0,"ELEVTYP_T":0},"geometry":{"type":"LineString","coordinates":[[-74.5893429417874,39.2738723169532],[-74.5898124991935,39.2742658008884]]}},{"type":"Feature","id":105893,"properties":{"OBJECTID":105893,"PRIMENAME":"Park Ridge Road","ELEVTYP_F":0,"ELEVTYP_T":0},"geometry":{"type":"LineString","coordinates":[[-74.577493376572,39.2819521554065],[-74.5775858537669,39.2819056915982],[-74.5777370573329,39.2818027358303],[-74.5780252012618,39.2815746766479],[-74.5784532982891,39.2812336468617]]}},{"type":"Feature","id":105950,"properties":{"OBJECTID":105950,"PRIMENAME":"East 55th Street","ELEVTYP_F":0,"ELEVTYP_T":0},"geometry":{"type":"LineString","coordinates":[[-74.6373833548525,39.2258820768844],[-74.6370529527446,39.2257112966763],[-74.6369266946076,39.2256471132815]]}},{"type":"Feature","id":105966,"properties":{"OBJECTID":105966,"PRIMENAME":"Jobs Point Road","ELEVTYP_F":0,"ELEVTYP_T":0},"geometry":{"type":"LineString","coordinates":[[-74.6510485100986,39.3179958103809],[-74.6508662981645,39.3179002224034],[-74.6505368209342,39.3177522710818],[-74.6497273140463,39.3173839923512],[-74.649165956143,39.3171164041369],[-74.6486085844903,39.3168267047941],[-74.6483238587633,39.3166913483029],[-74.6479739761012,39.316499238776],[-74.6477461191207,39.3163606503013],[-74.6474327614286,39.3161558624329],[-74.6470054689641,39.3158596758242],[-74.6467246667945,39.3156706317147],[-74.6465008544012,39.315519406241],[-74.6457358059401,39.315005823961],[-74.6452922604923,39.3147064939815],[-74.6447754493343,39.3143567599802],[-74.6440674235571,39.3138873005474],[-74.6436686622725,39.3136163269386],[-74.6430583267818,39.3132067071475],[-74.6423340047551,39.3127246546669],[-74.6416178626192,39.3122457180209],[-74.6408121886039,39.3117069196885],[-74.6400960608578,39.3112247882792],[-74.63945725908,39.3107868205493],[-74.6387574022485,39.3103015318878],[-74.6385457821789,39.3101502485017],[-74.6383423561895,39.3099958255514],[-74.6381812217021,39.3098602007456]]}},{"type":"Feature","id":106015,"properties":{"OBJECTID":106015,"PRIMENAME":"51st Street","ELEVTYP_F":0,"ELEVTYP_T":0},"geometry":{"type":"LineString","coordinates":[[-74.6299982247886,39.2294874102936],[-74.6295793427643,39.2292730787288]]}},{"type":"Feature","id":106104,"properties":{"OBJECTID":106104,"PRIMENAME":"Wesley Avenue","ELEVTYP_F":0,"ELEVTYP_T":0},"geometry":{"type":"LineString","coordinates":[[-74.6073546443997,39.2528392901841],[-74.6070825037437,39.2530937943617],[-74.6066622464091,39.2534868185218],[-74.6062489962503,39.2538689068299],[-74.6061544589323,39.2539644346388],[-74.6061299675399,39.2539999044577],[-74.6061335136884,39.2540326300313]]}},{"type":"Feature","id":106179,"properties":{"OBJECTID":106179,"PRIMENAME":"Unnamed Segment","ELEVTYP_F":0,"ELEVTYP_T":0},"geometry":{"type":"LineString","coordinates":[[-74.5651052609213,39.2795106765586],[-74.5644474075809,39.2790098133771],[-74.563982125621,39.2786516445256]]}},{"type":"Feature","id":106274,"properties":{"OBJECTID":106274,"PRIMENAME":"Old Tuckahoe Road","ELEVTYP_F":0,"ELEVTYP_T":0},"geometry":{"type":"LineString","coordinates":[[-74.6457020848305,39.2691253189154],[-74.6450038375402,39.2692915104437],[-74.6446126321406,39.2693861095191],[-74.6444009879035,39.2694372875831],[-74.6438154742456,39.2695796909304],[-74.6435899454958,39.2696373003286],[-74.6434131525336,39.2696729926072]]}},{"type":"Feature","id":106279,"properties":{"OBJECTID":106279,"PRIMENAME":"East Atlantic Boulevard","ELEVTYP_F":0,"ELEVTYP_T":0},"geometry":{"type":"LineString","coordinates":[[-74.5559431533633,39.2865387998096],[-74.5557673617218,39.2865202686732],[-74.5555678813495,39.2865270904767],[-74.5554334540674,39.2865406362422],[-74.5553033407679,39.2865609611842],[-74.5551906476096,39.2865811957501],[-74.555095272203,39.2866082313198],[-74.5548958309788,39.2866656006245],[-74.5548394568013,39.2866858362088]]}},{"type":"Feature","id":106339,"properties":{"OBJECTID":106339,"PRIMENAME":"Haven Avenue","ELEVTYP_F":0,"ELEVTYP_T":0},"geometry":{"type":"LineString","coordinates":[[-74.5791928468084,39.2789408065855],[-74.5793867601253,39.2788122857669],[-74.5806214075419,39.2778839635268]]}},{"type":"Feature","id":106654,"properties":{"OBJECTID":106654,"PRIMENAME":"Anchor Road","ELEVTYP_F":0,"ELEVTYP_T":0},"geometry":{"type":"LineString","coordinates":[[-74.6003638205076,39.2760169670051],[-74.6003276730895,39.2760607925407],[-74.6002794743304,39.2761014710609],[-74.6002650786093,39.2761107051769],[-74.600211108516,39.2761453234003],[-74.6001387331434,39.2761766595168],[-74.6000582544172,39.2761986123784],[-74.5999214818594,39.2762081199973],[-74.5997441532325,39.2762170307259]]}},{"type":"Feature","id":107058,"properties":{"OBJECTID":107058,"PRIMENAME":"58th Street","ELEVTYP_F":0,"ELEVTYP_T":0},"geometry":{"type":"LineString","coordinates":[[-74.6392248900537,39.2213191124739],[-74.6387918994671,39.221099970603]]}},{"type":"Feature","id":107074,"properties":{"OBJECTID":107074,"PRIMENAME":"54th Street","ELEVTYP_F":0,"ELEVTYP_T":0},"geometry":{"type":"LineString","coordinates":[[-74.6349170031055,39.2264719701345],[-74.6353883879708,39.2267096431748]]}},{"type":"Feature","id":107565,"properties":{"OBJECTID":107565,"PRIMENAME":"Unnamed Segment","ELEVTYP_F":0,"ELEVTYP_T":0},"geometry":{"type":"LineString","coordinates":[[-74.6131863908916,39.2485165565252],[-74.6128798757297,39.2488480438205],[-74.6124844619175,39.2492827175866],[-74.6119662907743,39.2497606162101],[-74.6119247892586,39.2498000023999]]}},{"type":"Feature","id":107585,"properties":{"OBJECTID":107585,"PRIMENAME":"13th Street","ELEVTYP_F":0,"ELEVTYP_T":0},"geometry":{"type":"LineString","coordinates":[[-74.5798255213547,39.272728255012],[-74.5802707867221,39.2730927165055]]}},{"type":"Feature","id":107644,"properties":{"OBJECTID":107644,"PRIMENAME":"Haven Avenue","ELEVTYP_F":0,"ELEVTYP_T":0},"geometry":{"type":"LineString","coordinates":[[-74.6152256398211,39.2496989257975],[-74.6152228735527,39.2497133435595],[-74.615209071911,39.2497384524368],[-74.6151401332999,39.2498209201082],[-74.6148713312727,39.2501061646852],[-74.614527419861,39.2504809651986],[-74.614387025813,39.250620558297],[-74.614246587496,39.2507546328045],[-74.6140254653322,39.2509598172154],[-74.6139658190448,39.2510254710643],[-74.613924081017,39.2510924532003]]}},{"type":"Feature","id":107646,"properties":{"OBJECTID":107646,"PRIMENAME":"57th Street","ELEVTYP_F":0,"ELEVTYP_T":0},"geometry":{"type":"LineString","coordinates":[[-74.6364795550642,39.2217591533507],[-74.6368886896318,39.2219650977269]]}},{"type":"Feature","id":108339,"properties":{"OBJECTID":108339,"PRIMENAME":"East 7th Street","ELEVTYP_F":0,"ELEVTYP_T":0},"geometry":{"type":"LineString","coordinates":[[-74.5753729140369,39.2825102677123],[-74.5749786288529,39.282211679206]]}},{"type":"Feature","id":108901,"properties":{"OBJECTID":108901,"PRIMENAME":"Reef Drive","ELEVTYP_F":0,"ELEVTYP_T":0},"geometry":{"type":"LineString","coordinates":[[-74.6053262781824,39.2687921903851],[-74.6053355550639,39.2687859473941],[-74.6054025544133,39.2687419472987],[-74.6054805524631,39.2687039474974],[-74.6055675546253,39.2686749477172],[-74.6056615539312,39.2686589476143],[-74.6057218986152,39.268655838152]]}},{"type":"Feature","id":109021,"properties":{"OBJECTID":109021,"PRIMENAME":"39th Street","ELEVTYP_F":0,"ELEVTYP_T":0},"geometry":{"type":"LineString","coordinates":[[-74.617046043627,39.2449963178189],[-74.6166407182808,39.2447691592756]]}},{"type":"Feature","id":109513,"properties":{"OBJECTID":109513,"PRIMENAME":"Broadway","ELEVTYP_F":0,"ELEVTYP_T":0},"geometry":{"type":"LineString","coordinates":[[-74.6008639227914,39.3086820496899],[-74.600868263928,39.3086810820541],[-74.6009184734858,39.3086720321676],[-74.6010912577318,39.3086409112556],[-74.6022164746626,39.3084186528472],[-74.6022261913102,39.3084168048463]]}},{"type":"Feature","id":109789,"properties":{"OBJECTID":109789,"PRIMENAME":"Saint Andrews Place","ELEVTYP_F":0,"ELEVTYP_T":0},"geometry":{"type":"LineString","coordinates":[[-74.6467656026239,39.2688723113946],[-74.645217924869,39.2679016092791],[-74.6445729826044,39.2674966772562]]}},{"type":"Feature","id":110416,"properties":{"OBJECTID":110416,"PRIMENAME":"Simpson Avenue","ELEVTYP_F":0,"ELEVTYP_T":0},"geometry":{"type":"LineString","coordinates":[[-74.6389172704658,39.2248367135995],[-74.6379620183221,39.2259713156237],[-74.637844949825,39.2261117611893]]}},{"type":"Feature","id":110480,"properties":{"OBJECTID":110480,"PRIMENAME":"East 9th Street","ELEVTYP_F":0,"ELEVTYP_T":0},"geometry":{"type":"LineString","coordinates":[[-74.5762364125464,39.2788559053677],[-74.5758876842771,39.2785913094607]]}},{"type":"Feature","id":110505,"properties":{"OBJECTID":110505,"PRIMENAME":"Bay Avenue","ELEVTYP_F":0,"ELEVTYP_T":0},"geometry":{"type":"LineString","coordinates":[[-74.5888586463136,39.2742247705275],[-74.5885787680156,39.2744284409003],[-74.5883867726295,39.2745697988689]]}},{"type":"Feature","id":110630,"properties":{"OBJECTID":110630,"PRIMENAME":"Unnamed Segment","ELEVTYP_F":0,"ELEVTYP_T":0},"geometry":{"type":"LineString","coordinates":[[-74.6004359413572,39.2628405180217],[-74.6006295776244,39.2627003744385],[-74.6009313654803,39.2624874574188],[-74.6011475516995,39.2623349097848],[-74.6012617197036,39.2622459595349],[-74.6013962697229,39.2621347779927],[-74.6015430555353,39.2619854753374],[-74.6020445197808,39.2615185116154],[-74.6021105483565,39.2614564824032]]}},{"type":"Feature","id":111012,"properties":{"OBJECTID":111012,"PRIMENAME":"1st Street","ELEVTYP_F":0,"ELEVTYP_T":0},"geometry":{"type":"LineString","coordinates":[[-74.56627349349,39.2884946092451],[-74.5658735224955,39.2881920397474]]}},{"type":"Feature","id":111106,"properties":{"OBJECTID":111106,"PRIMENAME":"Haven Avenue","ELEVTYP_F":0,"ELEVTYP_T":0},"geometry":{"type":"LineString","coordinates":[[-74.5964614643124,39.2662843213616],[-74.5961304685153,39.2665054023422],[-74.5951166747406,39.2672515594117],[-74.5950125411593,39.2673280577058]]}},{"type":"Feature","id":111310,"properties":{"OBJECTID":111310,"PRIMENAME":"East 4th Street","ELEVTYP_F":0,"ELEVTYP_T":0},"geometry":{"type":"LineString","coordinates":[[-74.5682384628894,39.283532364261],[-74.5685963455673,39.2838055442713]]}},{"type":"Feature","id":111800,"properties":{"OBJECTID":111800,"PRIMENAME":"Unnamed Segment","ELEVTYP_F":0,"ELEVTYP_T":0},"geometry":{"type":"LineString","coordinates":[[-74.5917843404847,39.2691614900096],[-74.5921621478642,39.2688834631903],[-74.5932242025809,39.2681031909194]]}},{"type":"Feature","id":111950,"properties":{"OBJECTID":111950,"PRIMENAME":"Unnamed Segment","ELEVTYP_F":0,"ELEVTYP_T":0},"geometry":{"type":"LineString","coordinates":[[-74.5737837664776,39.2791436990514],[-74.5742373953706,39.2787862752768],[-74.5749113152776,39.2782547134841],[-74.5751843298359,39.2780562971696]]}},{"type":"Feature","id":112098,"properties":{"OBJECTID":112098,"PRIMENAME":"Wesley Avenue","ELEVTYP_F":0,"ELEVTYP_T":0},"geometry":{"type":"LineString","coordinates":[[-74.5892786522191,39.2670830089498],[-74.5889574134226,39.2673207047634],[-74.587840680661,39.2681307147896]]}},{"type":"Feature","id":112099,"properties":{"OBJECTID":112099,"PRIMENAME":"Ocean Avenue","ELEVTYP_F":0,"ELEVTYP_T":0},"geometry":{"type":"LineString","coordinates":[[-74.5717131643278,39.2788273961356],[-74.5712292441823,39.2792170077799],[-74.57114318205,39.2792843851367]]}},{"type":"Feature","id":112271,"properties":{"OBJECTID":112271,"PRIMENAME":"37th Street","ELEVTYP_F":0,"ELEVTYP_T":0},"geometry":{"type":"LineString","coordinates":[[-74.6135131148826,39.246812845332],[-74.6131733950313,39.2466270984195]]}},{"type":"Feature","id":112303,"properties":{"OBJECTID":112303,"PRIMENAME":"Unnamed Segment","ELEVTYP_F":0,"ELEVTYP_T":0},"geometry":{"type":"LineString","coordinates":[[-74.5594201855159,39.2816501130324],[-74.5594807282761,39.2816956510915],[-74.5603194505805,39.2823265091818]]}},{"type":"Feature","id":112310,"properties":{"OBJECTID":112310,"PRIMENAME":"Asbury Avenue","ELEVTYP_F":0,"ELEVTYP_T":0},"geometry":{"type":"LineString","coordinates":[[-74.6158938738358,39.2462416689608],[-74.6155896723888,39.246570744285],[-74.6147456682777,39.2474954606143]]}},{"type":"Feature","id":112353,"properties":{"OBJECTID":112353,"PRIMENAME":"32nd Street","ELEVTYP_F":0,"ELEVTYP_T":0},"geometry":{"type":"LineString","coordinates":[[-74.6081206325928,39.2533462384695],[-74.6077315562387,39.2530887484011]]}},{"type":"Feature","id":112966,"properties":{"OBJECTID":112966,"PRIMENAME":"Corinthian Avenue","ELEVTYP_F":0,"ELEVTYP_T":0},"geometry":{"type":"LineString","coordinates":[[-74.5578864801928,39.2842510864078],[-74.5583514488149,39.2838835065517]]}},{"type":"Feature","id":113050,"properties":{"OBJECTID":113050,"PRIMENAME":"Unnamed Segment","ELEVTYP_F":0,"ELEVTYP_T":0},"geometry":{"type":"LineString","coordinates":[[-74.5623827193202,39.2806899674548],[-74.5630015792855,39.2811611001065],[-74.5643974313787,39.2822267427998],[-74.5650646511161,39.2827387493124]]}},{"type":"Feature","id":113205,"properties":{"OBJECTID":113205,"PRIMENAME":"Unnamed Segment","ELEVTYP_F":0,"ELEVTYP_T":0},"geometry":{"type":"LineString","coordinates":[[-74.6033747315393,39.2602728408416],[-74.6035815222234,39.2600794409623],[-74.6045926085822,39.2591391164267],[-74.6046395882691,39.2590953896128]]}},{"type":"Feature","id":113299,"properties":{"OBJECTID":113299,"PRIMENAME":"Unnamed Segment","ELEVTYP_F":0,"ELEVTYP_T":0},"geometry":{"type":"LineString","coordinates":[[-74.5674336431259,39.2829184260327],[-74.5666653205579,39.283519793888],[-74.5660459050439,39.2840098721515]]}},{"type":"Feature","id":113573,"properties":{"OBJECTID":113573,"PRIMENAME":"Haven Avenue","ELEVTYP_F":0,"ELEVTYP_T":0},"geometry":{"type":"LineString","coordinates":[[-74.5653302045565,39.2899378470596],[-74.5653534037551,39.289883413673],[-74.5654036174244,39.2898122720048],[-74.5654750918909,39.2897303823812],[-74.5661684290601,39.2891872190135],[-74.5666680586617,39.2887931717956]]}},{"type":"Feature","id":113653,"properties":{"OBJECTID":113653,"PRIMENAME":"Unnamed Segment","ELEVTYP_F":0,"ELEVTYP_T":0},"geometry":{"type":"LineString","coordinates":[[-74.5704350927603,39.2852105240534],[-74.5705514554339,39.2851202021298],[-74.5714483320566,39.2844137608859],[-74.571826308236,39.2841069698275]]}},{"type":"Feature","id":113854,"properties":{"OBJECTID":113854,"PRIMENAME":"51st Street","ELEVTYP_F":0,"ELEVTYP_T":0},"geometry":{"type":"LineString","coordinates":[[-74.6312499202663,39.2301189807572],[-74.630830720499,39.2299078934607]]}},{"type":"Feature","id":114226,"properties":{"OBJECTID":114226,"PRIMENAME":"West 52nd Street","ELEVTYP_F":0,"ELEVTYP_T":0},"geometry":{"type":"LineString","coordinates":[[-74.6387085849643,39.2309598124896],[-74.639212545919,39.2310460313901],[-74.6393212494645,39.2310645449838]]}},{"type":"Feature","id":114233,"properties":{"OBJECTID":114233,"PRIMENAME":"20th Street","ELEVTYP_F":0,"ELEVTYP_T":0},"geometry":{"type":"LineString","coordinates":[[-74.594349458837,39.2690336867892],[-74.5939704095918,39.2687204868453]]}},{"type":"Feature","id":114278,"properties":{"OBJECTID":114278,"PRIMENAME":"Unnamed Segment","ELEVTYP_F":0,"ELEVTYP_T":0},"geometry":{"type":"LineString","coordinates":[[-74.6118193092873,39.25373686724],[-74.612262872366,39.2533149990296],[-74.6130899363878,39.2525532495268]]}},{"type":"Feature","id":114508,"properties":{"OBJECTID":114508,"PRIMENAME":"Bayshore Drive","ELEVTYP_F":0,"ELEVTYP_T":0},"geometry":{"type":"LineString","coordinates":[[-74.5951337240817,39.2731998076548],[-74.5952166784396,39.2732075653026],[-74.5953392444588,39.2732233357162],[-74.5954699826282,39.273248653429],[-74.5955843958678,39.2732707180123],[-74.5957396812939,39.2733182556872],[-74.5958663257752,39.2733721044811],[-74.5960257518632,39.2734513518349],[-74.5961360892214,39.2735147688087],[-74.5962669379772,39.2735940394196],[-74.5963608363116,39.2736739719419]]}},{"type":"Feature","id":114610,"properties":{"OBJECTID":114610,"PRIMENAME":"Beesleys Lane","ELEVTYP_F":0,"ELEVTYP_T":0},"geometry":{"type":"LineString","coordinates":[[-74.6320042904137,39.2807232035618],[-74.629931015896,39.2800629442555],[-74.6298017047092,39.2800217623803]]}},{"type":"Feature","id":114640,"properties":{"OBJECTID":114640,"PRIMENAME":"George Street","ELEVTYP_F":0,"ELEVTYP_T":0},"geometry":{"type":"LineString","coordinates":[[-74.5980199207988,39.3096976651842],[-74.5967153643173,39.3090423424]]}},{"type":"Feature","id":114703,"properties":{"OBJECTID":114703,"PRIMENAME":"Wesley Road","ELEVTYP_F":0,"ELEVTYP_T":0},"geometry":{"type":"LineString","coordinates":[[-74.55816444783,39.2907671159052],[-74.5581244787569,39.2909730093507],[-74.5580999927416,39.2911454241703],[-74.558086032822,39.2913123153037],[-74.5580755870968,39.2914573760011],[-74.558079084328,39.2915412280116]]}},{"type":"Feature","id":114919,"properties":{"OBJECTID":114919,"PRIMENAME":"Unnamed Segment","ELEVTYP_F":0,"ELEVTYP_T":0},"geometry":{"type":"LineString","coordinates":[[-74.5647906930321,39.287369731306],[-74.5657354229184,39.2866235778673],[-74.5661800660416,39.2862726985197]]}},{"type":"Feature","id":114931,"properties":{"OBJECTID":114931,"PRIMENAME":"Unnamed Segment","ELEVTYP_F":0,"ELEVTYP_T":0},"geometry":{"type":"LineString","coordinates":[[-74.6398705640869,39.2289592186952],[-74.6397878519599,39.2289353198864],[-74.63924895383,39.2286676992166]]}},{"type":"Feature","id":114943,"properties":{"OBJECTID":114943,"PRIMENAME":"East 7th Street","ELEVTYP_F":0,"ELEVTYP_T":0},"geometry":{"type":"LineString","coordinates":[[-74.575619647309,39.2826970903695],[-74.5753729140369,39.2825102677123]]}},{"type":"Feature","id":115019,"properties":{"OBJECTID":115019,"PRIMENAME":"Unnamed Segment","ELEVTYP_F":0,"ELEVTYP_T":0},"geometry":{"type":"LineString","coordinates":[[-74.5874869221721,39.2700909832187],[-74.5869856002075,39.2704574444162],[-74.5860456837501,39.2711388336893]]}},{"type":"Feature","id":115061,"properties":{"OBJECTID":115061,"PRIMENAME":"West Dundee Road","ELEVTYP_F":0,"ELEVTYP_T":0},"geometry":{"type":"LineString","coordinates":[[-74.5587422500761,39.2941278442202],[-74.5585041800496,39.2940701936139],[-74.5583946128079,39.2940401008808]]}},{"type":"Feature","id":115452,"properties":{"OBJECTID":115452,"PRIMENAME":"Central Avenue","ELEVTYP_F":0,"ELEVTYP_T":0},"geometry":{"type":"LineString","coordinates":[[-74.6310828111377,39.2281932016601],[-74.6306728291165,39.2286829794652],[-74.6299982247886,39.2294874102936]]}},{"type":"Feature","id":115612,"properties":{"OBJECTID":115612,"PRIMENAME":"East 55th Street","ELEVTYP_F":0,"ELEVTYP_T":0},"geometry":{"type":"LineString","coordinates":[[-74.6347282771468,39.2245505035942],[-74.6343069343712,39.2243333351523]]}},{"type":"Feature","id":115663,"properties":{"OBJECTID":115663,"PRIMENAME":"3rd Street","ELEVTYP_F":0,"ELEVTYP_T":0},"geometry":{"type":"LineString","coordinates":[[-74.5675664359697,39.2851836959371],[-74.5672103151741,39.2849087822332]]}},{"type":"Feature","id":115690,"properties":{"OBJECTID":115690,"PRIMENAME":"Bayland Drive","ELEVTYP_F":0,"ELEVTYP_T":0},"geometry":{"type":"LineString","coordinates":[[-74.6075159682691,39.2609581843483],[-74.6081014933218,39.2604077572176]]}},{"type":"Feature","id":115737,"properties":{"OBJECTID":115737,"PRIMENAME":"Richmond Drive","ELEVTYP_F":0,"ELEVTYP_T":0},"geometry":{"type":"LineString","coordinates":[[-74.593817071066,39.273090772796],[-74.5944879426131,39.2725967162836]]}},{"type":"Feature","id":115749,"properties":{"OBJECTID":115749,"PRIMENAME":"Unnamed Segment","ELEVTYP_F":0,"ELEVTYP_T":0},"geometry":{"type":"LineString","coordinates":[[-74.5758876842771,39.2785913094607],[-74.5746806170788,39.2795455110147],[-74.5744994266616,39.2796892829759]]}},{"type":"Feature","id":115758,"properties":{"OBJECTID":115758,"PRIMENAME":"Unnamed Segment","ELEVTYP_F":0,"ELEVTYP_T":0},"geometry":{"type":"LineString","coordinates":[[-74.6068524125421,39.2545282619349],[-74.6067818446996,39.2545941968407],[-74.6058328463509,39.2554734744525],[-74.6055783964444,39.2557121710602]]}},{"type":"Feature","id":115932,"properties":{"OBJECTID":115932,"PRIMENAME":"Unnamed Segment","ELEVTYP_F":0,"ELEVTYP_T":0},"geometry":{"type":"LineString","coordinates":[[-74.5817094574035,39.2720365655636],[-74.5822875447528,39.2716106546427],[-74.583140239647,39.27097806827]]}},{"type":"Feature","id":116152,"properties":{"OBJECTID":116152,"PRIMENAME":"Wesley Road","ELEVTYP_F":0,"ELEVTYP_T":0},"geometry":{"type":"LineString","coordinates":[[-74.5584195807169,39.2900667507233],[-74.5583632757644,39.2901738342678],[-74.5582824586067,39.2903763701805],[-74.5582191809701,39.2905542688311],[-74.5581770797561,39.2907020640568],[-74.55816444783,39.2907671159052]]}},{"type":"Feature","id":116457,"properties":{"OBJECTID":116457,"PRIMENAME":"North Street","ELEVTYP_F":0,"ELEVTYP_T":0},"geometry":{"type":"LineString","coordinates":[[-74.563413364581,39.2884714088124],[-74.5636601271913,39.2886628967344],[-74.563762381166,39.2887409563475]]}},{"type":"Feature","id":116467,"properties":{"OBJECTID":116467,"PRIMENAME":"Roosevelt Boulevard","ELEVTYP_F":0,"ELEVTYP_T":0},"geometry":{"type":"LineString","coordinates":[[-74.6444883297737,39.2630659378978],[-74.6443073612836,39.2629513360284],[-74.6438116311545,39.2626351482955]]}},{"type":"Feature","id":116492,"properties":{"OBJECTID":116492,"PRIMENAME":"FR GSP SB TO VERNON RD","ELEVTYP_F":0,"ELEVTYP_T":0},"geometry":{"type":"LineString","coordinates":[[-74.6412789114395,39.2651932656737],[-74.6414657420849,39.264965986201],[-74.6416348168974,39.2647714153147],[-74.6417900707502,39.2646114157125],[-74.6418935462886,39.2645139520447],[-74.6420251443713,39.2643874609687],[-74.6422026082229,39.264218025512],[-74.642416842349,39.2640151575765],[-74.6425089524996,39.2639244084817]]}},{"type":"Feature","id":116937,"properties":{"OBJECTID":116937,"PRIMENAME":"Unnamed Segment","ELEVTYP_F":0,"ELEVTYP_T":0},"geometry":{"type":"LineString","coordinates":[[-74.5889569520347,39.2735488657227],[-74.5896976462178,39.2730124709135],[-74.5904013759097,39.2725014167823]]}},{"type":"Feature","id":116971,"properties":{"OBJECTID":116971,"PRIMENAME":"Bay Avenue","ELEVTYP_F":0,"ELEVTYP_T":0},"geometry":{"type":"LineString","coordinates":[[-74.5949624366259,39.2697755752237],[-74.5945991010437,39.2700406121557]]}},{"type":"Feature","id":117026,"properties":{"OBJECTID":117026,"PRIMENAME":"East 6th Street","ELEVTYP_F":0,"ELEVTYP_T":0},"geometry":{"type":"LineString","coordinates":[[-74.57058729278,39.2810131485975],[-74.571018114235,39.2813439638709]]}},{"type":"Feature","id":117216,"properties":{"OBJECTID":117216,"PRIMENAME":"Roosevelt Boulevard","ELEVTYP_F":0,"ELEVTYP_T":0},"geometry":{"type":"LineString","coordinates":[[-74.6181526303573,39.2530159025738],[-74.6177094074621,39.2530479820833],[-74.6169208964118,39.2530960021613],[-74.6157674613963,39.2531809267245]]}},{"type":"Feature","id":117399,"properties":{"OBJECTID":117399,"PRIMENAME":"East 7th Street","ELEVTYP_F":0,"ELEVTYP_T":0},"geometry":{"type":"LineString","coordinates":[[-74.5738201139919,39.2813261586165],[-74.573472192771,39.2810593588738]]}},{"type":"Feature","id":117444,"properties":{"OBJECTID":117444,"PRIMENAME":"West 11th Street","ELEVTYP_F":0,"ELEVTYP_T":0},"geometry":{"type":"LineString","coordinates":[[-74.582490182691,39.2794189464841],[-74.5825357558098,39.2794561613795],[-74.5829145756325,39.2797772073517],[-74.5830712727008,39.279910003841]]}},{"type":"Feature","id":117546,"properties":{"OBJECTID":117546,"PRIMENAME":"15th Street","ELEVTYP_F":0,"ELEVTYP_T":0},"geometry":{"type":"LineString","coordinates":[[-74.5845996373085,39.2721899918785],[-74.5842593676866,39.2719081160847]]}},{"type":"Feature","id":117614,"properties":{"OBJECTID":117614,"PRIMENAME":"Unnamed Segment","ELEVTYP_F":0,"ELEVTYP_T":0},"geometry":{"type":"LineString","coordinates":[[-74.560842467934,39.2909323846178],[-74.5608920450965,39.2909366691252],[-74.560910281291,39.2909405313123],[-74.5609261887675,39.2909486772149],[-74.5609726600143,39.2909967575947],[-74.5611765823221,39.2912087019259]]}},{"type":"Feature","id":118151,"properties":{"OBJECTID":118151,"PRIMENAME":"Ocean Road","ELEVTYP_F":0,"ELEVTYP_T":0},"geometry":{"type":"LineString","coordinates":[[-74.5545401058368,39.2893064249386],[-74.5545037166514,39.2894937541102],[-74.5544680311571,39.2897696588182],[-74.5544681825049,39.2899650160919],[-74.5544843335502,39.2901974598587],[-74.5544898599628,39.2902606363162]]}},{"type":"Feature","id":118396,"properties":{"OBJECTID":118396,"PRIMENAME":"East Atlantic Boulevard","ELEVTYP_F":0,"ELEVTYP_T":0},"geometry":{"type":"LineString","coordinates":[[-74.5541073515206,39.2915693085322],[-74.554231771377,39.2916233403975],[-74.5543662155335,39.2916637227247],[-74.5545267620049,39.2916906100983],[-74.5547522586042,39.291724166125],[-74.55523382061,39.2917947512465],[-74.5554487543401,39.2918294919095]]}},{"type":"Feature","id":118602,"properties":{"OBJECTID":118602,"PRIMENAME":"Summer Court","ELEVTYP_F":0,"ELEVTYP_T":0},"geometry":{"type":"LineString","coordinates":[[-74.6098637400652,39.2587594720907],[-74.6104222377854,39.2591274750199],[-74.6105576849201,39.2592183118261],[-74.6105906603998,39.2592552656897],[-74.6106199704471,39.2592978784049],[-74.610631031276,39.2593462205813],[-74.610634784837,39.2593973424376],[-74.6106202117156,39.2594513913676],[-74.6105800563886,39.2594969265698],[-74.6104668571584,39.2595851716172],[-74.6102585987868,39.2597303423398],[-74.6102147645348,39.2597502902622],[-74.6101672526104,39.2597674139576],[-74.6101087423566,39.2597759811876],[-74.6100574956984,39.2597760296291],[-74.6100026634978,39.259764713925],[-74.6099331421026,39.2597335056324],[-74.6092821860628,39.2593019421061]]}},{"type":"Feature","id":118827,"properties":{"OBJECTID":118827,"PRIMENAME":"30th Street","ELEVTYP_F":0,"ELEVTYP_T":0},"geometry":{"type":"LineString","coordinates":[[-74.6051977696064,39.2554629570734],[-74.6048107120236,39.2552095191426]]}},{"type":"Feature","id":119015,"properties":{"OBJECTID":119015,"PRIMENAME":"32nd Street","ELEVTYP_F":0,"ELEVTYP_T":0},"geometry":{"type":"LineString","coordinates":[[-74.6113959986006,39.2554663367413],[-74.6118214426884,39.2557466514976]]}},{"type":"Feature","id":119167,"properties":{"OBJECTID":119167,"PRIMENAME":"East 6th Street","ELEVTYP_F":0,"ELEVTYP_T":0},"geometry":{"type":"LineString","coordinates":[[-74.573580987238,39.2833020406202],[-74.5739703616303,39.2836020097746]]}},{"type":"Feature","id":119444,"properties":{"OBJECTID":119444,"PRIMENAME":"West Avenue","ELEVTYP_F":0,"ELEVTYP_T":0},"geometry":{"type":"LineString","coordinates":[[-74.5769354205261,39.279440969176],[-74.5756936560273,39.2804245275672],[-74.5755820759635,39.280512462614]]}},{"type":"Feature","id":119684,"properties":{"OBJECTID":119684,"PRIMENAME":"Asbury Avenue","ELEVTYP_F":0,"ELEVTYP_T":0},"geometry":{"type":"LineString","coordinates":[[-74.5806261016985,39.2756311032854],[-74.5805265999352,39.2757042081349],[-74.579176138069,39.2766820033111]]}},{"type":"Feature","id":119858,"properties":{"OBJECTID":119858,"PRIMENAME":"Asbury Avenue","ELEVTYP_F":0,"ELEVTYP_T":0},"geometry":{"type":"LineString","coordinates":[[-74.617046043627,39.2449963178189],[-74.6167679346649,39.2452961832617],[-74.6158938738358,39.2462416689608]]}},{"type":"Feature","id":120206,"properties":{"OBJECTID":120206,"PRIMENAME":"Wesley Road","ELEVTYP_F":0,"ELEVTYP_T":0},"geometry":{"type":"LineString","coordinates":[[-74.5584658703411,39.2932140474734],[-74.5584398474456,39.2933644974756],[-74.5584083097207,39.2935122603864],[-74.5583521542175,39.2937175295564],[-74.5582994778939,39.2938981415097],[-74.5582638003489,39.293997690958]]}},{"type":"Feature","id":120247,"properties":{"OBJECTID":120247,"PRIMENAME":"28th Street","ELEVTYP_F":0,"ELEVTYP_T":0},"geometry":{"type":"LineString","coordinates":[[-74.6022768413242,39.2575735589977],[-74.6022337368356,39.2575453226402],[-74.6018170649872,39.2572723718511]]}},{"type":"Feature","id":120252,"properties":{"OBJECTID":120252,"PRIMENAME":"Bayland Drive","ELEVTYP_F":0,"ELEVTYP_T":0},"geometry":{"type":"LineString","coordinates":[[-74.6098637400652,39.2587594720907],[-74.6100543245959,39.258583896088]]}},{"type":"Feature","id":120339,"properties":{"OBJECTID":120339,"PRIMENAME":"Pleasure Avenue","ELEVTYP_F":0,"ELEVTYP_T":0},"geometry":{"type":"LineString","coordinates":[[-74.5788834405729,39.2830029113629],[-74.5783960578727,39.2833824224138]]}},{"type":"Feature","id":120484,"properties":{"OBJECTID":120484,"PRIMENAME":"Wesley Avenue","ELEVTYP_F":0,"ELEVTYP_T":0},"geometry":{"type":"LineString","coordinates":[[-74.6146656908911,39.2455690830757],[-74.6144752332676,39.2457726465598],[-74.6140125973705,39.2462843818645],[-74.6135131148826,39.246812845332]]}},{"type":"Feature","id":120555,"properties":{"OBJECTID":120555,"PRIMENAME":"Randolf Boulevard","ELEVTYP_F":0,"ELEVTYP_T":0},"geometry":{"type":"LineString","coordinates":[[-74.6423691231214,39.2660919384079],[-74.6420159051836,39.2658649702514],[-74.6418421530665,39.2657572471097],[-74.6418029622632,39.2657303052564],[-74.64178557336,39.2656898262919],[-74.64177681528,39.2656561200205],[-74.6417897819781,39.2656223863981]]}},{"type":"Feature","id":120706,"properties":{"OBJECTID":120706,"PRIMENAME":"19th Street","ELEVTYP_F":0,"ELEVTYP_T":0},"geometry":{"type":"LineString","coordinates":[[-74.5917843404847,39.2691614900096],[-74.5914364168803,39.2688721462253],[-74.5914025416594,39.2688439743368]]}},{"type":"Feature","id":121437,"properties":{"OBJECTID":121437,"PRIMENAME":"East 4th Street","ELEVTYP_F":0,"ELEVTYP_T":0},"geometry":{"type":"LineString","coordinates":[[-74.5704350927603,39.2852105240534],[-74.5708084789213,39.2854962524544],[-74.5712030870337,39.2857982147776]]}},{"type":"Feature","id":121550,"properties":{"OBJECTID":121550,"PRIMENAME":"16th Street","ELEVTYP_F":0,"ELEVTYP_T":0},"geometry":{"type":"LineString","coordinates":[[-74.5849575528202,39.2702331340743],[-74.5853627394908,39.2705709176901]]}},{"type":"Feature","id":121606,"properties":{"OBJECTID":121606,"PRIMENAME":"Bay Avenue","ELEVTYP_F":0,"ELEVTYP_T":0},"geometry":{"type":"LineString","coordinates":[[-74.5868076365866,39.2757242136882],[-74.5867778479868,39.2757460366991],[-74.5864618867681,39.2759770219416]]}},{"type":"Feature","id":121710,"properties":{"OBJECTID":121710,"PRIMENAME":"2nd Street","ELEVTYP_F":0,"ELEVTYP_T":0},"geometry":{"type":"LineString","coordinates":[[-74.5633384099822,39.2841030557348],[-74.5637748011703,39.2844365033846]]}},{"type":"Feature","id":121724,"properties":{"OBJECTID":121724,"PRIMENAME":"Bay Avenue","ELEVTYP_F":0,"ELEVTYP_T":0},"geometry":{"type":"LineString","coordinates":[[-74.5850171686826,39.2770343334025],[-74.584185302869,39.2776442936703],[-74.5835876509998,39.278077998122]]}},{"type":"Feature","id":121858,"properties":{"OBJECTID":121858,"PRIMENAME":"15th Street","ELEVTYP_F":0,"ELEVTYP_T":0},"geometry":{"type":"LineString","coordinates":[[-74.5871455634929,39.2742920999844],[-74.5867712224305,39.2739837612304]]}},{"type":"Feature","id":121902,"properties":{"OBJECTID":121902,"PRIMENAME":"Bay Avenue","ELEVTYP_F":0,"ELEVTYP_T":0},"geometry":{"type":"LineString","coordinates":[[-74.5953197004367,39.2695149345327],[-74.595113790701,39.2696651557718]]}},{"type":"Feature","id":122100,"properties":{"OBJECTID":122100,"PRIMENAME":"Unnamed Segment","ELEVTYP_F":0,"ELEVTYP_T":0},"geometry":{"type":"LineString","coordinates":[[-74.5668489284139,39.284629806845],[-74.5666036658647,39.2848230528538],[-74.5654594892365,39.2857230311686]]}},{"type":"Feature","id":122160,"properties":{"OBJECTID":122160,"PRIMENAME":"Saint Albans Place","ELEVTYP_F":0,"ELEVTYP_T":0},"geometry":{"type":"LineString","coordinates":[[-74.5868202366955,39.2682153890901],[-74.5866330478561,39.2680611921641]]}},{"type":"Feature","id":122553,"properties":{"OBJECTID":122553,"PRIMENAME":"West Avenue","ELEVTYP_F":0,"ELEVTYP_T":0},"geometry":{"type":"LineString","coordinates":[[-74.627495756916,39.2350390276255],[-74.627104342079,39.2354638628005]]}},{"type":"Feature","id":123021,"properties":{"OBJECTID":123021,"PRIMENAME":"35th Street","ELEVTYP_F":0,"ELEVTYP_T":0},"geometry":{"type":"LineString","coordinates":[[-74.612678847754,39.2502891942631],[-74.6126366395702,39.2502619427539],[-74.6123089407793,39.2500493281747]]}},{"type":"Feature","id":123033,"properties":{"OBJECTID":123033,"PRIMENAME":"54th Street","ELEVTYP_F":0,"ELEVTYP_T":0},"geometry":{"type":"LineString","coordinates":[[-74.6363046306807,39.2271720002533],[-74.6367659562152,39.2274059175902]]}},{"type":"Feature","id":123305,"properties":{"OBJECTID":123305,"PRIMENAME":"Wesley Avenue","ELEVTYP_F":0,"ELEVTYP_T":0},"geometry":{"type":"LineString","coordinates":[[-74.6005693262952,39.2584520291818],[-74.60027826642,39.2587222394579],[-74.599853772334,39.2591163954051],[-74.5992980950787,39.2596324622613]]}},{"type":"Feature","id":123425,"properties":{"OBJECTID":123425,"PRIMENAME":"Unnamed Segment","ELEVTYP_F":0,"ELEVTYP_T":0},"geometry":{"type":"LineString","coordinates":[[-74.622062113753,39.2402288144787],[-74.6222643731501,39.2400110028532],[-74.6232203106272,39.2389753773927]]}},{"type":"Feature","id":123467,"properties":{"OBJECTID":123467,"PRIMENAME":"Wayne Avenue","ELEVTYP_F":0,"ELEVTYP_T":0},"geometry":{"type":"LineString","coordinates":[[-74.5672670800807,39.2776554339791],[-74.5667398957585,39.2780767645845]]}},{"type":"Feature","id":123872,"properties":{"OBJECTID":123872,"PRIMENAME":"46th Street","ELEVTYP_F":0,"ELEVTYP_T":0},"geometry":{"type":"LineString","coordinates":[[-74.6269729049301,39.2372712184871],[-74.6264093424522,39.2369628644649],[-74.6259514165721,39.2367123086753]]}},{"type":"Feature","id":124522,"properties":{"OBJECTID":124522,"PRIMENAME":"Westminster Lane","ELEVTYP_F":0,"ELEVTYP_T":0},"geometry":{"type":"LineString","coordinates":[[-74.6210714367135,39.2518852913964],[-74.6211339424352,39.2523981270304],[-74.6211715738008,39.2526359771126]]}},{"type":"Feature","id":124733,"properties":{"OBJECTID":124733,"PRIMENAME":"Gull Road","ELEVTYP_F":0,"ELEVTYP_T":0},"geometry":{"type":"LineString","coordinates":[[-74.5558235870569,39.2873818445635],[-74.5559431533633,39.2865387998096]]}},{"type":"Feature","id":124775,"properties":{"OBJECTID":124775,"PRIMENAME":"Unnamed Segment","ELEVTYP_F":0,"ELEVTYP_T":0},"geometry":{"type":"LineString","coordinates":[[-74.5997016179184,39.2622307484858],[-74.5991556287183,39.262622287826],[-74.5985275804579,39.2630861879072],[-74.5982613269151,39.2632817710711]]}},{"type":"Feature","id":124837,"properties":{"OBJECTID":124837,"PRIMENAME":"33rd Street","ELEVTYP_F":0,"ELEVTYP_T":0},"geometry":{"type":"LineString","coordinates":[[-74.6109730405687,39.2531990476553],[-74.6113875666443,39.2534633947652]]}},{"type":"Feature","id":125028,"properties":{"OBJECTID":125028,"PRIMENAME":"Unnamed Segment","ELEVTYP_F":0,"ELEVTYP_T":0},"geometry":{"type":"LineString","coordinates":[[-74.639868253416,39.2198057423316],[-74.6392766071826,39.2205175698087],[-74.6388524719394,39.2210275752216],[-74.6387918994671,39.221099970603]]}},{"type":"Feature","id":125106,"properties":{"OBJECTID":125106,"PRIMENAME":"Unnamed Segment","ELEVTYP_F":0,"ELEVTYP_T":0},"geometry":{"type":"LineString","coordinates":[[-74.6409670118828,39.229141752641],[-74.640536829404,39.229061805856]]}},{"type":"Feature","id":125178,"properties":{"OBJECTID":125178,"PRIMENAME":"Beach Road","ELEVTYP_F":0,"ELEVTYP_T":0},"geometry":{"type":"LineString","coordinates":[[-74.5560086919813,39.2855599504911],[-74.5551377237343,39.286315161524],[-74.5550464860857,39.2863929086191],[-74.5549769756815,39.286467240281],[-74.5549118294081,39.2865652380144],[-74.5548394568013,39.2866858362088]]}},{"type":"Feature","id":125491,"properties":{"OBJECTID":125491,"PRIMENAME":"39th Street","ELEVTYP_F":0,"ELEVTYP_T":0},"geometry":{"type":"LineString","coordinates":[[-74.6162392476888,39.2445441907805],[-74.6158513163451,39.2443267860852]]}},{"type":"Feature","id":125498,"properties":{"OBJECTID":125498,"PRIMENAME":"West Maple Shade Lane","ELEVTYP_F":0,"ELEVTYP_T":0},"geometry":{"type":"LineString","coordinates":[[-74.6362968139403,39.2767452979392],[-74.6370851980301,39.2773552379449]]}},{"type":"Feature","id":125825,"properties":{"OBJECTID":125825,"PRIMENAME":"Bay Avenue","ELEVTYP_F":0,"ELEVTYP_T":0},"geometry":{"type":"LineString","coordinates":[[-74.5956834195688,39.2692495923387],[-74.5953197004367,39.2695149345327]]}},{"type":"Feature","id":125826,"properties":{"OBJECTID":125826,"PRIMENAME":"West 52nd Street","ELEVTYP_F":0,"ELEVTYP_T":0},"geometry":{"type":"LineString","coordinates":[[-74.6399383650314,39.2311694337569],[-74.6403728957514,39.2312432923745]]}},{"type":"Feature","id":125832,"properties":{"OBJECTID":125832,"PRIMENAME":"Atlantic Avenue","ELEVTYP_F":0,"ELEVTYP_T":0},"geometry":{"type":"LineString","coordinates":[[-74.5671589313168,39.2810848343077],[-74.5671417386509,39.2810984358227],[-74.5668083028403,39.281361639661]]}},{"type":"Feature","id":126073,"properties":{"OBJECTID":126073,"PRIMENAME":"Pine Road","ELEVTYP_F":0,"ELEVTYP_T":0},"geometry":{"type":"LineString","coordinates":[[-74.5978856254591,39.2705204552983],[-74.5976954334434,39.270361968312]]}},{"type":"Feature","id":126122,"properties":{"OBJECTID":126122,"PRIMENAME":"Unnamed Segment","ELEVTYP_F":0,"ELEVTYP_T":0},"geometry":{"type":"LineString","coordinates":[[-74.6410269711428,39.2271657399964],[-74.6422817084914,39.2267256586614]]}},{"type":"Feature","id":126276,"properties":{"OBJECTID":126276,"PRIMENAME":"Unnamed Segment","ELEVTYP_F":0,"ELEVTYP_T":0},"geometry":{"type":"LineString","coordinates":[[-74.5910457461977,39.2685473045275],[-74.5905045311601,39.2689355859514],[-74.5896846381231,39.2695423646583],[-74.5896069627371,39.2695981899359]]}},{"type":"Feature","id":126293,"properties":{"OBJECTID":126293,"PRIMENAME":"Unnamed Segment","ELEVTYP_F":0,"ELEVTYP_T":0},"geometry":{"type":"LineString","coordinates":[[-74.5874630890849,39.2723153320156],[-74.58788709308,39.2720034018349],[-74.5888998757702,39.271264941704]]}},{"type":"Feature","id":126304,"properties":{"OBJECTID":126304,"PRIMENAME":"Mays Landing Road","ELEVTYP_F":0,"ELEVTYP_T":0},"geometry":{"type":"LineString","coordinates":[[-74.6006223753597,39.3088004027187],[-74.6006266888795,39.308801195313],[-74.6007840368834,39.308844764159],[-74.600894979735,39.3088754814212]]}},{"type":"Feature","id":126359,"properties":{"OBJECTID":126359,"PRIMENAME":"Boardwalk","ELEVTYP_F":0,"ELEVTYP_T":0},"geometry":{"type":"LineString","coordinates":[[-74.593160753109,39.2635554429431],[-74.5938297811348,39.2631087247452],[-74.5939978913383,39.2630006640903],[-74.5941760822809,39.2628690069483],[-74.5944167270275,39.2626872689174],[-74.5946114210931,39.2625220068731]]}},{"type":"Feature","id":126603,"properties":{"OBJECTID":126603,"PRIMENAME":"Ocean Avenue","ELEVTYP_F":0,"ELEVTYP_T":0},"geometry":{"type":"LineString","coordinates":[[-74.5628243659571,39.2858660243314],[-74.5627149494025,39.2859523261296],[-74.5615349004468,39.2868799060126],[-74.5614405934343,39.2869545843281]]}},{"type":"Feature","id":126711,"properties":{"OBJECTID":126711,"PRIMENAME":"18th Street","ELEVTYP_F":0,"ELEVTYP_T":0},"geometry":{"type":"LineString","coordinates":[[-74.5874161558273,39.267777221283],[-74.587840680661,39.2681307147896]]}},{"type":"Feature","id":127245,"properties":{"OBJECTID":127245,"PRIMENAME":"Central Avenue","ELEVTYP_F":0,"ELEVTYP_T":0},"geometry":{"type":"LineString","coordinates":[[-74.5799485731376,39.2750720487482],[-74.5795537438506,39.2753650667231],[-74.578500587886,39.2761226922791]]}},{"type":"Feature","id":127250,"properties":{"OBJECTID":127250,"PRIMENAME":"Revere Road","ELEVTYP_F":0,"ELEVTYP_T":0},"geometry":{"type":"LineString","coordinates":[[-74.5776319022252,39.2806376092228],[-74.5780503950388,39.2809412523353]]}},{"type":"Feature","id":127472,"properties":{"OBJECTID":127472,"PRIMENAME":"Spruce Road","ELEVTYP_F":0,"ELEVTYP_T":0},"geometry":{"type":"LineString","coordinates":[[-74.6009341841603,39.2738586182236],[-74.6004691716571,39.2737214052631]]}},{"type":"Feature","id":127667,"properties":{"OBJECTID":127667,"PRIMENAME":"Wesley Road","ELEVTYP_F":0,"ELEVTYP_T":0},"geometry":{"type":"LineString","coordinates":[[-74.5576203217564,39.2953191886079],[-74.5574521602308,39.2956280267443],[-74.557261807198,39.2959821507302]]}},{"type":"Feature","id":127836,"properties":{"OBJECTID":127836,"PRIMENAME":"Central Avenue","ELEVTYP_F":0,"ELEVTYP_T":0},"geometry":{"type":"LineString","coordinates":[[-74.5943552666741,39.2645401515473],[-74.5938003812755,39.264944082607],[-74.592909627523,39.265596080859]]}},{"type":"Feature","id":127938,"properties":{"OBJECTID":127938,"PRIMENAME":"Madaket Court","ELEVTYP_F":0,"ELEVTYP_T":0},"geometry":{"type":"LineString","coordinates":[[-74.606089323819,39.2610916653403],[-74.6063893844117,39.2612732230805],[-74.606470015523,39.2615085898397],[-74.6065716088533,39.2616042608839]]}},{"type":"Feature","id":127996,"properties":{"OBJECTID":127996,"PRIMENAME":"Asbury Avenue","ELEVTYP_F":0,"ELEVTYP_T":0},"geometry":{"type":"LineString","coordinates":[[-74.5979203075652,39.2630023793353],[-74.5973483830919,39.2634229808482],[-74.5964795155546,39.2640535990839]]}},{"type":"Feature","id":128155,"properties":{"OBJECTID":128155,"PRIMENAME":"Unnamed Segment","ELEVTYP_F":0,"ELEVTYP_T":0},"geometry":{"type":"LineString","coordinates":[[-74.639373246152,39.2250645041463],[-74.6392170145145,39.2252488197423],[-74.6387890482477,39.22576476017],[-74.6384871114937,39.2261226418345]]}},{"type":"Feature","id":128428,"properties":{"OBJECTID":128428,"PRIMENAME":"East 12th Street","ELEVTYP_F":0,"ELEVTYP_T":0},"geometry":{"type":"LineString","coordinates":[[-74.5820759205324,39.2768235685652],[-74.5824557415493,39.277139551953]]}},{"type":"Feature","id":128562,"properties":{"OBJECTID":128562,"PRIMENAME":"17th Street","ELEVTYP_F":0,"ELEVTYP_T":0},"geometry":{"type":"LineString","coordinates":[[-74.5863939492874,39.2691842852722],[-74.5856455314025,39.268557634238],[-74.5856168810686,39.2685336456514]]}},{"type":"Feature","id":129068,"properties":{"OBJECTID":129068,"PRIMENAME":"Roberts Avenue","ELEVTYP_F":0,"ELEVTYP_T":0},"geometry":{"type":"LineString","coordinates":[[-74.6162981221509,39.3083721837141],[-74.6162583432943,39.3084068769882],[-74.6158176586852,39.3088313931065],[-74.6152486317319,39.3093795285869],[-74.6150040058659,39.3096093383578],[-74.6150001945056,39.3096129661104],[-74.6149754842877,39.3096408175388],[-74.6149558975922,39.3096710279899],[-74.6149418008817,39.3097030322438],[-74.6149334579054,39.3097362315184],[-74.6149310247642,39.3097700046728],[-74.6149345469896,39.3098037198281],[-74.6149439586908,39.3098367461898],[-74.6149590837872,39.3098684658493],[-74.6149771387378,39.3098951818379],[-74.6149992475851,39.3099199907563],[-74.6150250860237,39.3099424523278],[-74.6153744780047,39.3101689287352],[-74.6155185550107,39.3101989605295]]}},{"type":"Feature","id":129195,"properties":{"OBJECTID":129195,"PRIMENAME":"36th Street","ELEVTYP_F":0,"ELEVTYP_T":0},"geometry":{"type":"LineString","coordinates":[[-74.6127747986289,39.248284722676],[-74.6131863908916,39.2485165565252]]}},{"type":"Feature","id":129422,"properties":{"OBJECTID":129422,"PRIMENAME":"Unnamed Segment","ELEVTYP_F":0,"ELEVTYP_T":0},"geometry":{"type":"LineString","coordinates":[[-74.6063233103049,39.2601887479969],[-74.6066899355042,39.2598487125194],[-74.6070781665249,39.2594827635928],[-74.6075329872687,39.2590592017733],[-74.6075896988595,39.2590066511106]]}},{"type":"Feature","id":129958,"properties":{"OBJECTID":129958,"PRIMENAME":"Wesley Road","ELEVTYP_F":0,"ELEVTYP_T":0},"geometry":{"type":"LineString","coordinates":[[-74.5604433267973,39.2888319349411],[-74.5602074402464,39.2889114077476],[-74.5599610367394,39.2890073056505],[-74.5595773357017,39.2891552489141],[-74.5593731405092,39.2892347317314],[-74.5592323538066,39.2892977347665],[-74.5591624949824,39.289335002101]]}},{"type":"Feature","id":129985,"properties":{"OBJECTID":129985,"PRIMENAME":"Unnamed Segment","ELEVTYP_F":0,"ELEVTYP_T":0},"geometry":{"type":"LineString","coordinates":[[-74.5953740112758,39.2653843713541],[-74.5944693331553,39.266050643022],[-74.5939329641435,39.2664422867643]]}},{"type":"Feature","id":130204,"properties":{"OBJECTID":130204,"PRIMENAME":"Haven Avenue","ELEVTYP_F":0,"ELEVTYP_T":0},"geometry":{"type":"LineString","coordinates":[[-74.6291072310168,39.2346870617329],[-74.6287134525519,39.2344686628204]]}},{"type":"Feature","id":130336,"properties":{"OBJECTID":130336,"PRIMENAME":"Tioga Avenue","ELEVTYP_F":0,"ELEVTYP_T":0},"geometry":{"type":"LineString","coordinates":[[-74.5789405683765,39.280893315857],[-74.579647988581,39.2803511329873],[-74.5803040602903,39.279867025662]]}},{"type":"Feature","id":130357,"properties":{"OBJECTID":130357,"PRIMENAME":"Unnamed Segment","ELEVTYP_F":0,"ELEVTYP_T":0},"geometry":{"type":"LineString","coordinates":[[-74.616293830769,39.2464638664415],[-74.6171316934108,39.2455600666317],[-74.6174451863517,39.2452200229006]]}},{"type":"Feature","id":130846,"properties":{"OBJECTID":130846,"PRIMENAME":"West 8th Street","ELEVTYP_F":0,"ELEVTYP_T":0},"geometry":{"type":"LineString","coordinates":[[-74.5779569756773,39.2823040104554],[-74.5788834405729,39.2830029113629]]}},{"type":"Feature","id":131194,"properties":{"OBJECTID":131194,"PRIMENAME":"37th Street","ELEVTYP_F":0,"ELEVTYP_T":0},"geometry":{"type":"LineString","coordinates":[[-74.6151406477245,39.2477167057269],[-74.6147456682777,39.2474954606143]]}},{"type":"Feature","id":131459,"properties":{"OBJECTID":131459,"PRIMENAME":"Point Pleasant Avenue","ELEVTYP_F":0,"ELEVTYP_T":0},"geometry":{"type":"LineString","coordinates":[[-74.6308835035297,39.2789176546472],[-74.6311365883667,39.2790657208414],[-74.6316527414798,39.2793708728193]]}},{"type":"Feature","id":131492,"properties":{"OBJECTID":131492,"PRIMENAME":"Unnamed Segment","ELEVTYP_F":0,"ELEVTYP_T":0},"geometry":{"type":"LineString","coordinates":[[-74.5765866860022,39.2791427125736],[-74.5768411124624,39.2789410373479],[-74.5776920402203,39.278278563869],[-74.5780747365006,39.2780138688214]]}},{"type":"Feature","id":131684,"properties":{"OBJECTID":131684,"PRIMENAME":"North Street","ELEVTYP_F":0,"ELEVTYP_T":0},"geometry":{"type":"LineString","coordinates":[[-74.5664469189582,39.2907862419524],[-74.5668502680962,39.2910926791264]]}},{"type":"Feature","id":131804,"properties":{"OBJECTID":131804,"PRIMENAME":"Unnamed Segment","ELEVTYP_F":0,"ELEVTYP_T":0},"geometry":{"type":"LineString","coordinates":[[-74.6243752225192,39.2377237174912],[-74.6247869658549,39.2372773697895],[-74.6255267860588,39.236479077763]]}},{"type":"Feature","id":132163,"properties":{"OBJECTID":132163,"PRIMENAME":"Northpoint Road","ELEVTYP_F":0,"ELEVTYP_T":0},"geometry":{"type":"LineString","coordinates":[[-74.5623387562727,39.2946618420705],[-74.5624772505892,39.294555519746],[-74.5625041065099,39.2945167088254],[-74.5624925624611,39.2944898345599]]}},{"type":"Feature","id":132352,"properties":{"OBJECTID":132352,"PRIMENAME":"Central Avenue","ELEVTYP_F":0,"ELEVTYP_T":0},"geometry":{"type":"LineString","coordinates":[[-74.6115390145218,39.2495496598674],[-74.6114226890967,39.2496590513787],[-74.610636769976,39.2503913987087],[-74.6102709514595,39.2507287556003]]}},{"type":"Feature","id":132395,"properties":{"OBJECTID":132395,"PRIMENAME":"East 11th Street","ELEVTYP_F":0,"ELEVTYP_T":0},"geometry":{"type":"LineString","coordinates":[[-74.5809965950133,39.2781969064422],[-74.5811269745877,39.2783057106721],[-74.5813684571277,39.2785029312392]]}},{"type":"Feature","id":132577,"properties":{"OBJECTID":132577,"PRIMENAME":"Roosevelt Boulevard","ELEVTYP_F":0,"ELEVTYP_T":0},"geometry":{"type":"LineString","coordinates":[[-74.6232950025678,39.2524764741845],[-74.6216468569518,39.2526022042348],[-74.6211715738008,39.2526359771126]]}},{"type":"Feature","id":132651,"properties":{"OBJECTID":132651,"PRIMENAME":"Prospect Avenue","ELEVTYP_F":0,"ELEVTYP_T":0},"geometry":{"type":"LineString","coordinates":[[-74.5877977577308,39.2767309008086],[-74.587932833192,39.2766337379684]]}},{"type":"Feature","id":132834,"properties":{"OBJECTID":132834,"PRIMENAME":"Atlantic Avenue","ELEVTYP_F":0,"ELEVTYP_T":0},"geometry":{"type":"LineString","coordinates":[[-74.5610219034614,39.2859336211728],[-74.5607629553532,39.2861369385976],[-74.5606580668633,39.2862202877091],[-74.5605662911136,39.2862932173141]]}},{"type":"Feature","id":133066,"properties":{"OBJECTID":133066,"PRIMENAME":"Unnamed Segment","ELEVTYP_F":0,"ELEVTYP_T":0},"geometry":{"type":"LineString","coordinates":[[-74.5845996373085,39.2721899918785],[-74.5845374489618,39.2722351763895],[-74.5832923137367,39.2731583039104],[-74.5831718874966,39.2732463076101]]}},{"type":"Feature","id":133118,"properties":{"OBJECTID":133118,"PRIMENAME":"53rd Street","ELEVTYP_F":0,"ELEVTYP_T":0},"geometry":{"type":"LineString","coordinates":[[-74.6334040417203,39.2275398267998],[-74.6332111760054,39.2274426561087],[-74.6329863360211,39.2273307497972]]}},{"type":"Feature","id":133122,"properties":{"OBJECTID":133122,"PRIMENAME":"2nd Street","ELEVTYP_F":0,"ELEVTYP_T":0},"geometry":{"type":"LineString","coordinates":[[-74.5665350915852,39.2865435253068],[-74.5668026080985,39.2867475702314],[-74.5668870422028,39.2868119088372]]}},{"type":"Feature","id":133306,"properties":{"OBJECTID":133306,"PRIMENAME":"Conch Drive","ELEVTYP_F":0,"ELEVTYP_T":0},"geometry":{"type":"LineString","coordinates":[[-74.6260453303155,39.2522712712092],[-74.626025875625,39.2520860175742],[-74.6262085432088,39.2515241132718]]}},{"type":"Feature","id":133327,"properties":{"OBJECTID":133327,"PRIMENAME":"Breton Court","ELEVTYP_F":0,"ELEVTYP_T":0},"geometry":{"type":"LineString","coordinates":[[-74.605639920238,39.2683088612414],[-74.6054981524491,39.2681233948645]]}},{"type":"Feature","id":133391,"properties":{"OBJECTID":133391,"PRIMENAME":"Garden State Parkway","ELEVTYP_F":0,"ELEVTYP_T":0},"geometry":{"type":"LineString","coordinates":[[-74.6187514665787,39.3083982926952],[-74.6186642291648,39.3082246067727],[-74.6186531652787,39.3082029272678],[-74.6186370662091,39.3081713682239],[-74.6186068898849,39.308112091857]]}},{"type":"Feature","id":133444,"properties":{"OBJECTID":133444,"PRIMENAME":"Unnamed Segment","ELEVTYP_F":0,"ELEVTYP_T":0},"geometry":{"type":"LineString","coordinates":[[-74.6325748894868,39.2271260025609],[-74.6332243836186,39.2263432763192],[-74.6336518787477,39.2258346608314]]}},{"type":"Feature","id":133498,"properties":{"OBJECTID":133498,"PRIMENAME":"Central Avenue","ELEVTYP_F":0,"ELEVTYP_T":0},"geometry":{"type":"LineString","coordinates":[[-74.5685963455673,39.2838055442713],[-74.5686705526537,39.2837461111752],[-74.5699842759428,39.2827019038216]]}},{"type":"Feature","id":133559,"properties":{"OBJECTID":133559,"PRIMENAME":"Gardens Parkway","ELEVTYP_F":0,"ELEVTYP_T":0},"geometry":{"type":"LineString","coordinates":[[-74.5586036212487,39.2932720225549],[-74.5586284506746,39.2931311001872],[-74.5586417271281,39.2930354336219],[-74.5586497078526,39.2929438873697],[-74.5586496175991,39.2928357070351],[-74.558641458168,39.2927130059401],[-74.5586118833474,39.2925445440548],[-74.5585716373419,39.2924176855975],[-74.5585281317527,39.292323062809]]}},{"type":"Feature","id":133937,"properties":{"OBJECTID":133937,"PRIMENAME":"FR CO 662 WB TO CO 662 WB","ELEVTYP_F":0,"ELEVTYP_T":0},"geometry":{"type":"LineString","coordinates":[[-74.651099617955,39.2678349564558],[-74.6517131678314,39.2677010737935],[-74.6526239935992,39.2675042508876],[-74.6529578905951,39.2674194921208],[-74.65317480072,39.2673521289945]]}},{"type":"Feature","id":134028,"properties":{"OBJECTID":134028,"PRIMENAME":"Unnamed Segment","ELEVTYP_F":0,"ELEVTYP_T":0},"geometry":{"type":"LineString","coordinates":[[-74.5668870422028,39.2868119088372],[-74.5664289080108,39.2871684539034],[-74.5654981625466,39.2879080164295]]}},{"type":"Feature","id":134100,"properties":{"OBJECTID":134100,"PRIMENAME":"Tioga Avenue","ELEVTYP_F":0,"ELEVTYP_T":0},"geometry":{"type":"LineString","coordinates":[[-74.5831998317035,39.2777580984126],[-74.5843740825857,39.2768981202714],[-74.5846291335494,39.276711940573]]}},{"type":"Feature","id":134115,"properties":{"OBJECTID":134115,"PRIMENAME":"Battersea Road","ELEVTYP_F":0,"ELEVTYP_T":0},"geometry":{"type":"LineString","coordinates":[[-74.5626464938992,39.290651420525],[-74.5622123314391,39.2903196154221],[-74.5619865375405,39.2901476350056]]}},{"type":"Feature","id":134236,"properties":{"OBJECTID":134236,"PRIMENAME":"Unnamed Segment","ELEVTYP_F":0,"ELEVTYP_T":0},"geometry":{"type":"LineString","coordinates":[[-74.5707260209854,39.2789654770834],[-74.5693213004378,39.2800451941081]]}},{"type":"Feature","id":134250,"properties":{"OBJECTID":134250,"PRIMENAME":"Pelham Place","ELEVTYP_F":0,"ELEVTYP_T":0},"geometry":{"type":"LineString","coordinates":[[-74.5694191966642,39.2792938826181],[-74.568477764208,39.2785689404129],[-74.5672670800807,39.2776554339791]]}},{"type":"Feature","id":134412,"properties":{"OBJECTID":134412,"PRIMENAME":"East Atlantic Boulevard","ELEVTYP_F":0,"ELEVTYP_T":0},"geometry":{"type":"LineString","coordinates":[[-74.5601804437984,39.2865570877028],[-74.5600911664618,39.2866057601314],[-74.5599394247816,39.2866597362687],[-74.5597009515537,39.2867238612205],[-74.5594581178954,39.2867712119208],[-74.5592196514105,39.2868016460784],[-74.5589984415308,39.2868084857095],[-74.5587599493879,39.2868086063123],[-74.5584607505655,39.2868020295918],[-74.5580791021946,39.2867719079637],[-74.5576713670938,39.2867283163213],[-74.5573106905365,39.2866884349011],[-74.557185611914,39.2866746030374],[-74.5567128589579,39.2866209084185],[-74.5562444552186,39.2865705869566],[-74.5559582055215,39.2865403852281],[-74.5559431533633,39.2865387998096]]}},{"type":"Feature","id":134427,"properties":{"OBJECTID":134427,"PRIMENAME":"Waterway Road","ELEVTYP_F":0,"ELEVTYP_T":0},"geometry":{"type":"LineString","coordinates":[[-74.6128286482085,39.2559956780645],[-74.613438502924,39.2563923640823],[-74.6149870770595,39.2574058557747],[-74.6151664720355,39.2575250621806],[-74.6153861563777,39.2576812415037],[-74.6155948896955,39.2578572818623],[-74.6157816743864,39.2580220049773],[-74.615983127489,39.2582151306104],[-74.616122311061,39.2583628209206],[-74.6162322790823,39.2585048848428],[-74.616323892949,39.2586327168399],[-74.6164082843748,39.2587918290241],[-74.6164889925313,39.2589453164722],[-74.6165660288779,39.2590987255603],[-74.6166137790242,39.2592266003108],[-74.6166688646026,39.2593687187413],[-74.6167240700427,39.2595620173909],[-74.6167608735744,39.2597126101352],[-74.6168162382707,39.260022491523]]}},{"type":"Feature","id":135013,"properties":{"OBJECTID":135013,"PRIMENAME":"Unnamed Segment","ELEVTYP_F":0,"ELEVTYP_T":0},"geometry":{"type":"LineString","coordinates":[[-74.6409670118828,39.229141752641],[-74.6410796958271,39.2287430252841],[-74.6411227370805,39.2286054119702],[-74.6411226808243,39.2285773232718],[-74.6411153778229,39.2285268379196],[-74.6410485190775,39.2283794026478],[-74.6410428278888,39.228366849272],[-74.6409702794693,39.2281900844226],[-74.6409123337076,39.2280946855112],[-74.6408508377966,39.228024605977],[-74.6407676770525,39.2279601269268],[-74.6407098707404,39.2279349086793],[-74.6406448335582,39.2279125268383],[-74.6405906922402,39.227901389479],[-74.6404967783568,39.2278790153793],[-74.6404943844972,39.2278779462794],[-74.6404028602162,39.2278370364526],[-74.6400089814163,39.227638143418],[-74.6394742099023,39.2273664623286],[-74.6393246201492,39.2272881961882]]}},{"type":"Feature","id":135467,"properties":{"OBJECTID":135467,"PRIMENAME":"Old Stagecoach Road","ELEVTYP_F":0,"ELEVTYP_T":0},"geometry":{"type":"LineString","coordinates":[[-74.6479969805157,39.2681266999144],[-74.6475708421086,39.2684275770186]]}},{"type":"Feature","id":135474,"properties":{"OBJECTID":135474,"PRIMENAME":"Unnamed Segment","ELEVTYP_F":0,"ELEVTYP_T":0},"geometry":{"type":"LineString","coordinates":[[-74.5982613269151,39.2632817710711],[-74.5975282901842,39.2638201632506],[-74.596821418538,39.2643347238365]]}},{"type":"Feature","id":135711,"properties":{"OBJECTID":135711,"PRIMENAME":"FR 17TH ST TO CO 656 SB","ELEVTYP_F":0,"ELEVTYP_T":0},"geometry":{"type":"LineString","coordinates":[[-74.5913043399268,39.2732516644717],[-74.5912514199572,39.2730861400967],[-74.5912343078594,39.273020036701],[-74.5912274387064,39.2729539252779],[-74.5912273460968,39.2728825090031],[-74.5912272363614,39.2727978857744],[-74.591244107795,39.2727052877658],[-74.5912576000676,39.272594239942],[-74.591295356479,39.2724539323766]]}},{"type":"Feature","id":135763,"properties":{"OBJECTID":135763,"PRIMENAME":"Unnamed Segment","ELEVTYP_F":0,"ELEVTYP_T":0},"geometry":{"type":"LineString","coordinates":[[-74.5968936070918,39.2621487699532],[-74.5964056644465,39.2625100452551],[-74.5961242628892,39.2627124175005],[-74.5955181996697,39.2631508304085],[-74.5954446302818,39.2632051464869]]}},{"type":"Feature","id":135871,"properties":{"OBJECTID":135871,"PRIMENAME":"Unnamed Segment","ELEVTYP_F":0,"ELEVTYP_T":0},"geometry":{"type":"LineString","coordinates":[[-74.6532746003385,39.2593393116654],[-74.6535714977026,39.2595451039866],[-74.653624138442,39.2595982958163]]}},{"type":"Feature","id":136016,"properties":{"OBJECTID":136016,"PRIMENAME":"Central Avenue","ELEVTYP_F":0,"ELEVTYP_T":0},"geometry":{"type":"LineString","coordinates":[[-74.6102709514595,39.2507287556003],[-74.6100449844837,39.2509371502949],[-74.6090963460708,39.2518313912692],[-74.6090026810002,39.2519158008052]]}},{"type":"Feature","id":136253,"properties":{"OBJECTID":136253,"PRIMENAME":"Asbury Avenue","ELEVTYP_F":0,"ELEVTYP_T":0},"geometry":{"type":"LineString","coordinates":[[-74.5665350915852,39.2865435253068],[-74.5659698092072,39.2869923305877],[-74.5651448696008,39.2876398763277]]}},{"type":"Feature","id":136292,"properties":{"OBJECTID":136292,"PRIMENAME":"37th Street","ELEVTYP_F":0,"ELEVTYP_T":0},"geometry":{"type":"LineString","coordinates":[[-74.6139275158214,39.2470394301731],[-74.6135131148826,39.246812845332]]}},{"type":"Feature","id":136452,"properties":{"OBJECTID":136452,"PRIMENAME":"Unnamed Segment","ELEVTYP_F":0,"ELEVTYP_T":0},"geometry":{"type":"LineString","coordinates":[[-74.6368886896318,39.2219650977269],[-74.6374013918332,39.2213540345005],[-74.6379643000173,39.2206811575563]]}},{"type":"Feature","id":136586,"properties":{"OBJECTID":136586,"PRIMENAME":"Unnamed Segment","ELEVTYP_F":0,"ELEVTYP_T":0},"geometry":{"type":"LineString","coordinates":[[-74.653624138442,39.2595982958163],[-74.6536537703028,39.2596282370694],[-74.6537862066937,39.2598000972437],[-74.6538291150042,39.2598361122944],[-74.653861268035,39.2598499443199],[-74.6538862577852,39.2598526858413],[-74.653929094517,39.2598554037694],[-74.6539647679491,39.2598470320922],[-74.6542856384604,39.2596828978794],[-74.6543141788402,39.2596773100847],[-74.6543605600634,39.2596689240972],[-74.6544033906146,39.2596688673193],[-74.6544462394323,39.2596771350219],[-74.6544712729288,39.2596992990397],[-74.6546573636047,39.2599238068987],[-74.6546895557464,39.2599542876833],[-74.6546967534479,39.2599820253214],[-74.6546896960078,39.2600181064147],[-74.6546790661418,39.2600541922522],[-74.6546576806531,39.2600680933527],[-74.6546291584311,39.2600820057271],[-74.6538982580457,39.260443691072],[-74.6538590153408,39.2604520674437],[-74.6538197775294,39.2604632174345],[-74.6537947924689,39.2604632504326],[-74.6537662263199,39.2604577381739],[-74.653748363324,39.2604494390403],[-74.6537126145198,39.2604245117716],[-74.6536983034798,39.2604078834226],[-74.6532795714849,39.2598895576473],[-74.6532616543086,39.2598562840479],[-74.6532508919759,39.25983132465],[-74.6532472735558,39.259809132192],[-74.653254388406,39.2597980228683],[-74.6532650540598,39.2597785861525],[-74.6532864446185,39.2597674589392],[-74.6535752361416,39.2596227924808],[-74.653624138442,39.2595982958163]]}},{"type":"Feature","id":137088,"properties":{"OBJECTID":137088,"PRIMENAME":"38th Street","ELEVTYP_F":0,"ELEVTYP_T":0},"geometry":{"type":"LineString","coordinates":[[-74.6143121912414,39.2453754995981],[-74.6146656908911,39.2455690830757]]}},{"type":"Feature","id":137120,"properties":{"OBJECTID":137120,"PRIMENAME":"Asbury Avenue","ELEVTYP_F":0,"ELEVTYP_T":0},"geometry":{"type":"LineString","coordinates":[[-74.6373011828918,39.22217284917],[-74.6381976357331,39.2210998528637],[-74.638374458427,39.2208887152348]]}},{"type":"Feature","id":137630,"properties":{"OBJECTID":137630,"PRIMENAME":"East 14th Street","ELEVTYP_F":0,"ELEVTYP_T":0},"geometry":{"type":"LineString","coordinates":[[-74.5849573671892,39.2747301476579],[-74.5845845145961,39.2744199063786]]}},{"type":"Feature","id":137878,"properties":{"OBJECTID":137878,"PRIMENAME":"Kingston Lane","ELEVTYP_F":0,"ELEVTYP_T":0},"geometry":{"type":"LineString","coordinates":[[-74.5998969321638,39.2676515609828],[-74.5986513168112,39.2685596703732]]}},{"type":"Feature","id":138154,"properties":{"OBJECTID":138154,"PRIMENAME":"North Street","ELEVTYP_F":0,"ELEVTYP_T":0},"geometry":{"type":"LineString","coordinates":[[-74.5610073475425,39.2866268925833],[-74.5614405934343,39.2869545843281]]}},{"type":"Feature","id":138713,"properties":{"OBJECTID":138713,"PRIMENAME":"Pleasure Avenue","ELEVTYP_F":0,"ELEVTYP_T":0},"geometry":{"type":"LineString","coordinates":[[-74.5900724654898,39.2767233153331],[-74.5901351855912,39.2767065727591],[-74.5901985940452,39.2766762109847],[-74.5903350014221,39.2765737447882],[-74.5905823026685,39.2763904415912]]}},{"type":"Feature","id":139099,"properties":{"OBJECTID":139099,"PRIMENAME":"Unnamed Segment","ELEVTYP_F":0,"ELEVTYP_T":0},"geometry":{"type":"LineString","coordinates":[[-74.5759346477512,39.2762472651396],[-74.5763199661175,39.2759603057232],[-74.577374049956,39.275192567691]]}},{"type":"Feature","id":139275,"properties":{"OBJECTID":139275,"PRIMENAME":"Unnamed Segment","ELEVTYP_F":0,"ELEVTYP_T":0},"geometry":{"type":"LineString","coordinates":[[-74.5596190089553,39.2828813661885],[-74.5590915062404,39.2824772472529],[-74.558886113885,39.2823282319907]]}},{"type":"Feature","id":140104,"properties":{"OBJECTID":140104,"PRIMENAME":"Unnamed Segment","ELEVTYP_F":0,"ELEVTYP_T":0},"geometry":{"type":"LineString","coordinates":[[-74.6350719506147,39.23021397925],[-74.6355138351712,39.2296744790595],[-74.6360985612996,39.2289766553015],[-74.6361446320099,39.2289217967958]]}},{"type":"Feature","id":140347,"properties":{"OBJECTID":140347,"PRIMENAME":"13th Street","ELEVTYP_F":0,"ELEVTYP_T":0},"geometry":{"type":"LineString","coordinates":[[-74.5820619252894,39.2745772835367],[-74.582403433956,39.274858670192]]}},{"type":"Feature","id":140793,"properties":{"OBJECTID":140793,"PRIMENAME":"Unnamed Segment","ELEVTYP_F":0,"ELEVTYP_T":0},"geometry":{"type":"LineString","coordinates":[[-74.6414085029396,39.2292157629556],[-74.6409670118828,39.229141752641]]}},{"type":"Feature","id":140889,"properties":{"OBJECTID":140889,"PRIMENAME":"West Aberdeen Road","ELEVTYP_F":0,"ELEVTYP_T":0},"geometry":{"type":"LineString","coordinates":[[-74.5573938994752,39.2960291751303],[-74.5575187462304,39.2960736212112],[-74.5575793729696,39.296103272347],[-74.5576350187718,39.296133804216],[-74.557732029965,39.2961909771096],[-74.5578522447969,39.2962752647726],[-74.5580229305617,39.2964137285767],[-74.5582538334282,39.2965881182224]]}},{"type":"Feature","id":140911,"properties":{"OBJECTID":140911,"PRIMENAME":"Unnamed Segment","ELEVTYP_F":0,"ELEVTYP_T":0},"geometry":{"type":"LineString","coordinates":[[-74.6075896988595,39.2590066511106],[-74.6079434026092,39.2586788414515],[-74.608571970602,39.2580910029141],[-74.6088578089325,39.2578240990211]]}},{"type":"Feature","id":141105,"properties":{"OBJECTID":141105,"PRIMENAME":"Anchorage Drive","ELEVTYP_F":0,"ELEVTYP_T":0},"geometry":{"type":"LineString","coordinates":[[-74.6384920464471,39.2282835789153],[-74.6390805515383,39.2275799747468]]}},{"type":"Feature","id":141146,"properties":{"OBJECTID":141146,"PRIMENAME":"Unnamed Segment","ELEVTYP_F":0,"ELEVTYP_T":0},"geometry":{"type":"LineString","coordinates":[[-74.5911259611354,39.2663629691365],[-74.5907558505873,39.2666316523747],[-74.590313602072,39.2669496204225],[-74.589681328249,39.2674165511792]]}},{"type":"Feature","id":141636,"properties":{"OBJECTID":141636,"PRIMENAME":"Haven Avenue","ELEVTYP_F":0,"ELEVTYP_T":0},"geometry":{"type":"LineString","coordinates":[[-74.6126749433684,39.2522844606076],[-74.612756130573,39.2522614010589],[-74.6139223242585,39.2511853427175],[-74.613924081017,39.2510924532003]]}},{"type":"Feature","id":141644,"properties":{"OBJECTID":141644,"PRIMENAME":"Unnamed Segment","ELEVTYP_F":0,"ELEVTYP_T":0},"geometry":{"type":"LineString","coordinates":[[-74.5585999011144,39.291226281696],[-74.5589884024476,39.291308099796],[-74.5593878552384,39.2913873022373],[-74.5596572568041,39.2914424910905],[-74.5598182286568,39.2914688773011],[-74.5599576022048,39.2914856635621],[-74.5601000051193,39.2914903951174],[-74.5602238491957,39.2914855261492],[-74.5603600571018,39.2914782346403],[-74.5604807816338,39.2914613410655],[-74.5606077170142,39.291437195232],[-74.560731501254,39.2914034679777],[-74.56086149209,39.2913576843722],[-74.561016238187,39.2912950558236],[-74.5611765823221,39.2912087019259]]}},{"type":"Feature","id":141721,"properties":{"OBJECTID":141721,"PRIMENAME":"Unnamed Segment","ELEVTYP_F":0,"ELEVTYP_T":0},"geometry":{"type":"LineString","coordinates":[[-74.6315019352788,39.228406072746],[-74.6322766592813,39.2274854294895],[-74.6325748894868,39.2271260025609]]}},{"type":"Feature","id":141724,"properties":{"OBJECTID":141724,"PRIMENAME":"Miller Lane","ELEVTYP_F":0,"ELEVTYP_T":0},"geometry":{"type":"LineString","coordinates":[[-74.5952592792885,39.3101582683287],[-74.5967631105377,39.3110673641563],[-74.5971279500006,39.3112823772289]]}},{"type":"Feature","id":142546,"properties":{"OBJECTID":142546,"PRIMENAME":"Gardens Parkway","ELEVTYP_F":0,"ELEVTYP_T":0},"geometry":{"type":"LineString","coordinates":[[-74.5569179307217,39.2966206130394],[-74.5568121435523,39.2968104754755],[-74.5567312489054,39.2969434569527],[-74.5567172126102,39.2969665328759],[-74.5566433725287,39.2971170335906],[-74.5565906660764,39.2972702687807],[-74.556559085753,39.2974153124405],[-74.5565521635703,39.2975959282783],[-74.5565382020155,39.2977683653871],[-74.5565454214578,39.2979571835112],[-74.5565738372563,39.2982691089969],[-74.5566399443366,39.2988579207275]]}},{"type":"Feature","id":142622,"properties":{"OBJECTID":142622,"PRIMENAME":"31st Street","ELEVTYP_F":0,"ELEVTYP_T":0},"geometry":{"type":"LineString","coordinates":[[-74.6068524125421,39.2545282619349],[-74.6072342000192,39.2547744490163]]}},{"type":"Feature","id":142720,"properties":{"OBJECTID":142720,"PRIMENAME":"Atlantic Avenue","ELEVTYP_F":0,"ELEVTYP_T":0},"geometry":{"type":"LineString","coordinates":[[-74.5730507726894,39.276421348228],[-74.5722311103609,39.2770712201626]]}},{"type":"Feature","id":142931,"properties":{"OBJECTID":142931,"PRIMENAME":"Unnamed Segment","ELEVTYP_F":0,"ELEVTYP_T":0},"geometry":{"type":"LineString","coordinates":[[-74.5624029239895,39.2796102331693],[-74.5630081662225,39.2800740702093],[-74.563085341501,39.2801324016889]]}},{"type":"Feature","id":143067,"properties":{"OBJECTID":143067,"PRIMENAME":"Mercer Place","ELEVTYP_F":0,"ELEVTYP_T":0},"geometry":{"type":"LineString","coordinates":[[-74.5768837589286,39.2841808397025],[-74.5762237603635,39.2836760912055]]}},{"type":"Feature","id":143332,"properties":{"OBJECTID":143332,"PRIMENAME":"Bay Avenue","ELEVTYP_F":0,"ELEVTYP_T":0},"geometry":{"type":"LineString","coordinates":[[-74.5792642270298,39.2812758758831],[-74.5789682485303,39.2815063315336],[-74.5789015697573,39.2815589297746]]}},{"type":"Feature","id":143396,"properties":{"OBJECTID":143396,"PRIMENAME":"East 4th Street","ELEVTYP_F":0,"ELEVTYP_T":0},"geometry":{"type":"LineString","coordinates":[[-74.5719889163246,39.2864003322106],[-74.5723919133617,39.2867091945645]]}},{"type":"Feature","id":144000,"properties":{"OBJECTID":144000,"PRIMENAME":"Simpson Avenue","ELEVTYP_F":0,"ELEVTYP_T":0},"geometry":{"type":"LineString","coordinates":[[-74.5702128624384,39.2871959975866],[-74.5696020496375,39.2876752704134],[-74.5688293949054,39.2882892301123]]}},{"type":"Feature","id":144024,"properties":{"OBJECTID":144024,"PRIMENAME":"West Avenue","ELEVTYP_F":0,"ELEVTYP_T":0},"geometry":{"type":"LineString","coordinates":[[-74.6144118756841,39.249201186335],[-74.6140992675917,39.2495409748922],[-74.6138847015416,39.2497804191922],[-74.613699592383,39.2499804889379],[-74.613438678106,39.2502331026783],[-74.6132029931566,39.2504528805054],[-74.6130922023361,39.2505558156677]]}},{"type":"Feature","id":144028,"properties":{"OBJECTID":144028,"PRIMENAME":"Boardwalk","ELEVTYP_F":0,"ELEVTYP_T":0},"geometry":{"type":"LineString","coordinates":[[-74.5773128010145,39.2729164766368],[-74.5774927745238,39.2728621328624],[-74.5785235239414,39.2725055217417],[-74.5803878845688,39.2714602207474],[-74.5808292425602,39.2712314718408],[-74.5823326348256,39.2704106134688],[-74.5831945638454,39.2699189764047],[-74.5840160495973,39.2694502331198],[-74.5851738282532,39.2687868281611],[-74.5856168810686,39.2685336456514]]}},{"type":"Feature","id":144075,"properties":{"OBJECTID":144075,"PRIMENAME":"Unnamed Segment","ELEVTYP_F":0,"ELEVTYP_T":0},"geometry":{"type":"LineString","coordinates":[[-74.5682384628894,39.283532364261],[-74.5677347152808,39.283931912364],[-74.5668489284139,39.284629806845]]}},{"type":"Feature","id":144181,"properties":{"OBJECTID":144181,"PRIMENAME":"County Route 585","ELEVTYP_F":0,"ELEVTYP_T":0},"geometry":{"type":"LineString","coordinates":[[-74.5983654939609,39.3091083274663],[-74.5983381538368,39.3091339968339],[-74.5982733858989,39.3092122595868],[-74.5982331920166,39.3092661713944],[-74.5982019488423,39.3093218133144],[-74.5981595410571,39.3093913678541],[-74.5980199207988,39.3096976651842]]}},{"type":"Feature","id":144237,"properties":{"OBJECTID":144237,"PRIMENAME":"Unnamed Segment","ELEVTYP_F":0,"ELEVTYP_T":0},"geometry":{"type":"LineString","coordinates":[[-74.6372905127705,39.2307200603789],[-74.6373328113957,39.2305595223761],[-74.6373811404709,39.2304136121144],[-74.6374191596229,39.2303217223141],[-74.6374814833518,39.2302190136825],[-74.6375957415031,39.2300460348409],[-74.6377827516152,39.2297784061847],[-74.6379386541256,39.2295810508289],[-74.6381430489912,39.2293404474901],[-74.6384653211607,39.2289565132659],[-74.6388290603862,39.2285320283151],[-74.6388746558133,39.2284770134498]]}},{"type":"Feature","id":144239,"properties":{"OBJECTID":144239,"PRIMENAME":"Unnamed Segment","ELEVTYP_F":0,"ELEVTYP_T":0},"geometry":{"type":"LineString","coordinates":[[-74.5838876522953,39.2760907104993],[-74.5827277421149,39.2769423536686],[-74.5824557415493,39.277139551953]]}},{"type":"Feature","id":144424,"properties":{"OBJECTID":144424,"PRIMENAME":"Unnamed Segment","ELEVTYP_F":0,"ELEVTYP_T":0},"geometry":{"type":"LineString","coordinates":[[-74.5968634813929,39.2666153098228],[-74.5962901424066,39.2670351936159],[-74.5955854819771,39.2675435397293],[-74.5954163841633,39.2676678668771]]}},{"type":"Feature","id":144622,"properties":{"OBJECTID":144622,"PRIMENAME":"Argyle Place","ELEVTYP_F":0,"ELEVTYP_T":0},"geometry":{"type":"LineString","coordinates":[[-74.6177273341508,39.2517732617907],[-74.6175070899826,39.2518443242811],[-74.6173725165272,39.2518935532038],[-74.617284206368,39.251942708366],[-74.6172421953119,39.2519721842576],[-74.6170194631242,39.252162138455]]}},{"type":"Feature","id":145196,"properties":{"OBJECTID":145196,"PRIMENAME":"West 15th Street","ELEVTYP_F":0,"ELEVTYP_T":0},"geometry":{"type":"LineString","coordinates":[[-74.5897692142596,39.2764716029862],[-74.589406411254,39.2761705398759]]}},{"type":"Feature","id":145287,"properties":{"OBJECTID":145287,"PRIMENAME":"5th Street","ELEVTYP_F":0,"ELEVTYP_T":0},"geometry":{"type":"LineString","coordinates":[[-74.5675047188243,39.2808102836483],[-74.566205268399,39.279828943724],[-74.5654465009554,39.2792465407766]]}},{"type":"Feature","id":145532,"properties":{"OBJECTID":145532,"PRIMENAME":"Unnamed Segment","ELEVTYP_F":0,"ELEVTYP_T":0},"geometry":{"type":"LineString","coordinates":[[-74.640536829404,39.229061805856],[-74.6398705640869,39.2289592186952]]}},{"type":"Feature","id":145646,"properties":{"OBJECTID":145646,"PRIMENAME":"Unnamed Segment","ELEVTYP_F":0,"ELEVTYP_T":0},"geometry":{"type":"LineString","coordinates":[[-74.6293429487011,39.2309830823547],[-74.6294482078538,39.2308582266933],[-74.6304175645709,39.2296998733116]]}},{"type":"Feature","id":145750,"properties":{"OBJECTID":145750,"PRIMENAME":"Bartram Lane","ELEVTYP_F":0,"ELEVTYP_T":0},"geometry":{"type":"LineString","coordinates":[[-74.6195447442745,39.2512811340524],[-74.6207918469035,39.2511840219064],[-74.6209844998232,39.2511705599732]]}},{"type":"Feature","id":145897,"properties":{"OBJECTID":145897,"PRIMENAME":"West 12th Street","ELEVTYP_F":0,"ELEVTYP_T":0},"geometry":{"type":"LineString","coordinates":[[-74.5835876509998,39.278077998122],[-74.5839386968058,39.278367582443]]}},{"type":"Feature","id":145982,"properties":{"OBJECTID":145982,"PRIMENAME":"Unnamed Segment","ELEVTYP_F":0,"ELEVTYP_T":0},"geometry":{"type":"LineString","coordinates":[[-74.6101401689023,39.2526609902957],[-74.6098084380911,39.2529677267215],[-74.608876060944,39.2538461074454]]}},{"type":"Feature","id":146226,"properties":{"OBJECTID":146226,"PRIMENAME":"Unnamed Segment","ELEVTYP_F":0,"ELEVTYP_T":0},"geometry":{"type":"LineString","coordinates":[[-74.5752118452941,39.2802324476358],[-74.5765866860022,39.2791427125736]]}},{"type":"Feature","id":146229,"properties":{"OBJECTID":146229,"PRIMENAME":"East 12th Street","ELEVTYP_F":0,"ELEVTYP_T":0},"geometry":{"type":"LineString","coordinates":[[-74.5809617751938,39.2759063752669],[-74.5812892469473,39.2761748967244],[-74.5813215307112,39.2762013980017]]}},{"type":"Feature","id":146304,"properties":{"OBJECTID":146304,"PRIMENAME":"West Belfast Road","ELEVTYP_F":0,"ELEVTYP_T":0},"geometry":{"type":"LineString","coordinates":[[-74.5593133851306,39.2949502157193],[-74.5594888613624,39.2949604567919],[-74.5596740987533,39.2949661002185],[-74.5598555866628,39.2949660070564],[-74.5600259737587,39.2949601811135],[-74.5602569900317,39.2949447676628]]}},{"type":"Feature","id":146404,"properties":{"OBJECTID":146404,"PRIMENAME":"Point Pleasant Avenue","ELEVTYP_F":0,"ELEVTYP_T":0},"geometry":{"type":"LineString","coordinates":[[-74.6316527414798,39.2793708728193],[-74.631723122739,39.2794124733449],[-74.6325234304294,39.2798676828227]]}},{"type":"Feature","id":146925,"properties":{"OBJECTID":146925,"PRIMENAME":"Atlantic Avenue","ELEVTYP_F":0,"ELEVTYP_T":0},"geometry":{"type":"LineString","coordinates":[[-74.5622920762991,39.2849301057694],[-74.5620327130003,39.2851353486259],[-74.5619550039554,39.2851974160466]]}},{"type":"Feature","id":147005,"properties":{"OBJECTID":147005,"PRIMENAME":"Walnut Drive","ELEVTYP_F":0,"ELEVTYP_T":0},"geometry":{"type":"LineString","coordinates":[[-74.6003161646852,39.2750753935687],[-74.600779526535,39.2752136796112]]}},{"type":"Feature","id":147069,"properties":{"OBJECTID":147069,"PRIMENAME":"Winlet Road","ELEVTYP_F":0,"ELEVTYP_T":0},"geometry":{"type":"LineString","coordinates":[[-74.5630209744814,39.2909376784031],[-74.5626955550798,39.2912250545225],[-74.5626166012632,39.2912865185412],[-74.5625404945036,39.2913297772004],[-74.5624801129453,39.2913532777885]]}},{"type":"Feature","id":147395,"properties":{"OBJECTID":147395,"PRIMENAME":"Roosevelt Boulevard","ELEVTYP_F":0,"ELEVTYP_T":0},"geometry":{"type":"LineString","coordinates":[[-74.6233078172364,39.252634724031],[-74.6220437336588,39.2527278992501],[-74.6211961388557,39.2527913323205]]}},{"type":"Feature","id":147955,"properties":{"OBJECTID":147955,"PRIMENAME":"Unnamed Segment","ELEVTYP_F":0,"ELEVTYP_T":0},"geometry":{"type":"LineString","coordinates":[[-74.6071307154999,39.2607092009922],[-74.6079403751859,39.25995145779],[-74.6083477898876,39.2595740013394],[-74.6087912571582,39.2591631387039]]}},{"type":"Feature","id":148373,"properties":{"OBJECTID":148373,"PRIMENAME":"Unnamed Segment","ELEVTYP_F":0,"ELEVTYP_T":0},"geometry":{"type":"LineString","coordinates":[[-74.5817252265706,39.2742986661231],[-74.5815194103293,39.2744456787427],[-74.5810445385475,39.2747962807471],[-74.5806153555535,39.2751003090689],[-74.5802789753067,39.2753457336908]]}},{"type":"Feature","id":148431,"properties":{"OBJECTID":148431,"PRIMENAME":"Unnamed Segment","ELEVTYP_F":0,"ELEVTYP_T":0},"geometry":{"type":"LineString","coordinates":[[-74.6048107120236,39.2552095191426],[-74.6043349855847,39.255652639056],[-74.6036086719926,39.256329421028],[-74.6035463159192,39.2563869167242]]}},{"type":"Feature","id":148454,"properties":{"OBJECTID":148454,"PRIMENAME":"Victoria Lane","ELEVTYP_F":0,"ELEVTYP_T":0},"geometry":{"type":"LineString","coordinates":[[-74.6210714367135,39.2518852913964],[-74.6198297787252,39.2519726260651],[-74.6187672897011,39.2520508143143],[-74.6183281307037,39.2520815471028],[-74.6182076634393,39.252076178],[-74.6181947344853,39.2520741588581]]}},{"type":"Feature","id":148659,"properties":{"OBJECTID":148659,"PRIMENAME":"Simpson Avenue","ELEVTYP_F":0,"ELEVTYP_T":0},"geometry":{"type":"LineString","coordinates":[[-74.5957928215881,39.2679815849956],[-74.5945241058053,39.2689083676093],[-74.594349458837,39.2690336867892]]}},{"type":"Feature","id":148812,"properties":{"OBJECTID":148812,"PRIMENAME":"FR CO 623 WB TO GSP NB","ELEVTYP_F":0,"ELEVTYP_T":0},"geometry":{"type":"LineString","coordinates":[[-74.6414619954269,39.2611460853001],[-74.6416223240181,39.2613246761736],[-74.6416669048128,39.261389410148],[-74.641714510587,39.2614653250601],[-74.6417432180917,39.2615142463288],[-74.6417633246299,39.2615542544933],[-74.64178344579,39.2616009341421],[-74.6417979111358,39.2616632175478],[-74.6418066319914,39.261732178551],[-74.6418096364112,39.2618033445253],[-74.6418040667827,39.261878995334],[-74.6417927717689,39.261952429878]]}},{"type":"Feature","id":149347,"properties":{"OBJECTID":149347,"PRIMENAME":"Unnamed Segment","ELEVTYP_F":0,"ELEVTYP_T":0},"geometry":{"type":"LineString","coordinates":[[-74.5715918480261,39.279625895556],[-74.5719171442189,39.279374023426],[-74.5729820971409,39.2785325144921]]}},{"type":"Feature","id":149478,"properties":{"OBJECTID":149478,"PRIMENAME":"West Avenue","ELEVTYP_F":0,"ELEVTYP_T":0},"geometry":{"type":"LineString","coordinates":[[-74.6352292155949,39.2284595475528],[-74.6346891514297,39.2291063815753],[-74.6341526689583,39.2297476633966]]}},{"type":"Feature","id":149676,"properties":{"OBJECTID":149676,"PRIMENAME":"Unnamed Segment","ELEVTYP_F":0,"ELEVTYP_T":0},"geometry":{"type":"LineString","coordinates":[[-74.5925641944634,39.2653101974391],[-74.5922712001731,39.2655235802734],[-74.5915351271912,39.2660607568754],[-74.5912104433225,39.2663016460619],[-74.5911259611354,39.2663629691365]]}},{"type":"Feature","id":149680,"properties":{"OBJECTID":149680,"PRIMENAME":"South Drive","ELEVTYP_F":0,"ELEVTYP_T":0},"geometry":{"type":"LineString","coordinates":[[-74.6292201033721,39.282742391031],[-74.6284608846752,39.2825056998508]]}},{"type":"Feature","id":149911,"properties":{"OBJECTID":149911,"PRIMENAME":"Unnamed Segment","ELEVTYP_F":0,"ELEVTYP_T":0},"geometry":{"type":"LineString","coordinates":[[-74.5961642746922,39.2682911883299],[-74.5970727858553,39.2676287713913],[-74.5974892751113,39.2673231820147],[-74.5976145459676,39.267234061265]]}},{"type":"Feature","id":150201,"properties":{"OBJECTID":150201,"PRIMENAME":"Wayne Avenue","ELEVTYP_F":0,"ELEVTYP_T":0},"geometry":{"type":"LineString","coordinates":[[-74.5675762418573,39.2774083332445],[-74.5672670800807,39.2776554339791]]}},{"type":"Feature","id":150792,"properties":{"OBJECTID":150792,"PRIMENAME":"Unnamed Segment","ELEVTYP_F":0,"ELEVTYP_T":0},"geometry":{"type":"LineString","coordinates":[[-74.609674491106,39.2583426855387],[-74.6102884381222,39.2577657793908],[-74.610894629225,39.2572051039061],[-74.6117345021236,39.2564196011484],[-74.6124544318279,39.2557522748175]]}},{"type":"Feature","id":150919,"properties":{"OBJECTID":150919,"PRIMENAME":"West 52nd Street","ELEVTYP_F":0,"ELEVTYP_T":0},"geometry":{"type":"LineString","coordinates":[[-74.6403728957514,39.2312432923745],[-74.6407870150722,39.2313136878333],[-74.6408223671768,39.2313196302079]]}},{"type":"Feature","id":151464,"properties":{"OBJECTID":151464,"PRIMENAME":"5th Street","ELEVTYP_F":0,"ELEVTYP_T":0},"geometry":{"type":"LineString","coordinates":[[-74.5714266870043,39.2838007400058],[-74.5710604481188,39.2835200780623]]}},{"type":"Feature","id":151650,"properties":{"OBJECTID":151650,"PRIMENAME":"Unnamed Segment","ELEVTYP_F":0,"ELEVTYP_T":0},"geometry":{"type":"LineString","coordinates":[[-74.5875353440099,39.268352770758],[-74.587117738067,39.2679966081407]]}},{"type":"Feature","id":151675,"properties":{"OBJECTID":151675,"PRIMENAME":"Goll Avenue","ELEVTYP_F":0,"ELEVTYP_T":0},"geometry":{"type":"LineString","coordinates":[[-74.5983654939609,39.3091083274663],[-74.5980674489912,39.308830177699],[-74.5977106917038,39.3085239204968],[-74.5976685575036,39.3084941649188],[-74.5976225243019,39.3084823145403],[-74.5975650783226,39.3084734391997],[-74.597553756005,39.3084747665839]]}},{"type":"Feature","id":151777,"properties":{"OBJECTID":151777,"PRIMENAME":"Simpson Avenue","ELEVTYP_F":0,"ELEVTYP_T":0},"geometry":{"type":"LineString","coordinates":[[-74.5986813593157,39.2658777941146],[-74.6000033776858,39.2649063021881],[-74.6001236991476,39.2648191593638]]}},{"type":"Feature","id":152204,"properties":{"OBJECTID":152204,"PRIMENAME":"34th Street","ELEVTYP_F":0,"ELEVTYP_T":0},"geometry":{"type":"LineString","coordinates":[[-74.611041797794,39.2512274980537],[-74.6106589885596,39.2509798135861]]}},{"type":"Feature","id":152297,"properties":{"OBJECTID":152297,"PRIMENAME":"Unnamed Segment","ELEVTYP_F":0,"ELEVTYP_T":0},"geometry":{"type":"LineString","coordinates":[[-74.592492539648,39.2674963668821],[-74.5921892337061,39.2677186532584],[-74.5911245841642,39.2684907359933],[-74.5910457461977,39.2685473045275]]}},{"type":"Feature","id":152818,"properties":{"OBJECTID":152818,"PRIMENAME":"Unnamed Segment","ELEVTYP_F":0,"ELEVTYP_T":0},"geometry":{"type":"LineString","coordinates":[[-74.5675664359697,39.2851836959371],[-74.5678614779599,39.2849526375671],[-74.5689497417363,39.2840752666708]]}},{"type":"Feature","id":152893,"properties":{"OBJECTID":152893,"PRIMENAME":"Holly Hills Drive","ELEVTYP_F":0,"ELEVTYP_T":0},"geometry":{"type":"LineString","coordinates":[[-74.6025370754015,39.3097634533471],[-74.6024515180057,39.309977617793],[-74.6023869873716,39.3101285776585],[-74.6023511657073,39.31023761344],[-74.6023225675101,39.3103549898314],[-74.6023155119527,39.3104612266948],[-74.6023264949677,39.3106009734121],[-74.6023698773554,39.3107322888177],[-74.6024096169284,39.310838457497],[-74.6024997333986,39.3109753059838],[-74.6026021941832,39.3111098374271],[-74.6026123089963,39.3111231173648],[-74.6026668214877,39.3111794658534],[-74.6026716698457,39.3111834981386]]}},{"type":"Feature","id":153170,"properties":{"OBJECTID":153170,"PRIMENAME":"Unnamed Segment","ELEVTYP_F":0,"ELEVTYP_T":0},"geometry":{"type":"LineString","coordinates":[[-74.5839143281921,39.271622289006],[-74.5838032215231,39.2717020225121],[-74.5834939096828,39.271933213974],[-74.5833021557702,39.2720729158426],[-74.5829093252286,39.2723571311528],[-74.5825722011308,39.272612391918],[-74.582483079045,39.2726762108349]]}},{"type":"Feature","id":153919,"properties":{"OBJECTID":153919,"PRIMENAME":"Warwick Road","ELEVTYP_F":0,"ELEVTYP_T":0},"geometry":{"type":"LineString","coordinates":[[-74.5684389597114,39.2879933091366],[-74.5693765260246,39.2872500121809],[-74.5698217532786,39.2868970052948]]}},{"type":"Feature","id":155279,"properties":{"OBJECTID":155279,"PRIMENAME":"Unnamed Segment","ELEVTYP_F":0,"ELEVTYP_T":0},"geometry":{"type":"LineString","coordinates":[[-74.6071789229777,39.2567412336613],[-74.6075399846566,39.2564038353507],[-74.6084426161613,39.2555558061692]]}},{"type":"Feature","id":156459,"properties":{"OBJECTID":156459,"PRIMENAME":"Saint James Place","ELEVTYP_F":0,"ELEVTYP_T":0},"geometry":{"type":"LineString","coordinates":[[-74.5588082911884,39.2835222977295],[-74.5598382843581,39.2843114114062],[-74.5612716631978,39.2854065609789],[-74.5614858796675,39.2855692408558]]}},{"type":"Feature","id":156582,"properties":{"OBJECTID":156582,"PRIMENAME":"Bay Avenue","ELEVTYP_F":0,"ELEVTYP_T":0},"geometry":{"type":"LineString","coordinates":[[-74.579347567378,39.2812109923826],[-74.5793034443709,39.2812453167268],[-74.5792642270298,39.2812758758831]]}},{"type":"Feature","id":157743,"properties":{"OBJECTID":157743,"PRIMENAME":"Ventnor Avenue","ELEVTYP_F":0,"ELEVTYP_T":0},"geometry":{"type":"LineString","coordinates":[[-74.6410080186674,39.2747571748295],[-74.6400187881874,39.2747905458928],[-74.6398684721411,39.2747956162051],[-74.6397686760546,39.2747957360318],[-74.6396775140372,39.2747857138671],[-74.6396123967864,39.2747621786994],[-74.6395211412217,39.2747049570327],[-74.6392300215365,39.2745097008918],[-74.6391424735194,39.2744515421413]]}},{"type":"Feature","id":159237,"properties":{"OBJECTID":159237,"PRIMENAME":"East 6th Street","ELEVTYP_F":0,"ELEVTYP_T":0},"geometry":{"type":"LineString","coordinates":[[-74.5701916189746,39.2807101513294],[-74.5704079283954,39.2808754224406],[-74.57058729278,39.2810131485975]]}},{"type":"Feature","id":159421,"properties":{"OBJECTID":159421,"PRIMENAME":"Gardens Parkway","ELEVTYP_F":0,"ELEVTYP_T":0},"geometry":{"type":"LineString","coordinates":[[-74.5583743964205,39.2922890106167],[-74.5584144725242,39.2923821245086],[-74.5584241078324,39.2924106207218]]}},{"type":"Feature","id":159551,"properties":{"OBJECTID":159551,"PRIMENAME":"Unnamed Segment","ELEVTYP_F":0,"ELEVTYP_T":0},"geometry":{"type":"LineString","coordinates":[[-74.6390390726816,39.2193863072379],[-74.6394228787674,39.2189250860462]]}},{"type":"Feature","id":159724,"properties":{"OBJECTID":159724,"PRIMENAME":"53rd Street","ELEVTYP_F":0,"ELEVTYP_T":0},"geometry":{"type":"LineString","coordinates":[[-74.6356903679534,39.2286924261351],[-74.6352292155949,39.2284595475528]]}},{"type":"Feature","id":159772,"properties":{"OBJECTID":159772,"PRIMENAME":"Bayland Drive","ELEVTYP_F":0,"ELEVTYP_T":0},"geometry":{"type":"LineString","coordinates":[[-74.6122174439179,39.2565637264928],[-74.6128286482085,39.2559956780645]]}},{"type":"Feature","id":159839,"properties":{"OBJECTID":159839,"PRIMENAME":"Bay Aire Road","ELEVTYP_F":0,"ELEVTYP_T":0},"geometry":{"type":"LineString","coordinates":[[-74.6408688836729,39.2702661796841],[-74.6393846575844,39.2693287395094]]}},{"type":"Feature","id":159889,"properties":{"OBJECTID":159889,"PRIMENAME":"FR CO 623 EB TO RAMP B102560","ELEVTYP_F":0,"ELEVTYP_T":0},"geometry":{"type":"LineString","coordinates":[[-74.6422814925611,39.2616559553276],[-74.6421527257554,39.2616427686656],[-74.6420725804317,39.2616406423317],[-74.6420296462427,39.2616473662075],[-74.641978177228,39.2616607737805],[-74.64194102108,39.2616786112567],[-74.6419038480859,39.2617053443827],[-74.6418724599778,39.2617454431881],[-74.6418411019946,39.2618010820698],[-74.6417927717689,39.261952429878]]}},{"type":"Feature","id":160169,"properties":{"OBJECTID":160169,"PRIMENAME":"Central Avenue","ELEVTYP_F":0,"ELEVTYP_T":0},"geometry":{"type":"LineString","coordinates":[[-74.5986806735537,39.2613840150069],[-74.5984584908408,39.2615442228702],[-74.5976705733182,39.2621230806852],[-74.5972360073727,39.2624363737024]]}},{"type":"Feature","id":160191,"properties":{"OBJECTID":160191,"PRIMENAME":"Wesley Avenue","ELEVTYP_F":0,"ELEVTYP_T":0},"geometry":{"type":"LineString","coordinates":[[-74.587244580168,39.2685649590888],[-74.5864903673974,39.2691152961888],[-74.5863939492874,39.2691842852722]]}},{"type":"Feature","id":160244,"properties":{"OBJECTID":160244,"PRIMENAME":"Ocean Road","ELEVTYP_F":0,"ELEVTYP_T":0},"geometry":{"type":"LineString","coordinates":[[-74.5598241914587,39.2876386680951],[-74.5596645729802,39.2876559106361],[-74.5595369271025,39.2876683865855],[-74.5592536751018,39.2876809146635],[-74.5590023545426,39.2876810422913],[-74.5586991641368,39.2876811955382],[-74.5582882246548,39.2876566077931],[-74.5578174516695,39.2876134328615],[-74.5573865622308,39.2875609561187],[-74.5567362432386,39.2874899964736],[-74.5560898780762,39.2874127705853],[-74.5558235870569,39.2873818445635]]}},{"type":"Feature","id":160250,"properties":{"OBJECTID":160250,"PRIMENAME":"Reef Drive","ELEVTYP_F":0,"ELEVTYP_T":0},"geometry":{"type":"LineString","coordinates":[[-74.6026016759499,39.2698936401285],[-74.602882602476,39.2697994084612],[-74.6030225534138,39.2696669474619]]}},{"type":"Feature","id":160255,"properties":{"OBJECTID":160255,"PRIMENAME":"Atlantic Avenue","ELEVTYP_F":0,"ELEVTYP_T":0},"geometry":{"type":"LineString","coordinates":[[-74.5694191966642,39.2792938826181],[-74.56888770341,39.2797139074944]]}},{"type":"Feature","id":160271,"properties":{"OBJECTID":160271,"PRIMENAME":"West 55th Street","ELEVTYP_F":0,"ELEVTYP_T":0},"geometry":{"type":"LineString","coordinates":[[-74.6416290868628,39.2273048840054],[-74.6412250870876,39.2274457643243],[-74.6412039897293,39.2274524614458]]}},{"type":"Feature","id":160442,"properties":{"OBJECTID":160442,"PRIMENAME":"Unnamed Segment","ELEVTYP_F":0,"ELEVTYP_T":0},"geometry":{"type":"LineString","coordinates":[[-74.6059428809718,39.2547619572281],[-74.6057509604961,39.2546359106537],[-74.6056549060919,39.2545686457941],[-74.6056146447836,39.2545446023385],[-74.6055898600028,39.2545253768677],[-74.6055588842721,39.2545229889329],[-74.6055248646736,39.2545398787172],[-74.6052374451893,39.2548120476417],[-74.6048107120236,39.2552095191426]]}},{"type":"Feature","id":160501,"properties":{"OBJECTID":160501,"PRIMENAME":"Unnamed Segment","ELEVTYP_F":0,"ELEVTYP_T":0},"geometry":{"type":"LineString","coordinates":[[-74.6067481572663,39.2584630866307],[-74.6074778184796,39.2577864461925],[-74.608020724857,39.2572814447868]]}},{"type":"Feature","id":160560,"properties":{"OBJECTID":160560,"PRIMENAME":"East 12th Street","ELEVTYP_F":0,"ELEVTYP_T":0},"geometry":{"type":"LineString","coordinates":[[-74.5824557415493,39.277139551953],[-74.5828246730765,39.2774464525321]]}},{"type":"Feature","id":160569,"properties":{"OBJECTID":160569,"PRIMENAME":"Gardens Parkway","ELEVTYP_F":0,"ELEVTYP_T":0},"geometry":{"type":"LineString","coordinates":[[-74.5577511407868,39.2953656637385],[-74.5579821441464,39.2949472686128],[-74.5580982077258,39.2947143200233]]}},{"type":"Feature","id":160659,"properties":{"OBJECTID":160659,"PRIMENAME":"Reef Drive","ELEVTYP_F":0,"ELEVTYP_T":0},"geometry":{"type":"LineString","coordinates":[[-74.6071134982612,39.2680497183275],[-74.6071875545812,39.2680559478441],[-74.6072285553716,39.2680609466028]]}},{"type":"Feature","id":160677,"properties":{"OBJECTID":160677,"PRIMENAME":"East 6th Street","ELEVTYP_F":0,"ELEVTYP_T":0},"geometry":{"type":"LineString","coordinates":[[-74.5728080135472,39.2827095904807],[-74.5730938489415,39.2829269264738],[-74.5732008446399,39.2830093682046]]}},{"type":"Feature","id":160734,"properties":{"OBJECTID":160734,"PRIMENAME":"Battersea Road","ELEVTYP_F":0,"ELEVTYP_T":0},"geometry":{"type":"LineString","coordinates":[[-74.5650632629015,39.2925017436717],[-74.5646227085863,39.2921599296163],[-74.5642808510281,39.2918991665713]]}},{"type":"Feature","id":160740,"properties":{"OBJECTID":160740,"PRIMENAME":"Wesley Avenue","ELEVTYP_F":0,"ELEVTYP_T":0},"geometry":{"type":"LineString","coordinates":[[-74.5835104161338,39.2712865038291],[-74.5833152045105,39.2714281026452],[-74.5820717092057,39.2723358678456]]}},{"type":"Feature","id":160744,"properties":{"OBJECTID":160744,"PRIMENAME":"Battersea Road","ELEVTYP_F":0,"ELEVTYP_T":0},"geometry":{"type":"LineString","coordinates":[[-74.5642808510281,39.2918991665713],[-74.5640905893116,39.2917540583434],[-74.5635970043834,39.2913776113811]]}},{"type":"Feature","id":160879,"properties":{"OBJECTID":160879,"PRIMENAME":"20th Street","ELEVTYP_F":0,"ELEVTYP_T":0},"geometry":{"type":"LineString","coordinates":[[-74.5903204033451,39.265698199404],[-74.590728095619,39.2660346447666]]}},{"type":"Feature","id":160919,"properties":{"OBJECTID":160919,"PRIMENAME":"Unnamed Segment","ELEVTYP_F":0,"ELEVTYP_T":0},"geometry":{"type":"LineString","coordinates":[[-74.6403728957514,39.2312432923745],[-74.6404704305982,39.2309364496645],[-74.6405671698618,39.2305854005225],[-74.64068542235,39.2301528867245],[-74.6408645983172,39.2295041279837],[-74.6409632614056,39.2291550245962],[-74.6409670118828,39.229141752641]]}},{"type":"Feature","id":161006,"properties":{"OBJECTID":161006,"PRIMENAME":"West Avenue","ELEVTYP_F":0,"ELEVTYP_T":0},"geometry":{"type":"LineString","coordinates":[[-74.6381556464795,39.2226030565843],[-74.6376157985561,39.2232516070978],[-74.637075013944,39.2238952691407]]}},{"type":"Feature","id":161034,"properties":{"OBJECTID":161034,"PRIMENAME":"Bay Avenue","ELEVTYP_F":0,"ELEVTYP_T":0},"geometry":{"type":"LineString","coordinates":[[-74.5789015697573,39.2815589297746],[-74.5779569756773,39.2823040104554]]}},{"type":"Feature","id":161066,"properties":{"OBJECTID":161066,"PRIMENAME":"Madaket Court","ELEVTYP_F":0,"ELEVTYP_T":0},"geometry":{"type":"LineString","coordinates":[[-74.6065716088533,39.2616042608839],[-74.6065723318015,39.2616049412457],[-74.6069016015087,39.2618077213682]]}},{"type":"Feature","id":161156,"properties":{"OBJECTID":161156,"PRIMENAME":"Simpson Avenue","ELEVTYP_F":0,"ELEVTYP_T":0},"geometry":{"type":"LineString","coordinates":[[-74.5785012475008,39.2806392505033],[-74.5789443714886,39.2802841775253],[-74.5793884641698,39.2799461529388],[-74.5799266055316,39.279553999288]]}},{"type":"Feature","id":161257,"properties":{"OBJECTID":161257,"PRIMENAME":"56th Street","ELEVTYP_F":0,"ELEVTYP_T":0},"geometry":{"type":"LineString","coordinates":[[-74.6398450772364,39.225292521592],[-74.639373246152,39.2250645041463]]}},{"type":"Feature","id":161319,"properties":{"OBJECTID":161319,"PRIMENAME":"Little Wayne Avenue","ELEVTYP_F":0,"ELEVTYP_T":0},"geometry":{"type":"LineString","coordinates":[[-74.5682073033793,39.2778880522823],[-74.5687476761572,39.2774531985043]]}},{"type":"Feature","id":161370,"properties":{"OBJECTID":161370,"PRIMENAME":"Unnamed Segment","ELEVTYP_F":0,"ELEVTYP_T":0},"geometry":{"type":"LineString","coordinates":[[-74.5853627394908,39.2705709176901],[-74.5850404062097,39.2708035785763],[-74.5845269985512,39.2711817081427],[-74.5842733763662,39.2713647834173],[-74.5839143281921,39.271622289006]]}},{"type":"Feature","id":161410,"properties":{"OBJECTID":161410,"PRIMENAME":"3rd Street","ELEVTYP_F":0,"ELEVTYP_T":0},"geometry":{"type":"LineString","coordinates":[[-74.5668489284139,39.284629806845],[-74.5664299842584,39.2843063824166]]}},{"type":"Feature","id":161429,"properties":{"OBJECTID":161429,"PRIMENAME":"West Seaspray Road","ELEVTYP_F":0,"ELEVTYP_T":0},"geometry":{"type":"LineString","coordinates":[[-74.560842467934,39.2909323846178],[-74.560894875346,39.2908997655396],[-74.5610982824967,39.2907636369048],[-74.5612293955691,39.2906676603851]]}},{"type":"Feature","id":161457,"properties":{"OBJECTID":161457,"PRIMENAME":"Haven Avenue","ELEVTYP_F":0,"ELEVTYP_T":0},"geometry":{"type":"LineString","coordinates":[[-74.6326008712219,39.2308025935663],[-74.6329562927565,39.2303984286127],[-74.6336945535336,39.2295163679509]]}},{"type":"Feature","id":161467,"properties":{"OBJECTID":161467,"PRIMENAME":"Harbor Road","ELEVTYP_F":0,"ELEVTYP_T":0},"geometry":{"type":"LineString","coordinates":[[-74.6246304976437,39.2879650619995],[-74.6246012318399,39.2879589704447],[-74.6245150783597,39.2879322650009]]}},{"type":"Feature","id":161541,"properties":{"OBJECTID":161541,"PRIMENAME":"East 7th Street","ELEVTYP_F":0,"ELEVTYP_T":0},"geometry":{"type":"LineString","coordinates":[[-74.5741906668314,39.2816102963186],[-74.5738201139919,39.2813261586165]]}},{"type":"Feature","id":161652,"properties":{"OBJECTID":161652,"PRIMENAME":"East 8th Street","ELEVTYP_F":0,"ELEVTYP_T":0},"geometry":{"type":"LineString","coordinates":[[-74.5744994266616,39.2796892829759],[-74.5748563949777,39.2799614283833]]}},{"type":"Feature","id":161749,"properties":{"OBJECTID":161749,"PRIMENAME":"Bay Avenue","ELEVTYP_F":0,"ELEVTYP_T":0},"geometry":{"type":"LineString","coordinates":[[-74.6130950673494,39.2545600657238],[-74.612509620896,39.2551048621124],[-74.6120779899024,39.2555074167643]]}},{"type":"Feature","id":161809,"properties":{"OBJECTID":161809,"PRIMENAME":"Unnamed Segment","ELEVTYP_F":0,"ELEVTYP_T":0},"geometry":{"type":"LineString","coordinates":[[-74.6197593810654,39.2427241060137],[-74.6199426578864,39.2425271586682],[-74.6202050173131,39.242240751126],[-74.6209082018325,39.2414730910492]]}},{"type":"Feature","id":161875,"properties":{"OBJECTID":161875,"PRIMENAME":"Revere Place","ELEVTYP_F":0,"ELEVTYP_T":0},"geometry":{"type":"LineString","coordinates":[[-74.5780503950388,39.2809412523353],[-74.5784532982891,39.2812336468617]]}},{"type":"Feature","id":162051,"properties":{"OBJECTID":162051,"PRIMENAME":"Unnamed Segment","ELEVTYP_F":0,"ELEVTYP_T":0},"geometry":{"type":"LineString","coordinates":[[-74.6003161646852,39.2750753935687],[-74.6006833364476,39.2743529267685],[-74.6009341841603,39.2738586182236]]}},{"type":"Feature","id":162109,"properties":{"OBJECTID":162109,"PRIMENAME":"West Avenue","ELEVTYP_F":0,"ELEVTYP_T":0},"geometry":{"type":"LineString","coordinates":[[-74.598618472514,39.263574300175],[-74.5977829672126,39.2641862563974],[-74.5972465536863,39.2645732204548],[-74.5971720666625,39.2646277572779]]}},{"type":"Feature","id":162113,"properties":{"OBJECTID":162113,"PRIMENAME":"Unnamed Segment","ELEVTYP_F":0,"ELEVTYP_T":0},"geometry":{"type":"LineString","coordinates":[[-74.5603194505805,39.2823265091818],[-74.5606846825075,39.2826012753961],[-74.5611714011135,39.2829789946464],[-74.5627164542722,39.2841538582183],[-74.5629907524211,39.2843772111371]]}},{"type":"Feature","id":162122,"properties":{"OBJECTID":162122,"PRIMENAME":"Bayshore Drive","ELEVTYP_F":0,"ELEVTYP_T":0},"geometry":{"type":"LineString","coordinates":[[-74.5940117859691,39.2732498398187],[-74.5942364765199,39.2732655009735],[-74.5943671717602,39.2732590524382],[-74.5944733470957,39.2732494662674],[-74.5945877003302,39.2732271330185],[-74.5947265355054,39.2732047797443],[-74.5948327149668,39.2731983515278],[-74.5949511559354,39.2731950967253],[-74.5950818595503,39.2731949900755],[-74.5951337240817,39.2731998076548]]}},{"type":"Feature","id":162436,"properties":{"OBJECTID":162436,"PRIMENAME":"Fowlers Court","ELEVTYP_F":0,"ELEVTYP_T":0},"geometry":{"type":"LineString","coordinates":[[-74.6072944260517,39.2617600740223],[-74.6076401288341,39.2614809164367]]}},{"type":"Feature","id":162437,"properties":{"OBJECTID":162437,"PRIMENAME":"Bonita Court","ELEVTYP_F":0,"ELEVTYP_T":0},"geometry":{"type":"LineString","coordinates":[[-74.6044245533803,39.2693489484275],[-74.6044445542868,39.2693719483321],[-74.604475552239,39.269423947586],[-74.6045015538989,39.2694679474984],[-74.6045245541387,39.2695229473516],[-74.6045265538388,39.2695779471347],[-74.6044875549212,39.2696119485831],[-74.6044355550337,39.2696379488542],[-74.6043825541317,39.2696649472108],[-74.6043325536113,39.2696919482599],[-74.6042845551359,39.2697209482235],[-74.6042855532225,39.2697719492499],[-74.6043215537962,39.2698189471935],[-74.6043615548048,39.269868948489],[-74.6043995534504,39.2699159491212],[-74.6044305541494,39.2699579474383],[-74.6044695532159,39.2700019492094]]}},{"type":"Feature","id":162476,"properties":{"OBJECTID":162476,"PRIMENAME":"Asbury Avenue","ELEVTYP_F":0,"ELEVTYP_T":0},"geometry":{"type":"LineString","coordinates":[[-74.5892669685831,39.2693164662654],[-74.5891905640481,39.2693719876165],[-74.5881454165724,39.2701364772767],[-74.5878287511827,39.2703737817452]]}},{"type":"Feature","id":162531,"properties":{"OBJECTID":162531,"PRIMENAME":"Delancey Place","ELEVTYP_F":0,"ELEVTYP_T":0},"geometry":{"type":"LineString","coordinates":[[-74.5616604575851,39.2812631622856],[-74.5607900353553,39.2805967144956]]}},{"type":"Feature","id":162825,"properties":{"OBJECTID":162825,"PRIMENAME":"Asbury Avenue","ELEVTYP_F":0,"ELEVTYP_T":0},"geometry":{"type":"LineString","coordinates":[[-74.5935938892371,39.2661623044148],[-74.5935259594282,39.2662118367515],[-74.5923298695127,39.2670846933442],[-74.5921524377735,39.2672139651923]]}},{"type":"Feature","id":162990,"properties":{"OBJECTID":162990,"PRIMENAME":"19th Street","ELEVTYP_F":0,"ELEVTYP_T":0},"geometry":{"type":"LineString","coordinates":[[-74.5921471182048,39.269463122632],[-74.5917843404847,39.2691614900096]]}},{"type":"Feature","id":163265,"properties":{"OBJECTID":163265,"PRIMENAME":"Unnamed Segment","ELEVTYP_F":0,"ELEVTYP_T":0},"geometry":{"type":"LineString","coordinates":[[-74.6366419429866,39.2236758438216],[-74.6364641259221,39.2238905219564],[-74.6356271937886,39.2248866087578],[-74.6355609082137,39.2249655436888]]}},{"type":"Feature","id":163380,"properties":{"OBJECTID":163380,"PRIMENAME":"Wesley Avenue","ELEVTYP_F":0,"ELEVTYP_T":0},"geometry":{"type":"LineString","coordinates":[[-74.5863939492874,39.2691842852722],[-74.5859275219558,39.2695177954811],[-74.5849575528202,39.2702331340743]]}},{"type":"Feature","id":163388,"properties":{"OBJECTID":163388,"PRIMENAME":"Grant Avenue","ELEVTYP_F":0,"ELEVTYP_T":0},"geometry":{"type":"LineString","coordinates":[[-74.6378065676742,39.276769303433],[-74.6385099052852,39.2761994475104]]}},{"type":"Feature","id":163420,"properties":{"OBJECTID":163420,"PRIMENAME":"1st Street","ELEVTYP_F":0,"ELEVTYP_T":0},"geometry":{"type":"LineString","coordinates":[[-74.5647906930321,39.287369731306],[-74.5644328779258,39.2870968144805]]}},{"type":"Feature","id":163503,"properties":{"OBJECTID":163503,"PRIMENAME":"3rd Street","ELEVTYP_F":0,"ELEVTYP_T":0},"geometry":{"type":"LineString","coordinates":[[-74.5651592513915,39.2833336088739],[-74.5647279521851,39.2830048036506]]}},{"type":"Feature","id":163625,"properties":{"OBJECTID":163625,"PRIMENAME":"Unnamed Segment","ELEVTYP_F":0,"ELEVTYP_T":0},"geometry":{"type":"LineString","coordinates":[[-74.6347282771468,39.2245505035942],[-74.6352805265427,39.2238889369875],[-74.6358088870076,39.2232556500937]]}},{"type":"Feature","id":163706,"properties":{"OBJECTID":163706,"PRIMENAME":"Surf Road","ELEVTYP_F":0,"ELEVTYP_T":0},"geometry":{"type":"LineString","coordinates":[[-74.5620045572209,39.2913888486741],[-74.5619398991942,39.2913140078092],[-74.5619069558093,39.2912805229231],[-74.5618506706354,39.2912233102115],[-74.5615215459879,39.2909186280726],[-74.5612293955691,39.2906676603851]]}},{"type":"Feature","id":163824,"properties":{"OBJECTID":163824,"PRIMENAME":"Unnamed Segment","ELEVTYP_F":0,"ELEVTYP_T":0},"geometry":{"type":"LineString","coordinates":[[-74.5587530367924,39.2905024368003],[-74.5586488202226,39.290779338475],[-74.5586460101008,39.2907986976195],[-74.5586483230812,39.2908184649574],[-74.5586642512326,39.2908517350388]]}},{"type":"Feature","id":163910,"properties":{"OBJECTID":163910,"PRIMENAME":"Unnamed Segment","ELEVTYP_F":0,"ELEVTYP_T":0},"geometry":{"type":"LineString","coordinates":[[-74.5623874024008,39.2855299647315],[-74.5631695175107,39.2849172773746],[-74.5637748011703,39.2844365033846]]}},{"type":"Feature","id":163938,"properties":{"OBJECTID":163938,"PRIMENAME":"Unnamed Segment","ELEVTYP_F":0,"ELEVTYP_T":0},"geometry":{"type":"LineString","coordinates":[[-74.6391887956584,39.2267969270738],[-74.6384556715642,39.2276748982133],[-74.6381066370204,39.2280869782183],[-74.638016146819,39.2281938139668],[-74.6369881745179,39.229434424766],[-74.6360314634983,39.2305563813048]]}},{"type":"Feature","id":164097,"properties":{"OBJECTID":164097,"PRIMENAME":"East 4th Street","ELEVTYP_F":0,"ELEVTYP_T":0},"geometry":{"type":"LineString","coordinates":[[-74.5678172592553,39.2832108405146],[-74.5682384628894,39.283532364261]]}},{"type":"Feature","id":164137,"properties":{"OBJECTID":164137,"PRIMENAME":"Unnamed Segment","ELEVTYP_F":0,"ELEVTYP_T":0},"geometry":{"type":"LineString","coordinates":[[-74.5860241408948,39.2733676004535],[-74.5867815823181,39.2728166878249],[-74.5874630890849,39.2723153320156]]}},{"type":"Feature","id":164252,"properties":{"OBJECTID":164252,"PRIMENAME":"Great Bay Drive","ELEVTYP_F":0,"ELEVTYP_T":0},"geometry":{"type":"LineString","coordinates":[[-74.6031710505708,39.3102329927925],[-74.6031191517922,39.3101440434438],[-74.6030591552626,39.3100539175657],[-74.6029840447294,39.3099754742122],[-74.6028567176899,39.3099144951567],[-74.6027959659685,39.3098737219785],[-74.6027548189065,39.3098359194768],[-74.6026845436515,39.3098125314096],[-74.6025370754015,39.3097634533471]]}},{"type":"Feature","id":164331,"properties":{"OBJECTID":164331,"PRIMENAME":"56th Street","ELEVTYP_F":0,"ELEVTYP_T":0},"geometry":{"type":"LineString","coordinates":[[-74.639373246152,39.2250645041463],[-74.6391321561934,39.2249480159432],[-74.6389172704658,39.2248367135995]]}},{"type":"Feature","id":164365,"properties":{"OBJECTID":164365,"PRIMENAME":"Reef Drive","ELEVTYP_F":0,"ELEVTYP_T":0},"geometry":{"type":"LineString","coordinates":[[-74.6044245533803,39.2693489484275],[-74.6045245553992,39.2693139481956],[-74.6046245531857,39.2692769480534],[-74.6047175545845,39.2692329484123],[-74.6047805540423,39.2691989478124]]}},{"type":"Feature","id":164418,"properties":{"OBJECTID":164418,"PRIMENAME":"Unnamed Segment","ELEVTYP_F":0,"ELEVTYP_T":0},"geometry":{"type":"LineString","coordinates":[[-74.5743728965373,39.2774337068477],[-74.5748922348841,39.2770234664532],[-74.5759346477512,39.2762472651396]]}},{"type":"Feature","id":164597,"properties":{"OBJECTID":164597,"PRIMENAME":"1st Avenue","ELEVTYP_F":0,"ELEVTYP_T":0},"geometry":{"type":"LineString","coordinates":[[-74.6355980484409,39.2750989061769],[-74.6360192241184,39.2747597039367],[-74.6363147677548,39.2745254237562]]}},{"type":"Feature","id":164616,"properties":{"OBJECTID":164616,"PRIMENAME":"19th Street","ELEVTYP_F":0,"ELEVTYP_T":0},"geometry":{"type":"LineString","coordinates":[[-74.5910457461977,39.2685473045275],[-74.590831068693,39.2683687811807],[-74.5907079780655,39.2682668462277]]}},{"type":"Feature","id":164753,"properties":{"OBJECTID":164753,"PRIMENAME":"Haven Avenue","ELEVTYP_F":0,"ELEVTYP_T":0},"geometry":{"type":"LineString","coordinates":[[-74.5950721058168,39.267387975134],[-74.5954215972628,39.2671358252337],[-74.5965033549532,39.266321782553]]}},{"type":"Feature","id":164881,"properties":{"OBJECTID":164881,"PRIMENAME":"Little Corinthian Avenue","ELEVTYP_F":0,"ELEVTYP_T":0},"geometry":{"type":"LineString","coordinates":[[-74.5651052609213,39.2795106765586],[-74.5647462252658,39.2797885785804]]}},{"type":"Feature","id":164898,"properties":{"OBJECTID":164898,"PRIMENAME":"Battersea Road","ELEVTYP_F":0,"ELEVTYP_T":0},"geometry":{"type":"LineString","coordinates":[[-74.5635970043834,39.2913776113811],[-74.5633893770635,39.2912192973449],[-74.5631793107026,39.291058705182]]}},{"type":"Feature","id":165060,"properties":{"OBJECTID":165060,"PRIMENAME":"Wesley Road","ELEVTYP_F":0,"ELEVTYP_T":0},"geometry":{"type":"LineString","coordinates":[[-74.557951425582,39.292833777573],[-74.5581717729602,39.2926582167652],[-74.5582643146212,39.2925718187785],[-74.5583279727063,39.2925108869619]]}},{"type":"Feature","id":165150,"properties":{"OBJECTID":165150,"PRIMENAME":"West Avenue","ELEVTYP_F":0,"ELEVTYP_T":0},"geometry":{"type":"LineString","coordinates":[[-74.6282615727477,39.2342179264514],[-74.6278923904307,39.2346125377611],[-74.6278746655484,39.2346316394764]]}},{"type":"Feature","id":165276,"properties":{"OBJECTID":165276,"PRIMENAME":"Bay Avenue","ELEVTYP_F":0,"ELEVTYP_T":0},"geometry":{"type":"LineString","coordinates":[[-74.6067568501099,39.2604685250289],[-74.6065469616039,39.2606642674014],[-74.6063341825648,39.2608627027926],[-74.606089323819,39.2610916653403]]}},{"type":"Feature","id":165374,"properties":{"OBJECTID":165374,"PRIMENAME":"Central Avenue","ELEVTYP_F":0,"ELEVTYP_T":0},"geometry":{"type":"LineString","coordinates":[[-74.6343069343712,39.2243333351523],[-74.6339488784288,39.2247614787479],[-74.6332291974595,39.2256218293761]]}},{"type":"Feature","id":165379,"properties":{"OBJECTID":165379,"PRIMENAME":"49th Street","ELEVTYP_F":0,"ELEVTYP_T":0},"geometry":{"type":"LineString","coordinates":[[-74.6285839487256,39.232514531433],[-74.628985496377,39.2327393739975]]}},{"type":"Feature","id":165395,"properties":{"OBJECTID":165395,"PRIMENAME":"East 12th Street","ELEVTYP_F":0,"ELEVTYP_T":0},"geometry":{"type":"LineString","coordinates":[[-74.5791878872652,39.2744418232353],[-74.5795891795717,39.2747743027798]]}},{"type":"Feature","id":165434,"properties":{"OBJECTID":165434,"PRIMENAME":"Victoria Lane","ELEVTYP_F":0,"ELEVTYP_T":0},"geometry":{"type":"LineString","coordinates":[[-74.6181947344853,39.2520741588581],[-74.6181368383426,39.2520652390665],[-74.6180624239301,39.2520405210894],[-74.6179667178082,39.2519965487562],[-74.6178993480136,39.2519608127413],[-74.6178319460276,39.2519058017435],[-74.6177716547247,39.2518370279009],[-74.6177273341508,39.2517732617907]]}},{"type":"Feature","id":165789,"properties":{"OBJECTID":165789,"PRIMENAME":"Unnamed Segment","ELEVTYP_F":0,"ELEVTYP_T":0},"geometry":{"type":"LineString","coordinates":[[-74.5875469528627,39.2751843196629],[-74.5886670782283,39.2761055649503]]}},{"type":"Feature","id":165953,"properties":{"OBJECTID":165953,"PRIMENAME":"Asbury Avenue","ELEVTYP_F":0,"ELEVTYP_T":0},"geometry":{"type":"LineString","coordinates":[[-74.6239815092504,39.2375042036167],[-74.6231385394505,39.2384111617101],[-74.6228255992687,39.2387520997587]]}},{"type":"Feature","id":166113,"properties":{"OBJECTID":166113,"PRIMENAME":"Boardwalk","ELEVTYP_F":0,"ELEVTYP_T":0},"geometry":{"type":"LineString","coordinates":[[-74.5916551293574,39.2645551564613],[-74.5924123499324,39.2640547428477],[-74.5930067013883,39.2636583042062],[-74.593160753109,39.2635554429431]]}},{"type":"Feature","id":166233,"properties":{"OBJECTID":166233,"PRIMENAME":"West 11th Street","ELEVTYP_F":0,"ELEVTYP_T":0},"geometry":{"type":"LineString","coordinates":[[-74.5821373288121,39.2791308022408],[-74.582490182691,39.2794189464841]]}},{"type":"Feature","id":166353,"properties":{"OBJECTID":166353,"PRIMENAME":"55th Street","ELEVTYP_F":0,"ELEVTYP_T":0},"geometry":{"type":"LineString","coordinates":[[-74.6369266946076,39.2256471132815],[-74.6365384197699,39.2254497386522],[-74.6364714230922,39.2254165936482]]}},{"type":"Feature","id":166371,"properties":{"OBJECTID":166371,"PRIMENAME":"2nd Street","ELEVTYP_F":0,"ELEVTYP_T":0},"geometry":{"type":"LineString","coordinates":[[-74.5661800660416,39.2862726985197],[-74.5665350915852,39.2865435253068]]}},{"type":"Feature","id":166761,"properties":{"OBJECTID":166761,"PRIMENAME":"Reef Drive","ELEVTYP_F":0,"ELEVTYP_T":0},"geometry":{"type":"LineString","coordinates":[[-74.6036195527357,39.2694519488172],[-74.6037135536154,39.2694509489977],[-74.6038525529096,39.2694439464298],[-74.6039515539077,39.2694339481373],[-74.6039965535825,39.2694319477667]]}},{"type":"Feature","id":166786,"properties":{"OBJECTID":166786,"PRIMENAME":"Little Corinthian Avenue","ELEVTYP_F":0,"ELEVTYP_T":0},"geometry":{"type":"LineString","coordinates":[[-74.5654465009554,39.2792465407766],[-74.5651052609213,39.2795106765586]]}},{"type":"Feature","id":167013,"properties":{"OBJECTID":167013,"PRIMENAME":"Anchor Road","ELEVTYP_F":0,"ELEVTYP_T":0},"geometry":{"type":"LineString","coordinates":[[-74.5997441532325,39.2762170307259],[-74.5996680297422,39.2762208577417],[-74.5995110722814,39.2762209919805],[-74.5994265618732,39.2762148034548],[-74.5993782918093,39.2762054544872],[-74.5993420238374,39.2761898624703],[-74.5993208203071,39.2761706497998],[-74.5993178645109,39.2761679723741],[-74.599297684789,39.2761367157306],[-74.5992896214214,39.2761054487526],[-74.5992936092698,39.2760773018564]]}},{"type":"Feature","id":167668,"properties":{"OBJECTID":167668,"PRIMENAME":"13th Street","ELEVTYP_F":0,"ELEVTYP_T":0},"geometry":{"type":"LineString","coordinates":[[-74.5806299249996,39.2733880995781],[-74.5810369467252,39.2737264462942]]}},{"type":"Feature","id":167760,"properties":{"OBJECTID":167760,"PRIMENAME":"Unnamed Segment","ELEVTYP_F":0,"ELEVTYP_T":0},"geometry":{"type":"LineString","coordinates":[[-74.5932544264559,39.2658814151451],[-74.5921487429314,39.2666853898568],[-74.5918121610362,39.2669313428311]]}},{"type":"Feature","id":167885,"properties":{"OBJECTID":167885,"PRIMENAME":"Unnamed Segment","ELEVTYP_F":0,"ELEVTYP_T":0},"geometry":{"type":"LineString","coordinates":[[-74.6257539833659,39.2522968002799],[-74.6257735678523,39.2524461189648]]}},{"type":"Feature","id":167936,"properties":{"OBJECTID":167936,"PRIMENAME":"Atlantic Road","ELEVTYP_F":0,"ELEVTYP_T":0},"geometry":{"type":"LineString","coordinates":[[-74.5605662911136,39.2862932173141],[-74.5603511946818,39.286464057113],[-74.5601804437984,39.2865570877028]]}},{"type":"Feature","id":168220,"properties":{"OBJECTID":168220,"PRIMENAME":"West Avenue","ELEVTYP_F":0,"ELEVTYP_T":0},"geometry":{"type":"LineString","coordinates":[[-74.584199183415,39.2740993215559],[-74.5838028884111,39.2743878248007],[-74.5827605049032,39.2751528400573]]}},{"type":"Feature","id":168311,"properties":{"OBJECTID":168311,"PRIMENAME":"3rd Street","ELEVTYP_F":0,"ELEVTYP_T":0},"geometry":{"type":"LineString","coordinates":[[-74.5690445301537,39.2863021170873],[-74.5686462519335,39.2859969751435]]}},{"type":"Feature","id":168335,"properties":{"OBJECTID":168335,"PRIMENAME":"Bridge Boulevard","ELEVTYP_F":0,"ELEVTYP_T":0},"geometry":{"type":"LineString","coordinates":[[-74.559706410377,39.2934838152425],[-74.559502865037,39.2936376236497],[-74.559299381906,39.2937810262948],[-74.5588961920861,39.2940230452392],[-74.5587422500761,39.2941278442202]]}},{"type":"Feature","id":168338,"properties":{"OBJECTID":168338,"PRIMENAME":"Reef Drive","ELEVTYP_F":0,"ELEVTYP_T":0},"geometry":{"type":"LineString","coordinates":[[-74.6064975512643,39.2681618277479],[-74.606535556115,39.2680809467633],[-74.6066115540218,39.2680209472137],[-74.6067105536822,39.2680009483334],[-74.6068035540941,39.2680109486968],[-74.6068905537573,39.2680239470304],[-74.6070805551132,39.2680469479637],[-74.6071134982612,39.2680497183275]]}},{"type":"Feature","id":168417,"properties":{"OBJECTID":168417,"PRIMENAME":"Corinthian Avenue","ELEVTYP_F":0,"ELEVTYP_T":0},"geometry":{"type":"LineString","coordinates":[[-74.5623827193202,39.2806899674548],[-74.5627368910118,39.2804089459251]]}},{"type":"Feature","id":168664,"properties":{"OBJECTID":168664,"PRIMENAME":"US Highway 9","ELEVTYP_F":0,"ELEVTYP_T":0},"geometry":{"type":"LineString","coordinates":[[-74.6180426181019,39.307189474296],[-74.617974783414,39.3079028806042],[-74.6179533527984,39.3080430974348],[-74.6179031187744,39.3082253251256],[-74.6178241148866,39.3084497014267],[-74.6177162811704,39.3087021393543],[-74.6175723999721,39.3089770196099],[-74.6174572466267,39.3091649958808],[-74.617306014397,39.3093782150588],[-74.6171907953062,39.3095269001772],[-74.6170791294875,39.3096447754593],[-74.6170034337016,39.3097149216233],[-74.6168484887217,39.3098440427316],[-74.6166898764806,39.3099563364399],[-74.6165276504395,39.3100434277841],[-74.616300515585,39.310164177034],[-74.6161145779904,39.3102473459066],[-74.6158428986588,39.310372231993]]}},{"type":"Feature","id":168692,"properties":{"OBJECTID":168692,"PRIMENAME":"Unnamed Segment","ELEVTYP_F":0,"ELEVTYP_T":0},"geometry":{"type":"LineString","coordinates":[[-74.563413364581,39.2884714088124],[-74.5643249933607,39.2877375298315],[-74.5647906930321,39.287369731306]]}},{"type":"Feature","id":168782,"properties":{"OBJECTID":168782,"PRIMENAME":"Merion Place","ELEVTYP_F":0,"ELEVTYP_T":0},"geometry":{"type":"LineString","coordinates":[[-74.6259022330894,39.2335311025439],[-74.6262474421921,39.233723726082]]}},{"type":"Feature","id":168786,"properties":{"OBJECTID":168786,"PRIMENAME":"19th Street","ELEVTYP_F":0,"ELEVTYP_T":0},"geometry":{"type":"LineString","coordinates":[[-74.5914025416594,39.2688439743368],[-74.5913638553246,39.2688117975479],[-74.5910457461977,39.2685473045275]]}},{"type":"Feature","id":169089,"properties":{"OBJECTID":169089,"PRIMENAME":"Haven Avenue","ELEVTYP_F":0,"ELEVTYP_T":0},"geometry":{"type":"LineString","coordinates":[[-74.6037626931604,39.2605251573779],[-74.6028431711209,39.2613774200304],[-74.6024955742045,39.2617046321617]]}},{"type":"Feature","id":169143,"properties":{"OBJECTID":169143,"PRIMENAME":"Unnamed Segment","ELEVTYP_F":0,"ELEVTYP_T":0},"geometry":{"type":"LineString","coordinates":[[-74.5896069627371,39.2695981899359],[-74.5890482977081,39.2699998777035],[-74.5881617081962,39.2706503531738]]}},{"type":"Feature","id":169284,"properties":{"OBJECTID":169284,"PRIMENAME":"Unnamed Segment","ELEVTYP_F":0,"ELEVTYP_T":0},"geometry":{"type":"LineString","coordinates":[[-74.613985438616,39.2489656915006],[-74.6141947979691,39.2487393492066],[-74.6146263299035,39.2482661111054],[-74.6151406477245,39.2477167057269]]}},{"type":"Feature","id":169426,"properties":{"OBJECTID":169426,"PRIMENAME":"Arkansas Avenue","ELEVTYP_F":0,"ELEVTYP_T":0},"geometry":{"type":"LineString","coordinates":[[-74.596723339783,39.2734102752937],[-74.5964420066866,39.27317797381],[-74.595153476491,39.2721065310667]]}},{"type":"Feature","id":169509,"properties":{"OBJECTID":169509,"PRIMENAME":"1st Street","ELEVTYP_F":0,"ELEVTYP_T":0},"geometry":{"type":"LineString","coordinates":[[-74.5644328779258,39.2870968144805],[-74.5640684535993,39.2868188483748]]}},{"type":"Feature","id":169511,"properties":{"OBJECTID":169511,"PRIMENAME":"Boyd Avenue","ELEVTYP_F":0,"ELEVTYP_T":0},"geometry":{"type":"LineString","coordinates":[[-74.6462406584883,39.2723369641741],[-74.6466163117937,39.2726286637443]]}},{"type":"Feature","id":169654,"properties":{"OBJECTID":169654,"PRIMENAME":"East 6th Street","ELEVTYP_F":0,"ELEVTYP_T":0},"geometry":{"type":"LineString","coordinates":[[-74.56888770341,39.2797139074944],[-74.5693213004378,39.2800451941081]]}},{"type":"Feature","id":169866,"properties":{"OBJECTID":169866,"PRIMENAME":"56th Street","ELEVTYP_F":0,"ELEVTYP_T":0},"geometry":{"type":"LineString","coordinates":[[-74.6353889717268,39.2230443599674],[-74.6349720973815,39.2228346025125]]}},{"type":"Feature","id":169961,"properties":{"OBJECTID":169961,"PRIMENAME":"East 16th Street","ELEVTYP_F":0,"ELEVTYP_T":0},"geometry":{"type":"LineString","coordinates":[[-74.5878366118551,39.2726236692536],[-74.5885850813477,39.2732414091767]]}},{"type":"Feature","id":170061,"properties":{"OBJECTID":170061,"PRIMENAME":"Lagoon Road","ELEVTYP_F":0,"ELEVTYP_T":0},"geometry":{"type":"LineString","coordinates":[[-74.5642808510281,39.2918991665713],[-74.5642700563404,39.2919174591802],[-74.5642548021905,39.2919677693981],[-74.5642562510349,39.2920068119462],[-74.5642613856937,39.2920958254577],[-74.5642857409286,39.2922225258777],[-74.5642983726201,39.2923190300679],[-74.5642984677979,39.2924230927541],[-74.5642860145543,39.2925217529431],[-74.5642595525635,39.2926421117079],[-74.5642164704639,39.2927873828024],[-74.5641831487558,39.2928646104616],[-74.5641547165232,39.2929173168968],[-74.5640945360829,39.2930287976923],[-74.5640064438709,39.2931831827428],[-74.5639844181016,39.2932860486723],[-74.5639791498447,39.2933607619716]]}},{"type":"Feature","id":170089,"properties":{"OBJECTID":170089,"PRIMENAME":"Safe Harbor Drive","ELEVTYP_F":0,"ELEVTYP_T":0},"geometry":{"type":"LineString","coordinates":[[-74.6414505621898,39.2266649379372],[-74.6417095640882,39.2265809387458],[-74.641756563129,39.2265529387181],[-74.6417845633895,39.2265199378698],[-74.6417985652023,39.2264769386292],[-74.6417935638338,39.2264359389408],[-74.6417075640118,39.2262809387009]]}},{"type":"Feature","id":170275,"properties":{"OBJECTID":170275,"PRIMENAME":"Dory Drive","ELEVTYP_F":0,"ELEVTYP_T":0},"geometry":{"type":"LineString","coordinates":[[-74.6418557554465,39.2292900573486],[-74.6419852978872,39.2288340987163],[-74.6420288497105,39.2286351721881],[-74.6420502580658,39.2285200452888],[-74.6420608930082,39.2284189619435],[-74.6420534005592,39.2282926396399],[-74.6420315282641,39.2281775655104],[-74.6420023899792,39.2280484409843],[-74.6419576252567,39.227920561522],[-74.6419552371541,39.2279137379451],[-74.6418899047719,39.2277621980021],[-74.6418577370298,39.2277061425166],[-74.6417739879279,39.2275601983632],[-74.6416290868628,39.2273048840054]]}},{"type":"Feature","id":170426,"properties":{"OBJECTID":170426,"PRIMENAME":"35th Street","ELEVTYP_F":0,"ELEVTYP_T":0},"geometry":{"type":"LineString","coordinates":[[-74.6156251162798,39.2521985390079],[-74.6151884877753,39.251914174598],[-74.6147696582845,39.251641399043]]}},{"type":"Feature","id":170548,"properties":{"OBJECTID":170548,"PRIMENAME":"Saint James Place","ELEVTYP_F":0,"ELEVTYP_T":0},"geometry":{"type":"LineString","coordinates":[[-74.5580968126679,39.2829771371928],[-74.5588082911884,39.2835222977295]]}},{"type":"Feature","id":170620,"properties":{"OBJECTID":170620,"PRIMENAME":"Bay Avenue","ELEVTYP_F":0,"ELEVTYP_T":0},"geometry":{"type":"LineString","coordinates":[[-74.5898698321259,39.2734903121154],[-74.5893843046304,39.2738422472715],[-74.5893429417874,39.2738723169532]]}},{"type":"Feature","id":170686,"properties":{"OBJECTID":170686,"PRIMENAME":"East 9th Street","ELEVTYP_F":0,"ELEVTYP_T":0},"geometry":{"type":"LineString","coordinates":[[-74.5785012475008,39.2806392505033],[-74.5788425645726,39.2809563686205],[-74.5792642270298,39.2812758758831]]}},{"type":"Feature","id":170723,"properties":{"OBJECTID":170723,"PRIMENAME":"West Seaspray Road","ELEVTYP_F":0,"ELEVTYP_T":0},"geometry":{"type":"LineString","coordinates":[[-74.55816444783,39.2907671159052],[-74.5583019487829,39.2907855806119]]}},{"type":"Feature","id":170981,"properties":{"OBJECTID":170981,"PRIMENAME":"East 8th Street","ELEVTYP_F":0,"ELEVTYP_T":0},"geometry":{"type":"LineString","coordinates":[[-74.569499978183,39.2758818201246],[-74.5693226511418,39.2757472600478]]}},{"type":"Feature","id":171005,"properties":{"OBJECTID":171005,"PRIMENAME":"5th Street","ELEVTYP_F":0,"ELEVTYP_T":0},"geometry":{"type":"LineString","coordinates":[[-74.5725956102686,39.2846964361001],[-74.5721999126575,39.2843932395842],[-74.571826308236,39.2841069698275]]}},{"type":"Feature","id":171212,"properties":{"OBJECTID":171212,"PRIMENAME":"Ocean Avenue","ELEVTYP_F":0,"ELEVTYP_T":0},"geometry":{"type":"LineString","coordinates":[[-74.5725269605925,39.2781855490077],[-74.5718111206218,39.2787485066177],[-74.5717131643278,39.2788273961356]]}},{"type":"Feature","id":171382,"properties":{"OBJECTID":171382,"PRIMENAME":"Gull Road","ELEVTYP_F":0,"ELEVTYP_T":0},"geometry":{"type":"LineString","coordinates":[[-74.5559431533633,39.2865387998096],[-74.5559731586742,39.2863273113405],[-74.5560486105202,39.2857288199391],[-74.5560412671176,39.2856473306866],[-74.5560086919813,39.2855599504911]]}},{"type":"Feature","id":171528,"properties":{"OBJECTID":171528,"PRIMENAME":"48th Street","ELEVTYP_F":0,"ELEVTYP_T":0},"geometry":{"type":"LineString","coordinates":[[-74.6278396679077,39.2339838775077],[-74.6276868160374,39.2338990645787],[-74.6274353631318,39.2337588412823]]}},{"type":"Feature","id":171642,"properties":{"OBJECTID":171642,"PRIMENAME":"Roosevelt Boulevard","ELEVTYP_F":0,"ELEVTYP_T":0},"geometry":{"type":"LineString","coordinates":[[-74.643199361866,39.2622382681232],[-74.6428686503353,39.2620238763474],[-74.6427118786179,39.2619256345892]]}},{"type":"Feature","id":171771,"properties":{"OBJECTID":171771,"PRIMENAME":"Warwick Road","ELEVTYP_F":0,"ELEVTYP_T":0},"geometry":{"type":"LineString","coordinates":[[-74.5656758372953,39.2902004165338],[-74.5670117407695,39.2891224595529],[-74.5670555927139,39.2890878112661]]}},{"type":"Feature","id":171914,"properties":{"OBJECTID":171914,"PRIMENAME":"30th Street","ELEVTYP_F":0,"ELEVTYP_T":0},"geometry":{"type":"LineString","coordinates":[[-74.6071789229777,39.2567412336613],[-74.6067840164488,39.2564910489425],[-74.6067406756026,39.2564635765634]]}},{"type":"Feature","id":171976,"properties":{"OBJECTID":171976,"PRIMENAME":"Gardens Parkway","ELEVTYP_F":0,"ELEVTYP_T":0},"geometry":{"type":"LineString","coordinates":[[-74.5585281317527,39.292323062809],[-74.5584884843344,39.2922367571387],[-74.5584295122825,39.2921119673059],[-74.5583625036555,39.2920101082437],[-74.5583276486127,39.2919498022864],[-74.5582901001189,39.2918790913915],[-74.5582552621889,39.2917959144782],[-74.5582391273737,39.2917273070738],[-74.5582256406926,39.291612900641],[-74.5582240448368,39.2915630662612]]}},{"type":"Feature","id":172129,"properties":{"OBJECTID":172129,"PRIMENAME":"East 52nd Street","ELEVTYP_F":0,"ELEVTYP_T":0},"geometry":{"type":"LineString","coordinates":[[-74.6341526689583,39.2297476633966],[-74.6345850248645,39.2299659166616],[-74.6346052735388,39.2299762446949]]}},{"type":"Feature","id":172133,"properties":{"OBJECTID":172133,"PRIMENAME":"Unnamed Segment","ELEVTYP_F":0,"ELEVTYP_T":0},"geometry":{"type":"LineString","coordinates":[[-74.5809965950133,39.2781969064422],[-74.580259309946,39.2787308532404],[-74.5795572853818,39.279245415275]]}},{"type":"Feature","id":172335,"properties":{"OBJECTID":172335,"PRIMENAME":"West 14th Street","ELEVTYP_F":0,"ELEVTYP_T":0},"geometry":{"type":"LineString","coordinates":[[-74.5875709481951,39.2768940574021],[-74.5873580329907,39.276718247975]]}},{"type":"Feature","id":172865,"properties":{"OBJECTID":172865,"PRIMENAME":"Unnamed Segment","ELEVTYP_F":0,"ELEVTYP_T":0},"geometry":{"type":"LineString","coordinates":[[-74.5556129447167,39.2951661309062],[-74.5554675916175,39.2952825086795],[-74.555386226235,39.2953458083777],[-74.555332020087,39.2953910003495],[-74.5553232667988,39.2954038547017],[-74.5553204132636,39.295415113601],[-74.5553208852174,39.2954314506421],[-74.5553395952037,39.2954528857624],[-74.5553785933019,39.2954813394263],[-74.555529835011,39.2955716286081],[-74.5558788433799,39.2957792563892],[-74.5559874461522,39.2958394456245],[-74.5561037877166,39.2958996301281],[-74.556247237409,39.2959658143923],[-74.55644112757,39.2960500687997],[-74.5565419445462,39.2960951869746],[-74.5565696249218,39.2961093956675],[-74.5565873067838,39.2961260810627],[-74.5565923758237,39.2961452714602],[-74.5565923880263,39.2961604277431],[-74.5565846792958,39.296197580387],[-74.5564467961384,39.2964636241904]]}},{"type":"Feature","id":172887,"properties":{"OBJECTID":172887,"PRIMENAME":"East 15th Street","ELEVTYP_F":0,"ELEVTYP_T":0},"geometry":{"type":"LineString","coordinates":[[-74.587907343181,39.2749220249538],[-74.5876577512976,39.274713923977],[-74.5875259906388,39.2746054298069]]}},{"type":"Feature","id":173178,"properties":{"OBJECTID":173178,"PRIMENAME":"Heritage Drive","ELEVTYP_F":0,"ELEVTYP_T":0},"geometry":{"type":"LineString","coordinates":[[-74.6339171196028,39.2786644281181],[-74.6341523057321,39.2788160494751],[-74.6342870220086,39.2789137243425],[-74.6344022977089,39.2789877533009],[-74.6345259699337,39.2790551270817],[-74.6346649872508,39.2791291553715],[-74.6348127343622,39.2792234373731],[-74.6349691571613,39.2793278127464],[-74.6351690833688,39.2794759858138],[-74.6353559549582,39.2796140980189],[-74.635425472455,39.2796645379717],[-74.6355210765581,39.279721784761],[-74.6356818132035,39.2798092952686],[-74.6358512421561,39.2798967963127],[-74.6360119873014,39.2799876835318],[-74.6361119224855,39.2800550292894],[-74.6363236337788,39.2802084239536],[-74.6364465673862,39.280297495533]]}},{"type":"Feature","id":173213,"properties":{"OBJECTID":173213,"PRIMENAME":"West Avenue","ELEVTYP_F":0,"ELEVTYP_T":0},"geometry":{"type":"LineString","coordinates":[[-74.5784289394833,39.2783042639737],[-74.5779918603597,39.2786215226514],[-74.5769354205261,39.279440969176]]}},{"type":"Feature","id":173462,"properties":{"OBJECTID":173462,"PRIMENAME":"Unnamed Segment","ELEVTYP_F":0,"ELEVTYP_T":0},"geometry":{"type":"LineString","coordinates":[[-74.5773879807182,39.2774508520931],[-74.5773191098843,39.2774996890864],[-74.5769004308247,39.2778118787796],[-74.5766049357713,39.2780255531264],[-74.5762742310219,39.2782857340149],[-74.5758876842771,39.2785913094607]]}},{"type":"Feature","id":173562,"properties":{"OBJECTID":173562,"PRIMENAME":"Chelsea Place","ELEVTYP_F":0,"ELEVTYP_T":0},"geometry":{"type":"LineString","coordinates":[[-74.5844740761015,39.270587381493],[-74.5836207540667,39.2698767197903]]}},{"type":"Feature","id":173910,"properties":{"OBJECTID":173910,"PRIMENAME":"Wesley Avenue","ELEVTYP_F":0,"ELEVTYP_T":0},"geometry":{"type":"LineString","coordinates":[[-74.6123672397941,39.2480551346363],[-74.6123082977132,39.2481186448234],[-74.6120354518665,39.2484176703899],[-74.6118417101031,39.2486303751242],[-74.6116914301817,39.2487937527312],[-74.6115688011306,39.2489139963994],[-74.6114185157546,39.2490527441522],[-74.6111517231946,39.2492983022609]]}},{"type":"Feature","id":174049,"properties":{"OBJECTID":174049,"PRIMENAME":"Roosevelt Boulevard","ELEVTYP_F":0,"ELEVTYP_T":0},"geometry":{"type":"LineString","coordinates":[[-74.6152993413819,39.2530492948917],[-74.6152719118779,39.2530493220438],[-74.6152152206671,39.2530427606738],[-74.6151633208655,39.253029385195],[-74.6151556891878,39.2530274163291],[-74.6151159655262,39.253009800312],[-74.6150734387378,39.2529834283201],[-74.6150251965677,39.2529394075702],[-74.6149769580433,39.2528975821091],[-74.6149325685436,39.2528550402761]]}},{"type":"Feature","id":174468,"properties":{"OBJECTID":174468,"PRIMENAME":"East 7th Street","ELEVTYP_F":0,"ELEVTYP_T":0},"geometry":{"type":"LineString","coordinates":[[-74.5723989622422,39.2802395850661],[-74.5719744013148,39.2799167603595]]}},{"type":"Feature","id":174512,"properties":{"OBJECTID":174512,"PRIMENAME":"East 17th Street","ELEVTYP_F":0,"ELEVTYP_T":0},"geometry":{"type":"LineString","coordinates":[[-74.5892721658682,39.271574895014],[-74.5888998757702,39.271264941704]]}},{"type":"Feature","id":174536,"properties":{"OBJECTID":174536,"PRIMENAME":"32nd Street","ELEVTYP_F":0,"ELEVTYP_T":0},"geometry":{"type":"LineString","coordinates":[[-74.6077315562387,39.2530887484011],[-74.6073546443997,39.2528392901841]]}},{"type":"Feature","id":174729,"properties":{"OBJECTID":174729,"PRIMENAME":"West Surf Road","ELEVTYP_F":0,"ELEVTYP_T":0},"geometry":{"type":"LineString","coordinates":[[-74.5620045572209,39.2913888486741],[-74.5618764074657,39.2913997897499],[-74.5617320136822,39.2914209266749],[-74.5616888479498,39.2914350347793]]}},{"type":"Feature","id":174762,"properties":{"OBJECTID":174762,"PRIMENAME":"East 7th Street","ELEVTYP_F":0,"ELEVTYP_T":0},"geometry":{"type":"LineString","coordinates":[[-74.5681199705688,39.276973809196],[-74.5676233983952,39.276594503741]]}},{"type":"Feature","id":175010,"properties":{"OBJECTID":175010,"PRIMENAME":"Haven Avenue","ELEVTYP_F":0,"ELEVTYP_T":0},"geometry":{"type":"LineString","coordinates":[[-74.6336945535336,39.2295163679509],[-74.6344468399278,39.2286121006677],[-74.6347696933714,39.2282277633591]]}},{"type":"Feature","id":175147,"properties":{"OBJECTID":175147,"PRIMENAME":"Greenbriar Road","ELEVTYP_F":0,"ELEVTYP_T":0},"geometry":{"type":"LineString","coordinates":[[-74.6554961854755,39.2690109246024],[-74.6548559628761,39.2691611720445]]}},{"type":"Feature","id":175379,"properties":{"OBJECTID":175379,"PRIMENAME":"Gardens Parkway","ELEVTYP_F":0,"ELEVTYP_T":0},"geometry":{"type":"LineString","coordinates":[[-74.5573938994752,39.2960291751303],[-74.5576881227328,39.2954798891856],[-74.5577511407868,39.2953656637385]]}},{"type":"Feature","id":175386,"properties":{"OBJECTID":175386,"PRIMENAME":"Haven Avenue","ELEVTYP_F":0,"ELEVTYP_T":0},"geometry":{"type":"LineString","coordinates":[[-74.6062994270682,39.2581723134446],[-74.6061725376726,39.2582712470182],[-74.6059097592435,39.2585207707417],[-74.6053720474419,39.2590197985525],[-74.6050232327214,39.2593430107808]]}},{"type":"Feature","id":175411,"properties":{"OBJECTID":175411,"PRIMENAME":"Bay Avenue","ELEVTYP_F":0,"ELEVTYP_T":0},"geometry":{"type":"LineString","coordinates":[[-74.6120779899024,39.2555074167643],[-74.6118214426884,39.2557466514976]]}},{"type":"Feature","id":175805,"properties":{"OBJECTID":175805,"PRIMENAME":"Unnamed Segment","ELEVTYP_F":0,"ELEVTYP_T":0},"geometry":{"type":"LineString","coordinates":[[-74.5961116587365,39.2660003150314],[-74.5963960667041,39.2657919823864],[-74.5975512534852,39.2649447078504]]}},{"type":"Feature","id":175849,"properties":{"OBJECTID":175849,"PRIMENAME":"2nd Street","ELEVTYP_F":0,"ELEVTYP_T":0},"geometry":{"type":"LineString","coordinates":[[-74.5692220607669,39.2885868518885],[-74.5696280966953,39.2888947057593]]}},{"type":"Feature","id":175851,"properties":{"OBJECTID":175851,"PRIMENAME":"Bay Avenue","ELEVTYP_F":0,"ELEVTYP_T":0},"geometry":{"type":"LineString","coordinates":[[-74.5901913835787,39.2732572818501],[-74.5898698321259,39.2734903121154]]}},{"type":"Feature","id":175906,"properties":{"OBJECTID":175906,"PRIMENAME":"30th Street","ELEVTYP_F":0,"ELEVTYP_T":0},"geometry":{"type":"LineString","coordinates":[[-74.6067406756026,39.2564635765634],[-74.6067107688023,39.2564446037593],[-74.6063371815432,39.2562079346797]]}},{"type":"Feature","id":176028,"properties":{"OBJECTID":176028,"PRIMENAME":"Unnamed Segment","ELEVTYP_F":0,"ELEVTYP_T":0},"geometry":{"type":"LineString","coordinates":[[-74.5975512534852,39.2649447078504],[-74.5977216113063,39.2648197170881],[-74.5989207339795,39.2639427656509],[-74.5989981133278,39.2638863578362]]}},{"type":"Feature","id":176142,"properties":{"OBJECTID":176142,"PRIMENAME":"North Street","ELEVTYP_F":0,"ELEVTYP_T":0},"geometry":{"type":"LineString","coordinates":[[-74.5618908509331,39.2872951984856],[-74.5621610070283,39.2874995273981],[-74.5622760582796,39.2875888381575]]}},{"type":"Feature","id":176181,"properties":{"OBJECTID":176181,"PRIMENAME":"Haven Avenue","ELEVTYP_F":0,"ELEVTYP_T":0},"geometry":{"type":"LineString","coordinates":[[-74.5835142280088,39.2757774458203],[-74.5835848561458,39.2757260500571],[-74.5849573671892,39.2747301476579]]}},{"type":"Feature","id":176390,"properties":{"OBJECTID":176390,"PRIMENAME":"Barbados Lane","ELEVTYP_F":0,"ELEVTYP_T":0},"geometry":{"type":"LineString","coordinates":[[-74.5971654522729,39.271042003661],[-74.5978856254591,39.2705204552983]]}},{"type":"Feature","id":176520,"properties":{"OBJECTID":176520,"PRIMENAME":"Wesley Road","ELEVTYP_F":0,"ELEVTYP_T":0},"geometry":{"type":"LineString","coordinates":[[-74.5582638003489,39.293997690958],[-74.5581905410217,39.2942019803917],[-74.5580217994245,39.2945714718955],[-74.5579687380424,39.2946735558027]]}},{"type":"Feature","id":176705,"properties":{"OBJECTID":176705,"PRIMENAME":"Bay Avenue","ELEVTYP_F":0,"ELEVTYP_T":0},"geometry":{"type":"LineString","coordinates":[[-74.5916264242458,39.2722122670699],[-74.591295356479,39.2724539323766]]}},{"type":"Feature","id":176706,"properties":{"OBJECTID":176706,"PRIMENAME":"Bay Aire Road","ELEVTYP_F":0,"ELEVTYP_T":0},"geometry":{"type":"LineString","coordinates":[[-74.642537456545,39.2713177896874],[-74.6423477940728,39.2712105814356],[-74.6421913920911,39.271112970169],[-74.641765530551,39.2708369142161],[-74.6409356953032,39.2703083825785],[-74.6408688836729,39.2702661796841]]}},{"type":"Feature","id":177027,"properties":{"OBJECTID":177027,"PRIMENAME":"Unnamed Segment","ELEVTYP_F":0,"ELEVTYP_T":0},"geometry":{"type":"LineString","coordinates":[[-74.5665363491715,39.2822347664141],[-74.5678742050564,39.2811906787016],[-74.5679403660078,39.2811422056291]]}},{"type":"Feature","id":177076,"properties":{"OBJECTID":177076,"PRIMENAME":"3rd Street","ELEVTYP_F":0,"ELEVTYP_T":0},"geometry":{"type":"LineString","coordinates":[[-74.5672103151741,39.2849087822332],[-74.5668489284139,39.284629806845]]}},{"type":"Feature","id":177113,"properties":{"OBJECTID":177113,"PRIMENAME":"Unnamed Segment","ELEVTYP_F":0,"ELEVTYP_T":0},"geometry":{"type":"LineString","coordinates":[[-74.6379643000173,39.2206811575563],[-74.6384866644698,39.2200567330767],[-74.6390390726816,39.2193863072379]]}},{"type":"Feature","id":177304,"properties":{"OBJECTID":177304,"PRIMENAME":"West Aberdeen Road","ELEVTYP_F":0,"ELEVTYP_T":0},"geometry":{"type":"LineString","coordinates":[[-74.5584579610979,39.2967473609612],[-74.5587288578476,39.2969615268672]]}},{"type":"Feature","id":177447,"properties":{"OBJECTID":177447,"PRIMENAME":"East 4th Street","ELEVTYP_F":0,"ELEVTYP_T":0},"geometry":{"type":"LineString","coordinates":[[-74.5696615606015,39.2846186300832],[-74.5700326795069,39.2849025886424]]}},{"type":"Feature","id":177584,"properties":{"OBJECTID":177584,"PRIMENAME":"East 16th Street","ELEVTYP_F":0,"ELEVTYP_T":0},"geometry":{"type":"LineString","coordinates":[[-74.5889569520347,39.2735488657227],[-74.5893429417874,39.2738723169532]]}},{"type":"Feature","id":177644,"properties":{"OBJECTID":177644,"PRIMENAME":"33rd Street","ELEVTYP_F":0,"ELEVTYP_T":0},"geometry":{"type":"LineString","coordinates":[[-74.6101401689023,39.2526609902957],[-74.6105057030889,39.2529004286083],[-74.6105397109814,39.2529223620764]]}},{"type":"Feature","id":177711,"properties":{"OBJECTID":177711,"PRIMENAME":"Nassau Road","ELEVTYP_F":0,"ELEVTYP_T":0},"geometry":{"type":"LineString","coordinates":[[-74.5575732855421,39.2851751456557],[-74.5575666525191,39.2851436553236],[-74.5575702356361,39.2851183386732],[-74.5575882956434,39.2850818113492],[-74.5576244351661,39.285034045438],[-74.5578122617541,39.2848681940079],[-74.5582243860389,39.2845082456571]]}},{"type":"Feature","id":177725,"properties":{"OBJECTID":177725,"PRIMENAME":"Unnamed Segment","ELEVTYP_F":0,"ELEVTYP_T":0},"geometry":{"type":"LineString","coordinates":[[-74.5759802722627,39.2808092350618],[-74.5752210588866,39.2814148271225],[-74.5746966056821,39.281826746592],[-74.5745865048788,39.2819138014145]]}},{"type":"Feature","id":177831,"properties":{"OBJECTID":177831,"PRIMENAME":"Unnamed Segment","ELEVTYP_F":0,"ELEVTYP_T":0},"geometry":{"type":"LineString","coordinates":[[-74.6109730405687,39.2531990476553],[-74.6114327675193,39.252769397539],[-74.6122540141535,39.2520118600178]]}},{"type":"Feature","id":177972,"properties":{"OBJECTID":177972,"PRIMENAME":"Brighton Place","ELEVTYP_F":0,"ELEVTYP_T":0},"geometry":{"type":"LineString","coordinates":[[-74.5641272577116,39.2793146815174],[-74.5647462252658,39.2797885785804]]}},{"type":"Feature","id":178198,"properties":{"OBJECTID":178198,"PRIMENAME":"Waverly Boulevard","ELEVTYP_F":0,"ELEVTYP_T":0},"geometry":{"type":"LineString","coordinates":[[-74.5565454698442,39.2929212881224],[-74.5564761152617,39.2928882634908],[-74.556325497812,39.2928219180898],[-74.5561829528745,39.2927745407696],[-74.5560689641492,39.2927334651756],[-74.5559468155382,39.2926955786908],[-74.5558328011933,39.2926671603003],[-74.5556944046105,39.2926355960896],[-74.5556223085005,39.2926209958317]]}},{"type":"Feature","id":178269,"properties":{"OBJECTID":178269,"PRIMENAME":"East Golden Oak Lane","ELEVTYP_F":0,"ELEVTYP_T":0},"geometry":{"type":"LineString","coordinates":[[-74.6349131548643,39.273485661955],[-74.6360313918283,39.2743110954432],[-74.6363147677548,39.2745254237562]]}},{"type":"Feature","id":178286,"properties":{"OBJECTID":178286,"PRIMENAME":"East 55th Street","ELEVTYP_F":0,"ELEVTYP_T":0},"geometry":{"type":"LineString","coordinates":[[-74.636002808941,39.2251849077161],[-74.6355609082137,39.2249655436888]]}},{"type":"Feature","id":178438,"properties":{"OBJECTID":178438,"PRIMENAME":"Unnamed Segment","ELEVTYP_F":0,"ELEVTYP_T":0},"geometry":{"type":"LineString","coordinates":[[-74.5701916189746,39.2807101513294],[-74.5715918480261,39.279625895556]]}},{"type":"Feature","id":178684,"properties":{"OBJECTID":178684,"PRIMENAME":"Clipper Drive","ELEVTYP_F":0,"ELEVTYP_T":0},"geometry":{"type":"LineString","coordinates":[[-74.6394513204616,39.2277698659738],[-74.6398342488489,39.2279659742574]]}},{"type":"Feature","id":178841,"properties":{"OBJECTID":178841,"PRIMENAME":"53rd Street","ELEVTYP_F":0,"ELEVTYP_T":0},"geometry":{"type":"LineString","coordinates":[[-74.6329863360211,39.2273307497972],[-74.6325748894868,39.2271260025609]]}},{"type":"Feature","id":178871,"properties":{"OBJECTID":178871,"PRIMENAME":"Unnamed Segment","ELEVTYP_F":0,"ELEVTYP_T":0},"geometry":{"type":"LineString","coordinates":[[-74.6114085244275,39.2514647353419],[-74.6108804249601,39.2519764933114],[-74.6101401689023,39.2526609902957]]}},{"type":"Feature","id":178873,"properties":{"OBJECTID":178873,"PRIMENAME":"Unnamed Segment","ELEVTYP_F":0,"ELEVTYP_T":0},"geometry":{"type":"LineString","coordinates":[[-74.6388746558133,39.2284770134498],[-74.6384920464471,39.2282835789153]]}},{"type":"Feature","id":178924,"properties":{"OBJECTID":178924,"PRIMENAME":"Wesley Road","ELEVTYP_F":0,"ELEVTYP_T":0},"geometry":{"type":"LineString","coordinates":[[-74.5552970703938,39.2949395135076],[-74.5556229493885,39.29468074103]]}},{"type":"Feature","id":179332,"properties":{"OBJECTID":179332,"PRIMENAME":"Unnamed Segment","ELEVTYP_F":0,"ELEVTYP_T":0},"geometry":{"type":"LineString","coordinates":[[-74.563085341501,39.2801324016889],[-74.5638781707154,39.2807316601368],[-74.5652248482634,39.2817591827664],[-74.5657750407578,39.2821773463915]]}},{"type":"Feature","id":179394,"properties":{"OBJECTID":179394,"PRIMENAME":"Crescent Road","ELEVTYP_F":0,"ELEVTYP_T":0},"geometry":{"type":"LineString","coordinates":[[-74.5611858674963,39.2922963257529],[-74.5612904699795,39.2922276282411],[-74.5613897523686,39.2921364183409],[-74.5614888746488,39.2920241490654],[-74.5615610159163,39.2919294392472],[-74.5616150788043,39.291848769226],[-74.5616466002321,39.2917715981909],[-74.5616691249953,39.2916699124862],[-74.5616825085719,39.291540171068],[-74.5616830855968,39.2915305896382],[-74.5616888479498,39.2914350347793]]}},{"type":"Feature","id":179447,"properties":{"OBJECTID":179447,"PRIMENAME":"Unnamed Segment","ELEVTYP_F":0,"ELEVTYP_T":0},"geometry":{"type":"LineString","coordinates":[[-74.6254381510978,39.2834565503671],[-74.6254262614683,39.2834322995568],[-74.6254001571194,39.2834131122566],[-74.6253610237354,39.2833878683447],[-74.6251244910978,39.2833386757856],[-74.6250706403628,39.2833160599713],[-74.6250207784799,39.283290317603],[-74.6249461067299,39.2832379339274],[-74.6248853977797,39.2831743308143],[-74.6248425821064,39.2831294725916],[-74.6247996836104,39.28306469278],[-74.6247052254507,39.282917258379],[-74.6246847901921,39.282854588508],[-74.6246511181897,39.2827947802999],[-74.6246021506547,39.2827337885562],[-74.6245165864059,39.2826460779365],[-74.6242655017869,39.2824637388764],[-74.6235058568006,39.2818549675737],[-74.6234389487956,39.2817931638004],[-74.6234003053605,39.2817529299342],[-74.6233867973348,39.2817299354673],[-74.623366764998,39.2817057894551]]}},{"type":"Feature","id":179458,"properties":{"OBJECTID":179458,"PRIMENAME":"Unnamed Segment","ELEVTYP_F":0,"ELEVTYP_T":0},"geometry":{"type":"LineString","coordinates":[[-74.6358088870076,39.2232556500937],[-74.6363429077172,39.2226155168114],[-74.6368886896318,39.2219650977269]]}},{"type":"Feature","id":179513,"properties":{"OBJECTID":179513,"PRIMENAME":"East 6th Street","ELEVTYP_F":0,"ELEVTYP_T":0},"geometry":{"type":"LineString","coordinates":[[-74.5717311627046,39.281890637272],[-74.5720794318477,39.2821555205113]]}},{"type":"Feature","id":179627,"properties":{"OBJECTID":179627,"PRIMENAME":"Boardwalk","ELEVTYP_F":0,"ELEVTYP_T":0},"geometry":{"type":"LineString","coordinates":[[-74.5579023067364,39.2827469777727],[-74.5592583580916,39.2816627214302],[-74.5602187769831,39.2808732159492]]}},{"type":"Feature","id":179885,"properties":{"OBJECTID":179885,"PRIMENAME":"East 7th Street","ELEVTYP_F":0,"ELEVTYP_T":0},"geometry":{"type":"LineString","coordinates":[[-74.5757657872515,39.2828077567836],[-74.575619647309,39.2826970903695]]}},{"type":"Feature","id":180097,"properties":{"OBJECTID":180097,"PRIMENAME":"East 14th Street","ELEVTYP_F":0,"ELEVTYP_T":0},"geometry":{"type":"LineString","coordinates":[[-74.5820717092057,39.2723358678456],[-74.5817094574035,39.2720365655636]]}},{"type":"Feature","id":180135,"properties":{"OBJECTID":180135,"PRIMENAME":"Wesley Avenue","ELEVTYP_F":0,"ELEVTYP_T":0},"geometry":{"type":"LineString","coordinates":[[-74.5678172592553,39.2832108405146],[-74.5675819974234,39.2833982625963],[-74.5666401158706,39.2841395428276],[-74.5664299842584,39.2843063824166]]}},{"type":"Feature","id":180381,"properties":{"OBJECTID":180381,"PRIMENAME":"Asbury Avenue","ELEVTYP_F":0,"ELEVTYP_T":0},"geometry":{"type":"LineString","coordinates":[[-74.5820619252894,39.2745772835367],[-74.5819335875985,39.2746705361011],[-74.5806261016985,39.2756311032854]]}},{"type":"Feature","id":180411,"properties":{"OBJECTID":180411,"PRIMENAME":"1st Street","ELEVTYP_F":0,"ELEVTYP_T":0},"geometry":{"type":"LineString","coordinates":[[-74.5654981625466,39.2879080164295],[-74.5652785210257,39.287741832043],[-74.5651448696008,39.2876398763277]]}},{"type":"Feature","id":180545,"properties":{"OBJECTID":180545,"PRIMENAME":"Redwish Avenue","ELEVTYP_F":0,"ELEVTYP_T":0},"geometry":{"type":"LineString","coordinates":[[-74.6436891281554,39.2712084953563],[-74.6440058504772,39.2714176841692],[-74.6454571349952,39.272380504892],[-74.645496351861,39.2724175779031],[-74.6455441670429,39.2724613665976],[-74.6456113040097,39.2725391236581]]}},{"type":"Feature","id":180551,"properties":{"OBJECTID":180551,"PRIMENAME":"Unnamed Segment","ELEVTYP_F":0,"ELEVTYP_T":0},"geometry":{"type":"LineString","coordinates":[[-74.5940083511563,39.2642553986901],[-74.5935421794604,39.2645961334303],[-74.5931926949923,39.2648491299722],[-74.5926515311034,39.2652465649301],[-74.5925641944634,39.2653101974391]]}},{"type":"Feature","id":180681,"properties":{"OBJECTID":180681,"PRIMENAME":"Roosevelt Boulevard","ELEVTYP_F":0,"ELEVTYP_T":0},"geometry":{"type":"LineString","coordinates":[[-74.6472326852459,39.2646879375903],[-74.6464987799027,39.264279201747]]}},{"type":"Feature","id":180753,"properties":{"OBJECTID":180753,"PRIMENAME":"39th Street","ELEVTYP_F":0,"ELEVTYP_T":0},"geometry":{"type":"LineString","coordinates":[[-74.6174451863517,39.2452200229006],[-74.617046043627,39.2449963178189]]}},{"type":"Feature","id":180788,"properties":{"OBJECTID":180788,"PRIMENAME":"Victoria Lane","ELEVTYP_F":0,"ELEVTYP_T":0},"geometry":{"type":"LineString","coordinates":[[-74.6238070996872,39.2516900493808],[-74.622287632286,39.2517993421871],[-74.6214588971841,39.2518580343385],[-74.6210714367135,39.2518852913964]]}},{"type":"Feature","id":180876,"properties":{"OBJECTID":180876,"PRIMENAME":"Bay Avenue","ELEVTYP_F":0,"ELEVTYP_T":0},"geometry":{"type":"LineString","coordinates":[[-74.5857411206942,39.27650399017],[-74.5855114512556,39.2766718949025],[-74.5850171686826,39.2770343334025]]}},{"type":"Feature","id":181005,"properties":{"OBJECTID":181005,"PRIMENAME":"Unnamed Segment","ELEVTYP_F":0,"ELEVTYP_T":0},"geometry":{"type":"LineString","coordinates":[[-74.5852824811022,39.2727550827796],[-74.5845608915123,39.2732816878634],[-74.583845680305,39.27380515348]]}},{"type":"Feature","id":181072,"properties":{"OBJECTID":181072,"PRIMENAME":"Atlantic Avenue","ELEVTYP_F":0,"ELEVTYP_T":0},"geometry":{"type":"LineString","coordinates":[[-74.5647279521851,39.2830048036506],[-74.5645071566626,39.2831793342419],[-74.5643495555796,39.2833038843543]]}},{"type":"Feature","id":181228,"properties":{"OBJECTID":181228,"PRIMENAME":"Atlantic Avenue","ELEVTYP_F":0,"ELEVTYP_T":0},"geometry":{"type":"LineString","coordinates":[[-74.5633384099822,39.2841030557348],[-74.5630597750059,39.2843225885061],[-74.5629907524211,39.2843772111371]]}},{"type":"Feature","id":181290,"properties":{"OBJECTID":181290,"PRIMENAME":"17th Street","ELEVTYP_F":0,"ELEVTYP_T":0},"geometry":{"type":"LineString","coordinates":[[-74.5871435401775,39.2698068669313],[-74.5868002317175,39.2695228045119]]}},{"type":"Feature","id":181354,"properties":{"OBJECTID":181354,"PRIMENAME":"Tuckahoe Road","ELEVTYP_F":0,"ELEVTYP_T":0},"geometry":{"type":"LineString","coordinates":[[-74.6546998044233,39.266994762567],[-74.6542073122126,39.2671105716408],[-74.6536354895474,39.267246196939],[-74.6533607547083,39.2673113580068],[-74.6532185117401,39.2673439442621],[-74.65317480072,39.2673521289945]]}},{"type":"Feature","id":181602,"properties":{"OBJECTID":181602,"PRIMENAME":"Waterview Boulevard","ELEVTYP_F":0,"ELEVTYP_T":0},"geometry":{"type":"LineString","coordinates":[[-74.6238432563914,39.2519962431629],[-74.6238423284999,39.2519884312852],[-74.6238249183474,39.2518417592792],[-74.6238070996872,39.2516900493808]]}},{"type":"Feature","id":181763,"properties":{"OBJECTID":181763,"PRIMENAME":"Unnamed Segment","ELEVTYP_F":0,"ELEVTYP_T":0},"geometry":{"type":"LineString","coordinates":[[-74.5918121610362,39.2669313428311],[-74.590952981514,39.2675592760413],[-74.5903697541316,39.2679867160882]]}},{"type":"Feature","id":181797,"properties":{"OBJECTID":181797,"PRIMENAME":"30th Street","ELEVTYP_F":0,"ELEVTYP_T":0},"geometry":{"type":"LineString","coordinates":[[-74.6075889645921,39.2570010400777],[-74.6071789229777,39.2567412336613]]}},{"type":"Feature","id":181883,"properties":{"OBJECTID":181883,"PRIMENAME":"East 11th Street","ELEVTYP_F":0,"ELEVTYP_T":0},"geometry":{"type":"LineString","coordinates":[[-74.5788355854693,39.2764000030796],[-74.579176138069,39.2766820033111]]}},{"type":"Feature","id":181938,"properties":{"OBJECTID":181938,"PRIMENAME":"Central Avenue","ELEVTYP_F":0,"ELEVTYP_T":0},"geometry":{"type":"LineString","coordinates":[[-74.6014089832979,39.2589962714518],[-74.6009114814201,39.2594581494481],[-74.6001376543639,39.2601791296805]]}},{"type":"Feature","id":182007,"properties":{"OBJECTID":182007,"PRIMENAME":"Unnamed Segment","ELEVTYP_F":0,"ELEVTYP_T":0},"geometry":{"type":"LineString","coordinates":[[-74.5990492722207,39.2661797577753],[-74.5994233379191,39.2659097548158],[-74.5999285891466,39.2655429058529],[-74.6004958952093,39.2651272377283]]}},{"type":"Feature","id":182121,"properties":{"OBJECTID":182121,"PRIMENAME":"Unnamed Segment","ELEVTYP_F":0,"ELEVTYP_T":0},"geometry":{"type":"LineString","coordinates":[[-74.6092833594633,39.2560999638903],[-74.6094149719766,39.2559774910924],[-74.6102054914391,39.2552486074928],[-74.6105606396056,39.2549159283661]]}},{"type":"Feature","id":182360,"properties":{"OBJECTID":182360,"PRIMENAME":"East 10th Street","ELEVTYP_F":0,"ELEVTYP_T":0},"geometry":{"type":"LineString","coordinates":[[-74.5806898288515,39.2801869633459],[-74.5803040602903,39.279867025662]]}},{"type":"Feature","id":182379,"properties":{"OBJECTID":182379,"PRIMENAME":"Aldrich Road","ELEVTYP_F":0,"ELEVTYP_T":0},"geometry":{"type":"LineString","coordinates":[[-74.5776319022252,39.2806376092228],[-74.5767937464252,39.2813106167982],[-74.576778074591,39.2813247673324],[-74.5767681315983,39.2813426209692],[-74.5767476162628,39.2813847542164]]}},{"type":"Feature","id":182394,"properties":{"OBJECTID":182394,"PRIMENAME":"Asbury Avenue","ELEVTYP_F":0,"ELEVTYP_T":0},"geometry":{"type":"LineString","coordinates":[[-74.611041797794,39.2512274980537],[-74.6104551648226,39.2517736034618],[-74.60976746139,39.2524168084307]]}},{"type":"Feature","id":182515,"properties":{"OBJECTID":182515,"PRIMENAME":"Corinthian Avenue","ELEVTYP_F":0,"ELEVTYP_T":0},"geometry":{"type":"LineString","coordinates":[[-74.5603194505805,39.2823265091818],[-74.5606603993046,39.2820561819352]]}},{"type":"Feature","id":182535,"properties":{"OBJECTID":182535,"PRIMENAME":"Ocean Avenue","ELEVTYP_F":0,"ELEVTYP_T":0},"geometry":{"type":"LineString","coordinates":[[-74.57114318205,39.2792843851367],[-74.570547657921,39.2797506121105],[-74.5700374920042,39.2801570656006],[-74.5697577306856,39.2803786204453]]}},{"type":"Feature","id":182544,"properties":{"OBJECTID":182544,"PRIMENAME":"5th Street","ELEVTYP_F":0,"ELEVTYP_T":0},"geometry":{"type":"LineString","coordinates":[[-74.5699842759428,39.2827019038216],[-74.5696296821172,39.2824324329394]]}},{"type":"Feature","id":182621,"properties":{"OBJECTID":182621,"PRIMENAME":"Unnamed Segment","ELEVTYP_F":0,"ELEVTYP_T":0},"geometry":{"type":"LineString","coordinates":[[-74.6316840552668,39.2548267995097],[-74.6315437659065,39.2549530213809],[-74.6313794629745,39.2549999641949],[-74.6309901543604,39.2547946622684],[-74.6307292238804,39.2546266226822],[-74.6304522380292,39.2544492472183],[-74.630125872912,39.254251238811],[-74.6299690559655,39.2541621988477],[-74.6297952934068,39.2540595750904],[-74.6296090782582,39.2539280466234],[-74.6295923289813,39.2538091805881],[-74.6296538271984,39.253721450085]]}},{"type":"Feature","id":182656,"properties":{"OBJECTID":182656,"PRIMENAME":"Asbury Avenue","ELEVTYP_F":0,"ELEVTYP_T":0},"geometry":{"type":"LineString","coordinates":[[-74.5993604162064,39.2619473803286],[-74.5987667680775,39.2623798136163],[-74.5979203075652,39.2630023793353]]}},{"type":"Feature","id":182689,"properties":{"OBJECTID":182689,"PRIMENAME":"Unnamed Segment","ELEVTYP_F":0,"ELEVTYP_T":0},"geometry":{"type":"LineString","coordinates":[[-74.6105606396056,39.2549159283661],[-74.6110101166504,39.2544949665224],[-74.6113983101272,39.2541373769941],[-74.6118193092873,39.25373686724]]}},{"type":"Feature","id":182786,"properties":{"OBJECTID":182786,"PRIMENAME":"East 6th Street","ELEVTYP_F":0,"ELEVTYP_T":0},"geometry":{"type":"LineString","coordinates":[[-74.5739703616303,39.2836020097746],[-74.5742456701308,39.2838140230347],[-74.5743705230457,39.2839087250798]]}},{"type":"Feature","id":182843,"properties":{"OBJECTID":182843,"PRIMENAME":"5th Street","ELEVTYP_F":0,"ELEVTYP_T":0},"geometry":{"type":"LineString","coordinates":[[-74.5683763014068,39.2814754445936],[-74.5679403660078,39.2811422056291]]}},{"type":"Feature","id":182853,"properties":{"OBJECTID":182853,"PRIMENAME":"Unnamed Segment","ELEVTYP_F":0,"ELEVTYP_T":0},"geometry":{"type":"LineString","coordinates":[[-74.5961388540467,39.2637749981996],[-74.5949586808484,39.2646362825854],[-74.5947007722383,39.2648247937012]]}},{"type":"Feature","id":182878,"properties":{"OBJECTID":182878,"PRIMENAME":"37th Street","ELEVTYP_F":0,"ELEVTYP_T":0},"geometry":{"type":"LineString","coordinates":[[-74.6147456682777,39.2474954606143],[-74.614340300146,39.247268376184]]}},{"type":"Feature","id":182962,"properties":{"OBJECTID":182962,"PRIMENAME":"Atkinson Avenue","ELEVTYP_F":0,"ELEVTYP_T":0},"geometry":{"type":"LineString","coordinates":[[-74.6170641945218,39.3087207267526],[-74.6173995962729,39.3083999664809],[-74.6176520086298,39.3081628948881]]}},{"type":"Feature","id":182966,"properties":{"OBJECTID":182966,"PRIMENAME":"Ocean Avenue","ELEVTYP_F":0,"ELEVTYP_T":0},"geometry":{"type":"LineString","coordinates":[[-74.5798255213547,39.272728255012],[-74.5789691236583,39.2733495897918],[-74.5783831982656,39.2737783720333]]}},{"type":"Feature","id":182974,"properties":{"OBJECTID":182974,"PRIMENAME":"19th Street","ELEVTYP_F":0,"ELEVTYP_T":0},"geometry":{"type":"LineString","coordinates":[[-74.5900262300831,39.2677022245578],[-74.589681328249,39.2674165511792]]}},{"type":"Feature","id":182978,"properties":{"OBJECTID":182978,"PRIMENAME":"West Avenue","ELEVTYP_F":0,"ELEVTYP_T":0},"geometry":{"type":"LineString","coordinates":[[-74.6349170031055,39.2264719701345],[-74.6343801607132,39.2271170146629],[-74.6338394194712,39.2277591505501]]}},{"type":"Feature","id":183040,"properties":{"OBJECTID":183040,"PRIMENAME":"Wesley Avenue","ELEVTYP_F":0,"ELEVTYP_T":0},"geometry":{"type":"LineString","coordinates":[[-74.5844740761015,39.270587381493],[-74.5835104161338,39.2712865038291]]}},{"type":"Feature","id":183090,"properties":{"OBJECTID":183090,"PRIMENAME":"Prospect Avenue","ELEVTYP_F":0,"ELEVTYP_T":0},"geometry":{"type":"LineString","coordinates":[[-74.587932833192,39.2766337379684],[-74.5882901624177,39.2763767439879]]}},{"type":"Feature","id":183122,"properties":{"OBJECTID":183122,"PRIMENAME":"3rd Street","ELEVTYP_F":0,"ELEVTYP_T":0},"geometry":{"type":"LineString","coordinates":[[-74.5702128624384,39.2871959975866],[-74.5698217532786,39.2868970052948]]}},{"type":"Feature","id":183145,"properties":{"OBJECTID":183145,"PRIMENAME":"Unnamed Segment","ELEVTYP_F":0,"ELEVTYP_T":0},"geometry":{"type":"LineString","coordinates":[[-74.6101329809665,39.2566448754936],[-74.6103947646416,39.2564052828218],[-74.6113959986006,39.2554663367413]]}},{"type":"Feature","id":183407,"properties":{"OBJECTID":183407,"PRIMENAME":"East 12th Street","ELEVTYP_F":0,"ELEVTYP_T":0},"geometry":{"type":"LineString","coordinates":[[-74.5775632194526,39.2731067972487],[-74.5777241972175,39.2732386406683],[-74.5783831982656,39.2737783720333]]}},{"type":"Feature","id":183412,"properties":{"OBJECTID":183412,"PRIMENAME":"West Hollywood Avenue","ELEVTYP_F":0,"ELEVTYP_T":0},"geometry":{"type":"LineString","coordinates":[[-74.6378065676742,39.276769303433],[-74.6370105050427,39.2761704691084]]}},{"type":"Feature","id":183444,"properties":{"OBJECTID":183444,"PRIMENAME":"36th Street","ELEVTYP_F":0,"ELEVTYP_T":0},"geometry":{"type":"LineString","coordinates":[[-74.6123672397941,39.2480551346363],[-74.6127747986289,39.248284722676]]}},{"type":"Feature","id":183450,"properties":{"OBJECTID":183450,"PRIMENAME":"Bayland Drive","ELEVTYP_F":0,"ELEVTYP_T":0},"geometry":{"type":"LineString","coordinates":[[-74.6081014933218,39.2604077572176],[-74.6086753355849,39.2598683208555],[-74.6086870093462,39.2598574090787]]}},{"type":"Feature","id":183480,"properties":{"OBJECTID":183480,"PRIMENAME":"East 7th Street","ELEVTYP_F":0,"ELEVTYP_T":0},"geometry":{"type":"LineString","coordinates":[[-74.5702732256202,39.2786193526683],[-74.5689557344401,39.2776121345908],[-74.5687476761572,39.2774531985043]]}},{"type":"Feature","id":183590,"properties":{"OBJECTID":183590,"PRIMENAME":"32nd Street","ELEVTYP_F":0,"ELEVTYP_T":0},"geometry":{"type":"LineString","coordinates":[[-74.6105606396056,39.2549159283661],[-74.6109810930017,39.2551929287147]]}},{"type":"Feature","id":183604,"properties":{"OBJECTID":183604,"PRIMENAME":"Wesley Avenue","ELEVTYP_F":0,"ELEVTYP_T":0},"geometry":{"type":"LineString","coordinates":[[-74.5849575528202,39.2702331340743],[-74.5846603532528,39.2704522668343],[-74.5844740761015,39.270587381493]]}},{"type":"Feature","id":183605,"properties":{"OBJECTID":183605,"PRIMENAME":"East 4th Street","ELEVTYP_F":0,"ELEVTYP_T":0},"geometry":{"type":"LineString","coordinates":[[-74.5689497417363,39.2840752666708],[-74.5693102817616,39.2843504742381]]}},{"type":"Feature","id":183631,"properties":{"OBJECTID":183631,"PRIMENAME":"West Avenue","ELEVTYP_F":0,"ELEVTYP_T":0},"geometry":{"type":"LineString","coordinates":[[-74.6236441427716,39.2392121595126],[-74.6231481878513,39.2397496117612],[-74.6224885214195,39.2404630162789]]}},{"type":"Feature","id":183657,"properties":{"OBJECTID":183657,"PRIMENAME":"Sconset Court","ELEVTYP_F":0,"ELEVTYP_T":0},"geometry":{"type":"LineString","coordinates":[[-74.6065716088533,39.2616042608839],[-74.6071031427183,39.2611272189622]]}},{"type":"Feature","id":183673,"properties":{"OBJECTID":183673,"PRIMENAME":"Central Avenue","ELEVTYP_F":0,"ELEVTYP_T":0},"geometry":{"type":"LineString","coordinates":[[-74.6277747485306,39.2320614968328],[-74.6270714816023,39.2328268151115],[-74.6266285615311,39.2333088716261]]}},{"type":"Feature","id":183698,"properties":{"OBJECTID":183698,"PRIMENAME":"1st Avenue","ELEVTYP_F":0,"ELEVTYP_T":0},"geometry":{"type":"LineString","coordinates":[[-74.6389372071595,39.2724191908787],[-74.6392167179678,39.2721790183857]]}},{"type":"Feature","id":183987,"properties":{"OBJECTID":183987,"PRIMENAME":"Rosemar Lane","ELEVTYP_F":0,"ELEVTYP_T":0},"geometry":{"type":"LineString","coordinates":[[-74.5962658084426,39.2714261349235],[-74.5966278674199,39.2711566447473]]}},{"type":"Feature","id":184394,"properties":{"OBJECTID":184394,"PRIMENAME":"Bay Avenue","ELEVTYP_F":0,"ELEVTYP_T":0},"geometry":{"type":"LineString","coordinates":[[-74.6395756104003,39.2256134447963],[-74.6394378106914,39.2257773023548],[-74.6393117169416,39.2259216319678],[-74.6392191569506,39.2259938450606],[-74.6391055377564,39.2260562821995],[-74.6389876698057,39.2261121058988],[-74.6388950316814,39.2261449732753],[-74.6388760021915,39.2261506603828],[-74.6387518613108,39.2261877576617],[-74.6386644189673,39.2262054892264]]}},{"type":"Feature","id":184482,"properties":{"OBJECTID":184482,"PRIMENAME":"Unnamed Segment","ELEVTYP_F":0,"ELEVTYP_T":0},"geometry":{"type":"LineString","coordinates":[[-74.5795155250472,39.276962933151],[-74.5788286189164,39.2774655357156],[-74.5780747365006,39.2780138688214]]}},{"type":"Feature","id":184500,"properties":{"OBJECTID":184500,"PRIMENAME":"West Belfast Road","ELEVTYP_F":0,"ELEVTYP_T":0},"geometry":{"type":"LineString","coordinates":[[-74.5580982077258,39.2947143200233],[-74.5582327683286,39.2947567012273],[-74.5583765558238,39.2947944960803],[-74.5584514053924,39.2948141693636],[-74.5585129032255,39.294828470515]]}},{"type":"Feature","id":184519,"properties":{"OBJECTID":184519,"PRIMENAME":"Leyte Lane","ELEVTYP_F":0,"ELEVTYP_T":0},"geometry":{"type":"LineString","coordinates":[[-74.6006668768482,39.2726758042993],[-74.6006166562073,39.2727580270826],[-74.6004401382292,39.2731053476301],[-74.600211451662,39.2735589990858]]}},{"type":"Feature","id":184656,"properties":{"OBJECTID":184656,"PRIMENAME":"39th Street","ELEVTYP_F":0,"ELEVTYP_T":0},"geometry":{"type":"LineString","coordinates":[[-74.6178704526759,39.2454583341062],[-74.6174451863517,39.2452200229006]]}},{"type":"Feature","id":184734,"properties":{"OBJECTID":184734,"PRIMENAME":"West 55th Street","ELEVTYP_F":0,"ELEVTYP_T":0},"geometry":{"type":"LineString","coordinates":[[-74.6394095434885,39.226900517062],[-74.6391887956584,39.2267969270738]]}},{"type":"Feature","id":184752,"properties":{"OBJECTID":184752,"PRIMENAME":"Barbados Lane","ELEVTYP_F":0,"ELEVTYP_T":0},"geometry":{"type":"LineString","coordinates":[[-74.5978856254591,39.2705204552983],[-74.5987254495808,39.2699122841771]]}},{"type":"Feature","id":184838,"properties":{"OBJECTID":184838,"PRIMENAME":"FR GSP NB TO CO 623 EB","ELEVTYP_F":0,"ELEVTYP_T":0},"geometry":{"type":"LineString","coordinates":[[-74.642246297023,39.2612110540963],[-74.6421690605028,39.2612489848415],[-74.6421090177906,39.2612668503098],[-74.6420489570937,39.2612758201272],[-74.6419774098047,39.2612803547458],[-74.6418944050602,39.2612782326758],[-74.6418142691914,39.2612627613383],[-74.6416796702166,39.2612295649334],[-74.6414619954269,39.2611460853001]]}},{"type":"Feature","id":185158,"properties":{"OBJECTID":185158,"PRIMENAME":"Waverly Boulevard","ELEVTYP_F":0,"ELEVTYP_T":0},"geometry":{"type":"LineString","coordinates":[[-74.5556223085005,39.2926209958317],[-74.5555071333993,39.2925977393756],[-74.5552791154272,39.2925535599398],[-74.5549086906083,39.29249997428],[-74.5545721569067,39.2924508747605]]}},{"type":"Feature","id":185190,"properties":{"OBJECTID":185190,"PRIMENAME":"West Seaspray Road","ELEVTYP_F":0,"ELEVTYP_T":0},"geometry":{"type":"LineString","coordinates":[[-74.5586642512326,39.2908517350388],[-74.5587660664877,39.2908723593229],[-74.5592546124813,39.2909733179788],[-74.5595925031691,39.2910427221868],[-74.5598367424195,39.291093227528],[-74.5599879532797,39.2911109688451],[-74.5600891215736,39.2911183853778],[-74.5602071381901,39.2911171713602],[-74.5603170531303,39.2911056371186],[-74.5604328274362,39.2910865769817],[-74.5605473222595,39.2910585659435],[-74.5606507512893,39.291023202657],[-74.5607239063055,39.290997465023],[-74.5607931679241,39.2909630526744],[-74.560842467934,39.2909323846178]]}},{"type":"Feature","id":185769,"properties":{"OBJECTID":185769,"PRIMENAME":"East 14th Street","ELEVTYP_F":0,"ELEVTYP_T":0},"geometry":{"type":"LineString","coordinates":[[-74.5845845145961,39.2744199063786],[-74.584232386582,39.2741269473994],[-74.584199183415,39.2740993215559]]}},{"type":"Feature","id":186059,"properties":{"OBJECTID":186059,"PRIMENAME":"Unnamed Segment","ELEVTYP_F":0,"ELEVTYP_T":0},"geometry":{"type":"LineString","coordinates":[[-74.5954446302818,39.2632051464869],[-74.5952182410506,39.2633724365556],[-74.5949090001499,39.2636012975211],[-74.5943956895883,39.2639722769609],[-74.5940083511563,39.2642553986901]]}},{"type":"Feature","id":186260,"properties":{"OBJECTID":186260,"PRIMENAME":"Gardens Parkway","ELEVTYP_F":0,"ELEVTYP_T":0},"geometry":{"type":"LineString","coordinates":[[-74.5580982077258,39.2947143200233],[-74.558191305503,39.2945274831435]]}},{"type":"Feature","id":186711,"properties":{"OBJECTID":186711,"PRIMENAME":"Wesley Road","ELEVTYP_F":0,"ELEVTYP_T":0},"geometry":{"type":"LineString","coordinates":[[-74.5579687380424,39.2946735558027],[-74.5579022692567,39.2948013737647],[-74.5576203217564,39.2953191886079]]}},{"type":"Feature","id":186743,"properties":{"OBJECTID":186743,"PRIMENAME":"Grenada Lane","ELEVTYP_F":0,"ELEVTYP_T":0},"geometry":{"type":"LineString","coordinates":[[-74.5980646072553,39.2717833886221],[-74.5996069209396,39.2706624049451]]}},{"type":"Feature","id":186935,"properties":{"OBJECTID":186935,"PRIMENAME":"East 12th Street","ELEVTYP_F":0,"ELEVTYP_T":0},"geometry":{"type":"LineString","coordinates":[[-74.5775632194526,39.2731067972487],[-74.5773128010145,39.2729164766368]]}},{"type":"Feature","id":187014,"properties":{"OBJECTID":187014,"PRIMENAME":"20th Street","ELEVTYP_F":0,"ELEVTYP_T":0},"geometry":{"type":"LineString","coordinates":[[-74.592846577443,39.2677901788994],[-74.5928810895374,39.2678187894669],[-74.5932242025809,39.2681031909194]]}},{"type":"Feature","id":187249,"properties":{"OBJECTID":187249,"PRIMENAME":"Wesley Avenue","ELEVTYP_F":0,"ELEVTYP_T":0},"geometry":{"type":"LineString","coordinates":[[-74.587840680661,39.2681307147896],[-74.587669025378,39.2682552253865],[-74.5875353440099,39.268352770758]]}},{"type":"Feature","id":187374,"properties":{"OBJECTID":187374,"PRIMENAME":"West Avenue","ELEVTYP_F":0,"ELEVTYP_T":0},"geometry":{"type":"LineString","coordinates":[[-74.6402206060023,39.2201261667787],[-74.640206610537,39.2201530004588],[-74.6395875758574,39.2208836708794],[-74.6392248900537,39.2213191124739]]}},{"type":"Feature","id":187598,"properties":{"OBJECTID":187598,"PRIMENAME":"Roosevelt Boulevard","ELEVTYP_F":0,"ELEVTYP_T":0},"geometry":{"type":"LineString","coordinates":[[-74.6153032294559,39.2532132296529],[-74.615241286128,39.253217362696],[-74.6150032903982,39.2532139739289],[-74.614797961708,39.2531887786164],[-74.6146130016496,39.2531590866943]]}},{"type":"Feature","id":187634,"properties":{"OBJECTID":187634,"PRIMENAME":"1st Avenue","ELEVTYP_F":0,"ELEVTYP_T":0},"geometry":{"type":"LineString","coordinates":[[-74.6408688836729,39.2702661796841],[-74.6405074083694,39.2709531273411],[-74.640451233154,39.2710543746461],[-74.6404165811194,39.2711083973516],[-74.6403950758078,39.2711251650761]]}},{"type":"Feature","id":188074,"properties":{"OBJECTID":188074,"PRIMENAME":"East 4th Street","ELEVTYP_F":0,"ELEVTYP_T":0},"geometry":{"type":"LineString","coordinates":[[-74.5712030870337,39.2857982147776],[-74.5713000066919,39.2858723452922],[-74.57160006662,39.2861023335565]]}},{"type":"Feature","id":188355,"properties":{"OBJECTID":188355,"PRIMENAME":"Haven Avenue","ELEVTYP_F":0,"ELEVTYP_T":0},"geometry":{"type":"LineString","coordinates":[[-74.613924081017,39.2510924532003],[-74.6138295482558,39.2511390579947],[-74.6128513881093,39.2520490093047],[-74.6126763454301,39.2522114229738],[-74.6126749433684,39.2522844606076]]}},{"type":"Feature","id":188372,"properties":{"OBJECTID":188372,"PRIMENAME":"Unnamed Segment","ELEVTYP_F":0,"ELEVTYP_T":0},"geometry":{"type":"LineString","coordinates":[[-74.589681328249,39.2674165511792],[-74.5892992143542,39.2676987477411],[-74.5887858473376,39.2680720912436],[-74.588244772259,39.2684671984449]]}},{"type":"Feature","id":188392,"properties":{"OBJECTID":188392,"PRIMENAME":"East 6th Street","ELEVTYP_F":0,"ELEVTYP_T":0},"geometry":{"type":"LineString","coordinates":[[-74.572435059302,39.2824259444775],[-74.5728080135472,39.2827095904807]]}},{"type":"Feature","id":188592,"properties":{"OBJECTID":188592,"PRIMENAME":"Hollytree Road","ELEVTYP_F":0,"ELEVTYP_T":0},"geometry":{"type":"LineString","coordinates":[[-74.5581525661926,39.2892179393946],[-74.5578226247728,39.2886193480411],[-74.5577668994194,39.2885271749],[-74.5576666753153,39.2883742886424]]}},{"type":"Feature","id":188628,"properties":{"OBJECTID":188628,"PRIMENAME":"Seacrest Road","ELEVTYP_F":0,"ELEVTYP_T":0},"geometry":{"type":"LineString","coordinates":[[-74.5565454698442,39.2929212881224],[-74.5556904694598,39.2936007680694],[-74.5550608958652,39.2941002910915]]}},{"type":"Feature","id":188651,"properties":{"OBJECTID":188651,"PRIMENAME":"West 10th Street","ELEVTYP_F":0,"ELEVTYP_T":0},"geometry":{"type":"LineString","coordinates":[[-74.5821600819913,39.2814006105839],[-74.5819640978433,39.2812389160787]]}},{"type":"Feature","id":188777,"properties":{"OBJECTID":188777,"PRIMENAME":"Seaview Road","ELEVTYP_F":0,"ELEVTYP_T":0},"geometry":{"type":"LineString","coordinates":[[-74.5537487035266,39.2930920228483],[-74.5532564530244,39.2934752470903]]}},{"type":"Feature","id":188826,"properties":{"OBJECTID":188826,"PRIMENAME":"Unnamed Segment","ELEVTYP_F":0,"ELEVTYP_T":0},"geometry":{"type":"LineString","coordinates":[[-74.6050779349264,39.2573756799274],[-74.6047822420781,39.2576504359307],[-74.6038124255116,39.2585639548396]]}},{"type":"Feature","id":189027,"properties":{"OBJECTID":189027,"PRIMENAME":"20th Street","ELEVTYP_F":0,"ELEVTYP_T":0},"geometry":{"type":"LineString","coordinates":[[-74.590728095619,39.2660346447666],[-74.5911259611354,39.2663629691365]]}},{"type":"Feature","id":189046,"properties":{"OBJECTID":189046,"PRIMENAME":"Corinthian Avenue","ELEVTYP_F":0,"ELEVTYP_T":0},"geometry":{"type":"LineString","coordinates":[[-74.5592740621695,39.2831540543389],[-74.5596190089553,39.2828813661885]]}},{"type":"Feature","id":189086,"properties":{"OBJECTID":189086,"PRIMENAME":"West Avenue","ELEVTYP_F":0,"ELEVTYP_T":0},"geometry":{"type":"LineString","coordinates":[[-74.6178704526759,39.2454583341062],[-74.6175533632083,39.2458016507981],[-74.6167176195199,39.2467039128665]]}},{"type":"Feature","id":189107,"properties":{"OBJECTID":189107,"PRIMENAME":"Unnamed Segment","ELEVTYP_F":0,"ELEVTYP_T":0},"geometry":{"type":"LineString","coordinates":[[-74.6247268522147,39.2360293075563],[-74.6243850642471,39.2363993037039],[-74.6235730957973,39.2372764677251]]}},{"type":"Feature","id":189138,"properties":{"OBJECTID":189138,"PRIMENAME":"Mariana Lane","ELEVTYP_F":0,"ELEVTYP_T":0},"geometry":{"type":"LineString","coordinates":[[-74.5989595781607,39.2725259510727],[-74.6004955509079,39.2713903263837]]}},{"type":"Feature","id":189191,"properties":{"OBJECTID":189191,"PRIMENAME":"West 9th Street","ELEVTYP_F":0,"ELEVTYP_T":0},"geometry":{"type":"LineString","coordinates":[[-74.5792642270298,39.2812758758831],[-74.5797216685768,39.2816460148179],[-74.58020347787,39.2820238696029],[-74.5804050495878,39.2821796276782]]}},{"type":"Feature","id":189214,"properties":{"OBJECTID":189214,"PRIMENAME":"Bayland Drive","ELEVTYP_F":0,"ELEVTYP_T":0},"geometry":{"type":"LineString","coordinates":[[-74.6128286482085,39.2559956780645],[-74.6129550008868,39.2558782581922],[-74.6134117931477,39.2554490266939],[-74.6135984137852,39.2552736630565],[-74.6140029477444,39.2548935274162],[-74.6143936385595,39.254537792902]]}},{"type":"Feature","id":189912,"properties":{"OBJECTID":189912,"PRIMENAME":"Bay Avenue","ELEVTYP_F":0,"ELEVTYP_T":0},"geometry":{"type":"LineString","coordinates":[[-74.5961053713247,39.3095068432614],[-74.5956744535174,39.3098383287224]]}},{"type":"Feature","id":189924,"properties":{"OBJECTID":189924,"PRIMENAME":"East 7th Street","ELEVTYP_F":0,"ELEVTYP_T":0},"geometry":{"type":"LineString","coordinates":[[-74.5745865048788,39.2819138014145],[-74.5741906668314,39.2816102963186]]}},{"type":"Feature","id":190163,"properties":{"OBJECTID":190163,"PRIMENAME":"Unnamed Segment","ELEVTYP_F":0,"ELEVTYP_T":0},"geometry":{"type":"LineString","coordinates":[[-74.6418557554465,39.2292900573486],[-74.6414085029396,39.2292157629556]]}},{"type":"Feature","id":190366,"properties":{"OBJECTID":190366,"PRIMENAME":"36th Street","ELEVTYP_F":0,"ELEVTYP_T":0},"geometry":{"type":"LineString","coordinates":[[-74.6135908102506,39.2487444151524],[-74.6138964760409,39.2489165483603],[-74.613985438616,39.2489656915006]]}},{"type":"Feature","id":190408,"properties":{"OBJECTID":190408,"PRIMENAME":"Atlantic Avenue","ELEVTYP_F":0,"ELEVTYP_T":0},"geometry":{"type":"LineString","coordinates":[[-74.5626481410615,39.2846483423203],[-74.5622920762991,39.2849301057694]]}},{"type":"Feature","id":190574,"properties":{"OBJECTID":190574,"PRIMENAME":"Central Avenue","ELEVTYP_F":0,"ELEVTYP_T":0},"geometry":{"type":"LineString","coordinates":[[-74.5842593676866,39.2719081160847],[-74.5837517668428,39.272277451335],[-74.5828209760905,39.2729558963631]]}},{"type":"Feature","id":190719,"properties":{"OBJECTID":190719,"PRIMENAME":"20th Street","ELEVTYP_F":0,"ELEVTYP_T":0},"geometry":{"type":"LineString","coordinates":[[-74.5921524377735,39.2672139651923],[-74.592492539648,39.2674963668821]]}},{"type":"Feature","id":191321,"properties":{"OBJECTID":191321,"PRIMENAME":"North Street","ELEVTYP_F":0,"ELEVTYP_T":0},"geometry":{"type":"LineString","coordinates":[[-74.5641113279943,39.2890073454852],[-74.5644336521437,39.289253430292]]}},{"type":"Feature","id":191481,"properties":{"OBJECTID":191481,"PRIMENAME":"Asbury Avenue","ELEVTYP_F":0,"ELEVTYP_T":0},"geometry":{"type":"LineString","coordinates":[[-74.5863927815866,39.2714271509301],[-74.5863252668544,39.2714765967426],[-74.5849431626148,39.2724745541464]]}},{"type":"Feature","id":191488,"properties":{"OBJECTID":191488,"PRIMENAME":"Unnamed Segment","ELEVTYP_F":0,"ELEVTYP_T":0},"geometry":{"type":"LineString","coordinates":[[-74.6334040417203,39.2275398267998],[-74.6326041129488,39.2284920821139],[-74.6323273282085,39.228825262427]]}},{"type":"Feature","id":191507,"properties":{"OBJECTID":191507,"PRIMENAME":"Wayne Avenue","ELEVTYP_F":0,"ELEVTYP_T":0},"geometry":{"type":"LineString","coordinates":[[-74.5681199705688,39.276973809196],[-74.5675762418573,39.2774083332445]]}},{"type":"Feature","id":191653,"properties":{"OBJECTID":191653,"PRIMENAME":"West 52nd Street","ELEVTYP_F":0,"ELEVTYP_T":0},"geometry":{"type":"LineString","coordinates":[[-74.6393212494645,39.2310645449838],[-74.6399383650314,39.2311694337569]]}},{"type":"Feature","id":192017,"properties":{"OBJECTID":192017,"PRIMENAME":"East 16th Street","ELEVTYP_F":0,"ELEVTYP_T":0},"geometry":{"type":"LineString","coordinates":[[-74.5867231565341,39.2717014771803],[-74.5870436694441,39.2719676546993],[-74.5870800560977,39.2719978852444]]}},{"type":"Feature","id":192053,"properties":{"OBJECTID":192053,"PRIMENAME":"Bayonne Place","ELEVTYP_F":0,"ELEVTYP_T":0},"geometry":{"type":"LineString","coordinates":[[-74.5910512078086,39.2760431826511],[-74.5889957793835,39.2743344391683],[-74.5888586463136,39.2742247705275]]}},{"type":"Feature","id":192184,"properties":{"OBJECTID":192184,"PRIMENAME":"Haven Avenue","ELEVTYP_F":0,"ELEVTYP_T":0},"geometry":{"type":"LineString","coordinates":[[-74.5921471182048,39.269463122632],[-74.5921772903177,39.2694409961463],[-74.5926911298817,39.2690568194175],[-74.5933324099716,39.2685925010453],[-74.5936056514241,39.2684193010599]]}},{"type":"Feature","id":192263,"properties":{"OBJECTID":192263,"PRIMENAME":"Unnamed Segment","ELEVTYP_F":0,"ELEVTYP_T":0},"geometry":{"type":"LineString","coordinates":[[-74.5990237777999,39.2616678501949],[-74.5985948368447,39.2619816380731],[-74.5975784070078,39.2627223279211]]}},{"type":"Feature","id":192300,"properties":{"OBJECTID":192300,"PRIMENAME":"East 6th Street","ELEVTYP_F":0,"ELEVTYP_T":0},"geometry":{"type":"LineString","coordinates":[[-74.5660325836664,39.2775355213729],[-74.5667398957585,39.2780767645845]]}},{"type":"Feature","id":192572,"properties":{"OBJECTID":192572,"PRIMENAME":"Wesley Road","ELEVTYP_F":0,"ELEVTYP_T":0},"geometry":{"type":"LineString","coordinates":[[-74.5546879521874,39.2954521775522],[-74.5546953832129,39.2954204886307],[-74.554728681301,39.2953888145766],[-74.5548333070718,39.2953136910362],[-74.5548730568588,39.2952851514565],[-74.5550322477463,39.2951497677961],[-74.5552970703938,39.2949395135076]]}},{"type":"Feature","id":192870,"properties":{"OBJECTID":192870,"PRIMENAME":"49th Street","ELEVTYP_F":0,"ELEVTYP_T":0},"geometry":{"type":"LineString","coordinates":[[-74.628985496377,39.2327393739975],[-74.6291223373138,39.2328160207598],[-74.6294067661268,39.2329752320166]]}},{"type":"Feature","id":192892,"properties":{"OBJECTID":192892,"PRIMENAME":"Unnamed Segment","ELEVTYP_F":0,"ELEVTYP_T":0},"geometry":{"type":"LineString","coordinates":[[-74.5867712224305,39.2739837612304],[-74.5860037395257,39.2745374268104],[-74.585395936781,39.2749885557563],[-74.5853280645718,39.2750381102235]]}},{"type":"Feature","id":192965,"properties":{"OBJECTID":192965,"PRIMENAME":"Unnamed Segment","ELEVTYP_F":0,"ELEVTYP_T":0},"geometry":{"type":"LineString","coordinates":[[-74.5788355854693,39.2764000030796],[-74.5784518582039,39.276680736933],[-74.5778678817757,39.2771107500605],[-74.5773879807182,39.2774508520931]]}},{"type":"Feature","id":193193,"properties":{"OBJECTID":193193,"PRIMENAME":"13th Street","ELEVTYP_F":0,"ELEVTYP_T":0},"geometry":{"type":"LineString","coordinates":[[-74.5810369467252,39.2737264462942],[-74.5813800776883,39.2740117057018]]}},{"type":"Feature","id":193242,"properties":{"OBJECTID":193242,"PRIMENAME":"Unnamed Segment","ELEVTYP_F":0,"ELEVTYP_T":0},"geometry":{"type":"LineString","coordinates":[[-74.5556229493885,39.29468074103],[-74.5557928088865,39.2948125082409],[-74.5559556538448,39.29492085816],[-74.5561069346667,39.2950171595539],[-74.5562465505616,39.2951074534139],[-74.5563861619693,39.2951917062104],[-74.5565451728292,39.2952759773434],[-74.5566925113417,39.2953451796258],[-74.5568631139154,39.2954294167518],[-74.5570221447175,39.2954925999329],[-74.5571616949301,39.2955437115698],[-74.557316686682,39.295593552489]]}},{"type":"Feature","id":193379,"properties":{"OBJECTID":193379,"PRIMENAME":"East 52nd Street","ELEVTYP_F":0,"ELEVTYP_T":0},"geometry":{"type":"LineString","coordinates":[[-74.6323273282085,39.228825262427],[-74.6326097412819,39.2289686803281],[-74.6327659650201,39.2290475519669]]}},{"type":"Feature","id":193406,"properties":{"OBJECTID":193406,"PRIMENAME":"East 7th Street","ELEVTYP_F":0,"ELEVTYP_T":0},"geometry":{"type":"LineString","coordinates":[[-74.573472192771,39.2810593588738],[-74.5731168501169,39.2807869055776]]}},{"type":"Feature","id":193562,"properties":{"OBJECTID":193562,"PRIMENAME":"2nd Street","ELEVTYP_F":0,"ELEVTYP_T":0},"geometry":{"type":"LineString","coordinates":[[-74.5658167004591,39.2859955056454],[-74.5661800660416,39.2862726985197]]}},{"type":"Feature","id":193663,"properties":{"OBJECTID":193663,"PRIMENAME":"FR CO 623 TO GSP SB","ELEVTYP_F":0,"ELEVTYP_T":0},"geometry":{"type":"LineString","coordinates":[[-74.6438116311545,39.2626351482955],[-74.6439112340743,39.2623591631303],[-74.6439258481384,39.2623203474679],[-74.6439719400936,39.2621991224171],[-74.6440393418388,39.2620319893038],[-74.6441076750169,39.2618716922513],[-74.6441732057393,39.2617226012763],[-74.6443155636152,39.2613709178538],[-74.6444750220879,39.2609880769251],[-74.6445461835459,39.2608122629797],[-74.6446857264001,39.2604672540528],[-74.6447227428598,39.2603826953968],[-74.6447626167164,39.2602958811144],[-74.6448167712111,39.2601979283798],[-74.6448567104941,39.2601266829336],[-74.6448852318679,39.2600843906703],[-74.6449337053552,39.2600064612696],[-74.6450079023706,39.2598995608282],[-74.6451477597844,39.2597259120878],[-74.6456334474791,39.2591549953948]]}},{"type":"Feature","id":193819,"properties":{"OBJECTID":193819,"PRIMENAME":"Unnamed Segment","ELEVTYP_F":0,"ELEVTYP_T":0},"geometry":{"type":"LineString","coordinates":[[-74.574769976871,39.2842116776171],[-74.5760623182361,39.2831719466587],[-74.5760925948269,39.2831377154782],[-74.5761072307336,39.2831126648767],[-74.5761200864153,39.2830760290709]]}},{"type":"Feature","id":194002,"properties":{"OBJECTID":194002,"PRIMENAME":"59th Street","ELEVTYP_F":0,"ELEVTYP_T":0},"geometry":{"type":"LineString","coordinates":[[-74.6390390726816,39.2193863072379],[-74.6394577076013,39.2195980804352]]}},{"type":"Feature","id":194022,"properties":{"OBJECTID":194022,"PRIMENAME":"West Inlet Road","ELEVTYP_F":0,"ELEVTYP_T":0},"geometry":{"type":"LineString","coordinates":[[-74.5582240448368,39.2915630662612],[-74.558079084328,39.2915412280116]]}},{"type":"Feature","id":194271,"properties":{"OBJECTID":194271,"PRIMENAME":"Central Avenue","ELEVTYP_F":0,"ELEVTYP_T":0},"geometry":{"type":"LineString","coordinates":[[-74.6353889717268,39.2230443599674],[-74.6352638683956,39.2231917865775],[-74.6343069343712,39.2243333351523]]}},{"type":"Feature","id":195374,"properties":{"OBJECTID":195374,"PRIMENAME":"Arkansas Avenue","ELEVTYP_F":0,"ELEVTYP_T":0},"geometry":{"type":"LineString","coordinates":[[-74.5981360300666,39.275351273455],[-74.5981966164277,39.2748718207886],[-74.5981923865073,39.27477663082],[-74.5981759502702,39.2746940257256],[-74.5981472777329,39.2746274115366],[-74.598098143689,39.2745544448617],[-74.5979059384808,39.2743799794347],[-74.5974710445,39.2740260092395]]}},{"type":"Feature","id":195589,"properties":{"OBJECTID":195589,"PRIMENAME":"West Avenue","ELEVTYP_F":0,"ELEVTYP_T":0},"geometry":{"type":"LineString","coordinates":[[-74.5957330361877,39.2656827278871],[-74.595013505344,39.2662106325608],[-74.5942923011423,39.2667371053933]]}},{"type":"Feature","id":195642,"properties":{"OBJECTID":195642,"PRIMENAME":"Simpson Avenue","ELEVTYP_F":0,"ELEVTYP_T":0},"geometry":{"type":"LineString","coordinates":[[-74.5761200864153,39.2830760290709],[-74.5761296538113,39.2830374181103],[-74.5761510870759,39.2829933350055],[-74.5762251313642,39.2829208551013],[-74.5767731605383,39.2824868647736],[-74.5773259607913,39.282060228381],[-74.5774393164789,39.2819792916916],[-74.577493376572,39.2819521554065]]}},{"type":"Feature","id":195808,"properties":{"OBJECTID":195808,"PRIMENAME":"Unnamed Segment","ELEVTYP_F":0,"ELEVTYP_T":0},"geometry":{"type":"LineString","coordinates":[[-74.6224251993297,39.2385255594527],[-74.622036944324,39.2389489462375],[-74.6212639945833,39.2397792107658]]}},{"type":"Feature","id":195830,"properties":{"OBJECTID":195830,"PRIMENAME":"Golden Oak Lane","ELEVTYP_F":0,"ELEVTYP_T":0},"geometry":{"type":"LineString","coordinates":[[-74.6391736180113,39.2767122689005],[-74.6395212569181,39.2769715418791]]}},{"type":"Feature","id":195963,"properties":{"OBJECTID":195963,"PRIMENAME":"East 18th Street","ELEVTYP_F":0,"ELEVTYP_T":0},"geometry":{"type":"LineString","coordinates":[[-74.5914635893931,39.2711337430756],[-74.5918446554921,39.2714484042872]]}},{"type":"Feature","id":196335,"properties":{"OBJECTID":196335,"PRIMENAME":"Wesley Avenue","ELEVTYP_F":0,"ELEVTYP_T":0},"geometry":{"type":"LineString","coordinates":[[-74.6154083867725,39.2447645657476],[-74.6149655630947,39.2452485812478],[-74.6146656908911,39.2455690830757]]}},{"type":"Feature","id":196634,"properties":{"OBJECTID":196634,"PRIMENAME":"Unnamed Segment","ELEVTYP_F":0,"ELEVTYP_T":0},"geometry":{"type":"LineString","coordinates":[[-74.6257735678523,39.2524461189648],[-74.6257918986548,39.2525856371095],[-74.6257919743542,39.2526280037731],[-74.6257876220699,39.252643301796]]}},{"type":"Feature","id":196734,"properties":{"OBJECTID":196734,"PRIMENAME":"East Surf Road","ELEVTYP_F":0,"ELEVTYP_T":0},"geometry":{"type":"LineString","coordinates":[[-74.5591624949824,39.289335002101],[-74.5590962967354,39.2893127133852],[-74.5589609463163,39.2892843358922],[-74.5587267368136,39.2892617202507],[-74.5583133089089,39.2892306542556],[-74.5581525661926,39.2892179393946]]}},{"type":"Feature","id":196809,"properties":{"OBJECTID":196809,"PRIMENAME":"Shore Road","ELEVTYP_F":0,"ELEVTYP_T":0},"geometry":{"type":"LineString","coordinates":[[-74.5980199207988,39.3096976651842],[-74.5979576912116,39.3098065299824],[-74.5976445783302,39.3103641691712]]}},{"type":"Feature","id":197319,"properties":{"OBJECTID":197319,"PRIMENAME":"Walton Place","ELEVTYP_F":0,"ELEVTYP_T":0},"geometry":{"type":"LineString","coordinates":[[-74.5814126485602,39.2796585974521],[-74.5823211128858,39.2804065372664],[-74.5824217248044,39.2804893714325]]}},{"type":"Feature","id":197347,"properties":{"OBJECTID":197347,"PRIMENAME":"Unnamed Segment","ELEVTYP_F":0,"ELEVTYP_T":0},"geometry":{"type":"LineString","coordinates":[[-74.5696615606015,39.2846186300832],[-74.5683882531531,39.2856271696446],[-74.5682779270198,39.2857147951072]]}},{"type":"Feature","id":197349,"properties":{"OBJECTID":197349,"PRIMENAME":"Stenton Place","ELEVTYP_F":0,"ELEVTYP_T":0},"geometry":{"type":"LineString","coordinates":[[-74.5610219034614,39.2859336211728],[-74.5594414751156,39.2847208631977],[-74.5583514488149,39.2838835065517]]}},{"type":"Feature","id":197424,"properties":{"OBJECTID":197424,"PRIMENAME":"Ocean Drive","ELEVTYP_F":0,"ELEVTYP_T":0},"geometry":{"type":"LineString","coordinates":[[-74.5576835719478,39.3064057776216],[-74.5577235291544,39.306622091045],[-74.5578462359508,39.306921503444],[-74.5579118756513,39.3071468383213],[-74.5579235760954,39.3072350243674],[-74.5579464848411,39.3074992588607],[-74.5579466155884,39.3076577946155],[-74.5579377177128,39.3078832764265],[-74.55789703955,39.3080559455842],[-74.5578291466398,39.3082286021209],[-74.5577612998087,39.3083730864191],[-74.5576661279325,39.3085105560336],[-74.5575891224933,39.3086057051789],[-74.5574667625393,39.308732616977],[-74.5573398660392,39.3088454177695],[-74.5571812251466,39.3089511779142],[-74.5569727260697,39.3090710744594],[-74.5567687212658,39.3091557419681],[-74.5565510349255,39.3092368728497],[-74.5562518082825,39.3093145565884],[-74.5537443952587,39.3100097435484],[-74.5521437854546,39.3104509090292],[-74.5506474703887,39.3108637809379],[-74.5499809047583,39.3110543180328],[-74.5495309829199,39.311172739894],[-74.5493329161183,39.3112272711933],[-74.5492786385507,39.3112448943491],[-74.5492576848935,39.3112534970134]]}},{"type":"Feature","id":197670,"properties":{"OBJECTID":197670,"PRIMENAME":"Simpson Avenue","ELEVTYP_F":0,"ELEVTYP_T":0},"geometry":{"type":"LineString","coordinates":[[-74.5972354926265,39.2669205430564],[-74.5961972163422,39.2676861696944],[-74.5957928215881,39.2679815849956]]}},{"type":"Feature","id":197673,"properties":{"OBJECTID":197673,"PRIMENAME":"Unnamed Segment","ELEVTYP_F":0,"ELEVTYP_T":0},"geometry":{"type":"LineString","coordinates":[[-74.5645064902044,39.2893090174334],[-74.5644664154811,39.2893785334323],[-74.5644368660367,39.2894437052402],[-74.5643310427641,39.2897159737086],[-74.5642941332449,39.2898080021014],[-74.5642595853033,39.2898559619401],[-74.5641634364167,39.2899269365631],[-74.5638849251133,39.2901494644525],[-74.5636211733367,39.2903623457259],[-74.563364787212,39.2905561403078]]}},{"type":"Feature","id":197676,"properties":{"OBJECTID":197676,"PRIMENAME":"Norwood Road","ELEVTYP_F":0,"ELEVTYP_T":0},"geometry":{"type":"LineString","coordinates":[[-74.6430193283712,39.2665097535608],[-74.6425648007826,39.2669436124684]]}},{"type":"Feature","id":197888,"properties":{"OBJECTID":197888,"PRIMENAME":"12th Street","ELEVTYP_F":0,"ELEVTYP_T":0},"geometry":{"type":"LineString","coordinates":[[-74.5816976968803,39.2765098348557],[-74.5817791681253,39.2765766907609],[-74.5820759205324,39.2768235685652]]}},{"type":"Feature","id":198129,"properties":{"OBJECTID":198129,"PRIMENAME":"Frederick Avenue","ELEVTYP_F":0,"ELEVTYP_T":0},"geometry":{"type":"LineString","coordinates":[[-74.6466450711131,39.2722071055538],[-74.6470143919052,39.2720884915664]]}},{"type":"Feature","id":198184,"properties":{"OBJECTID":198184,"PRIMENAME":"East Hollywood Lane","ELEVTYP_F":0,"ELEVTYP_T":0},"geometry":{"type":"LineString","coordinates":[[-74.6370105050427,39.2761704691084],[-74.6365377055655,39.2758148231187],[-74.6355980484409,39.2750989061769]]}},{"type":"Feature","id":198203,"properties":{"OBJECTID":198203,"PRIMENAME":"Gardners Lane","ELEVTYP_F":0,"ELEVTYP_T":0},"geometry":{"type":"LineString","coordinates":[[-74.6420731819309,39.272015081388],[-74.6410906155207,39.2713817814317],[-74.6409897840327,39.2713167902732]]}},{"type":"Feature","id":198301,"properties":{"OBJECTID":198301,"PRIMENAME":"Unnamed Segment","ELEVTYP_F":0,"ELEVTYP_T":0},"geometry":{"type":"LineString","coordinates":[[-74.5804050495878,39.2821796276782],[-74.5800776939093,39.2824408438083]]}},{"type":"Feature","id":198535,"properties":{"OBJECTID":198535,"PRIMENAME":"Central Avenue","ELEVTYP_F":0,"ELEVTYP_T":0},"geometry":{"type":"LineString","coordinates":[[-74.6364795550642,39.2217591533507],[-74.6353889717268,39.2230443599674]]}},{"type":"Feature","id":198672,"properties":{"OBJECTID":198672,"PRIMENAME":"Unnamed Segment","ELEVTYP_F":0,"ELEVTYP_T":0},"geometry":{"type":"LineString","coordinates":[[-74.608876060944,39.2538461074454],[-74.6085000007562,39.2542003541404],[-74.6076182889529,39.2550221433925]]}},{"type":"Feature","id":198749,"properties":{"OBJECTID":198749,"PRIMENAME":"54th Street","ELEVTYP_F":0,"ELEVTYP_T":0},"geometry":{"type":"LineString","coordinates":[[-74.6340678479826,39.2260441491831],[-74.6344811347474,39.2262522941982]]}},{"type":"Feature","id":199002,"properties":{"OBJECTID":199002,"PRIMENAME":"5th Street","ELEVTYP_F":0,"ELEVTYP_T":0},"geometry":{"type":"LineString","coordinates":[[-74.5729878504095,39.2849955274786],[-74.5727318845565,39.2848009075779],[-74.5725956102686,39.2846964361001]]}},{"type":"Feature","id":199061,"properties":{"OBJECTID":199061,"PRIMENAME":"Unnamed Segment","ELEVTYP_F":0,"ELEVTYP_T":0},"geometry":{"type":"LineString","coordinates":[[-74.5932242025809,39.2681031909194],[-74.5934552011901,39.2679334851468],[-74.594674378872,39.2670505766895]]}},{"type":"Feature","id":199475,"properties":{"OBJECTID":199475,"PRIMENAME":"Harbor Road","ELEVTYP_F":0,"ELEVTYP_T":0},"geometry":{"type":"LineString","coordinates":[[-74.5601571822854,39.2943877982748],[-74.560161831858,39.2944116558865],[-74.5601720533294,39.2944642035307],[-74.5601913894615,39.2946373383046],[-74.5602184437112,39.2947865802396],[-74.5602569900317,39.2949447676628]]}},{"type":"Feature","id":199666,"properties":{"OBJECTID":199666,"PRIMENAME":"Ferndale Drive","ELEVTYP_F":0,"ELEVTYP_T":0},"geometry":{"type":"LineString","coordinates":[[-74.5998579644044,39.274938666882],[-74.6000500278538,39.2745624211621]]}},{"type":"Feature","id":199735,"properties":{"OBJECTID":199735,"PRIMENAME":"Haven Avenue","ELEVTYP_F":0,"ELEVTYP_T":0},"geometry":{"type":"LineString","coordinates":[[-74.5950125411593,39.2673280577058],[-74.5942476797569,39.2678899861682],[-74.5939283836997,39.2681181930957],[-74.5936056514241,39.2684193010599]]}},{"type":"Feature","id":200161,"properties":{"OBJECTID":200161,"PRIMENAME":"Asbury Avenue","ELEVTYP_F":0,"ELEVTYP_T":0},"geometry":{"type":"LineString","coordinates":[[-74.5921524377735,39.2672139651923],[-74.590919185943,39.2681122893361],[-74.5907079780655,39.2682668462277]]}},{"type":"Feature","id":200240,"properties":{"OBJECTID":200240,"PRIMENAME":"Tioga Avenue","ELEVTYP_F":0,"ELEVTYP_T":0},"geometry":{"type":"LineString","coordinates":[[-74.5817491960908,39.2788138085352],[-74.5818887656081,39.2787123382463],[-74.5829372917585,39.2779503752475],[-74.5831998317035,39.2777580984126]]}},{"type":"Feature","id":200454,"properties":{"OBJECTID":200454,"PRIMENAME":"Simpson Avenue","ELEVTYP_F":0,"ELEVTYP_T":0},"geometry":{"type":"LineString","coordinates":[[-74.5871455634929,39.2742920999844],[-74.587907416063,39.2737366186549],[-74.5885850813477,39.2732414091767]]}},{"type":"Feature","id":200638,"properties":{"OBJECTID":200638,"PRIMENAME":"Atlantic Avenue","ELEVTYP_F":0,"ELEVTYP_T":0},"geometry":{"type":"LineString","coordinates":[[-74.5657750407578,39.2821773463915],[-74.56542072994,39.2824573340023]]}},{"type":"Feature","id":200749,"properties":{"OBJECTID":200749,"PRIMENAME":"MacArthur Boulevard","ELEVTYP_F":0,"ELEVTYP_T":0},"geometry":{"type":"LineString","coordinates":[[-74.5991965527528,39.3087279385908],[-74.5992232825663,39.3087557006241],[-74.5993532255216,39.3089655072775],[-74.5993961693643,39.3090791744908],[-74.5994554005263,39.3092477118706],[-74.5995242689079,39.3094807692225],[-74.5996820702126,39.3099985275633],[-74.5998259794675,39.3104630583627]]}},{"type":"Feature","id":201310,"properties":{"OBJECTID":201310,"PRIMENAME":"33rd Street","ELEVTYP_F":0,"ELEVTYP_T":0},"geometry":{"type":"LineString","coordinates":[[-74.6086159121078,39.2516624570681],[-74.6090026810002,39.2519158008052]]}},{"type":"Feature","id":201602,"properties":{"OBJECTID":201602,"PRIMENAME":"Bay Avenue","ELEVTYP_F":0,"ELEVTYP_T":0},"geometry":{"type":"LineString","coordinates":[[-74.5737891683869,39.2856047351159],[-74.572938128469,39.2862798917349],[-74.5723919133617,39.2867091945645]]}},{"type":"Feature","id":201774,"properties":{"OBJECTID":201774,"PRIMENAME":"Bay Avenue","ELEVTYP_F":0,"ELEVTYP_T":0},"geometry":{"type":"LineString","coordinates":[[-74.5935695972128,39.2707913262576],[-74.5930070358915,39.2712014929887],[-74.5928977416269,39.2712815625264]]}},{"type":"Feature","id":201925,"properties":{"OBJECTID":201925,"PRIMENAME":"Unnamed Segment","ELEVTYP_F":0,"ELEVTYP_T":0},"geometry":{"type":"LineString","coordinates":[[-74.588244772259,39.2684671984449],[-74.5878455971491,39.2687586014286],[-74.5875178177738,39.2690018715368],[-74.5868002317175,39.2695228045119]]}},{"type":"Feature","id":202132,"properties":{"OBJECTID":202132,"PRIMENAME":"Corinthian Avenue","ELEVTYP_F":0,"ELEVTYP_T":0},"geometry":{"type":"LineString","coordinates":[[-74.5634301884579,39.2798602246451],[-74.5637718925128,39.2795928253489]]}},{"type":"Feature","id":202162,"properties":{"OBJECTID":202162,"PRIMENAME":"Ocean Avenue","ELEVTYP_F":0,"ELEVTYP_T":0},"geometry":{"type":"LineString","coordinates":[[-74.5739150699658,39.2770810642516],[-74.5731047690406,39.277729344566]]}},{"type":"Feature","id":202166,"properties":{"OBJECTID":202166,"PRIMENAME":"35th Street","ELEVTYP_F":0,"ELEVTYP_T":0},"geometry":{"type":"LineString","coordinates":[[-74.6143468839323,39.2513660341635],[-74.6142062541394,39.2512744653386],[-74.613924081017,39.2510924532003]]}},{"type":"Feature","id":202299,"properties":{"OBJECTID":202299,"PRIMENAME":"Unnamed Segment","ELEVTYP_F":0,"ELEVTYP_T":0},"geometry":{"type":"LineString","coordinates":[[-74.5939329641435,39.2664422867643],[-74.5932987355794,39.2669053400015],[-74.592492539648,39.2674963668821]]}},{"type":"Feature","id":202489,"properties":{"OBJECTID":202489,"PRIMENAME":"East Seaspray Road","ELEVTYP_F":0,"ELEVTYP_T":0},"geometry":{"type":"LineString","coordinates":[[-74.5541073515206,39.2915693085322],[-74.5545209445495,39.2911148111963],[-74.5545697369059,39.2910641847555],[-74.5546166239986,39.2910158652876]]}},{"type":"Feature","id":202673,"properties":{"OBJECTID":202673,"PRIMENAME":"Bayland Drive","ELEVTYP_F":0,"ELEVTYP_T":0},"geometry":{"type":"LineString","coordinates":[[-74.6100543245959,39.258583896088],[-74.6104574631341,39.2582124852594]]}},{"type":"Feature","id":203405,"properties":{"OBJECTID":203405,"PRIMENAME":"Seaview Road","ELEVTYP_F":0,"ELEVTYP_T":0},"geometry":{"type":"LineString","coordinates":[[-74.5545721569067,39.2924508747605],[-74.5537487035266,39.2930920228483]]}},{"type":"Feature","id":203536,"properties":{"OBJECTID":203536,"PRIMENAME":"Unnamed Segment","ELEVTYP_F":0,"ELEVTYP_T":0},"geometry":{"type":"LineString","coordinates":[[-74.6344811347474,39.2262522941982],[-74.6335710686921,39.2273409537767],[-74.6334040417203,39.2275398267998]]}},{"type":"Feature","id":203539,"properties":{"OBJECTID":203539,"PRIMENAME":"West Atlantic Boulevard","ELEVTYP_F":0,"ELEVTYP_T":0},"geometry":{"type":"LineString","coordinates":[[-74.559706410377,39.2934838152425],[-74.5598931940733,39.2934842408816],[-74.5601707351178,39.2934605125099],[-74.5603000874207,39.2934479953556],[-74.5603370463723,39.2934444188701]]}},{"type":"Feature","id":203687,"properties":{"OBJECTID":203687,"PRIMENAME":"Central Avenue","ELEVTYP_F":0,"ELEVTYP_T":0},"geometry":{"type":"LineString","coordinates":[[-74.6077315562387,39.2530887484011],[-74.6074745840357,39.2533312954],[-74.6064637640298,39.2542745282396]]}},{"type":"Feature","id":204020,"properties":{"OBJECTID":204020,"PRIMENAME":"Unnamed Segment","ELEVTYP_F":0,"ELEVTYP_T":0},"geometry":{"type":"LineString","coordinates":[[-74.5731168501169,39.2807869055776],[-74.5717311627046,39.281890637272]]}},{"type":"Feature","id":204153,"properties":{"OBJECTID":204153,"PRIMENAME":"West Avenue","ELEVTYP_F":0,"ELEVTYP_T":0},"geometry":{"type":"LineString","coordinates":[[-74.627104342079,39.2354638628005],[-74.6266012875178,39.2360099596471],[-74.6259514165721,39.2367123086753]]}},{"type":"Feature","id":204199,"properties":{"OBJECTID":204199,"PRIMENAME":"Central Avenue","ELEVTYP_F":0,"ELEVTYP_T":0},"geometry":{"type":"LineString","coordinates":[[-74.6258697346679,39.2341342651109],[-74.6254803151578,39.2345524212034]]}},{"type":"Feature","id":204294,"properties":{"OBJECTID":204294,"PRIMENAME":"Norwood Road","ELEVTYP_F":0,"ELEVTYP_T":0},"geometry":{"type":"LineString","coordinates":[[-74.6458245312618,39.2639003704866],[-74.6445049452434,39.2651198501224],[-74.6443819448469,39.2652348018773]]}},{"type":"Feature","id":204687,"properties":{"OBJECTID":204687,"PRIMENAME":"Glenwood Drive","ELEVTYP_F":0,"ELEVTYP_T":0},"geometry":{"type":"LineString","coordinates":[[-74.6013937199222,39.2739941873881],[-74.6009977919752,39.2747842530233],[-74.600779526535,39.2752136796112]]}},{"type":"Feature","id":204816,"properties":{"OBJECTID":204816,"PRIMENAME":"East 9th Street","ELEVTYP_F":0,"ELEVTYP_T":0},"geometry":{"type":"LineString","coordinates":[[-74.5714479540954,39.2752082436902],[-74.572687818238,39.2761442859604],[-74.5730507726894,39.276421348228]]}},{"type":"Feature","id":204899,"properties":{"OBJECTID":204899,"PRIMENAME":"Arkansas Avenue","ELEVTYP_F":0,"ELEVTYP_T":0},"geometry":{"type":"LineString","coordinates":[[-74.5974710445,39.2740260092395],[-74.5973293337983,39.2739106161635],[-74.596723339783,39.2734102752937]]}},{"type":"Feature","id":205139,"properties":{"OBJECTID":205139,"PRIMENAME":"Simpson Avenue","ELEVTYP_F":0,"ELEVTYP_T":0},"geometry":{"type":"LineString","coordinates":[[-74.6367659562152,39.2274059175902],[-74.6357645829391,39.2286046132701],[-74.6356903679534,39.2286924261351]]}},{"type":"Feature","id":205265,"properties":{"OBJECTID":205265,"PRIMENAME":"Unnamed Segment","ELEVTYP_F":0,"ELEVTYP_T":0},"geometry":{"type":"LineString","coordinates":[[-74.5809617751938,39.2759063752669],[-74.5806564882496,39.276128138136],[-74.5795155250472,39.276962933151]]}},{"type":"Feature","id":205291,"properties":{"OBJECTID":205291,"PRIMENAME":"Park Place","ELEVTYP_F":0,"ELEVTYP_T":0},"geometry":{"type":"LineString","coordinates":[[-74.5627368910118,39.2804089459251],[-74.5617944274642,39.2796957574408]]}},{"type":"Feature","id":205441,"properties":{"OBJECTID":205441,"PRIMENAME":"Unnamed Segment","ELEVTYP_F":0,"ELEVTYP_T":0},"geometry":{"type":"LineString","coordinates":[[-74.568824156255,39.2818178182017],[-74.5678941436564,39.2825579757253],[-74.5674336431259,39.2829184260327]]}},{"type":"Feature","id":205784,"properties":{"OBJECTID":205784,"PRIMENAME":"West Inlet Road","ELEVTYP_F":0,"ELEVTYP_T":0},"geometry":{"type":"LineString","coordinates":[[-74.5584985613253,39.2916076561847],[-74.5583162450596,39.2915769684181],[-74.5582240448368,39.2915630662612]]}},{"type":"Feature","id":205885,"properties":{"OBJECTID":205885,"PRIMENAME":"Bay Avenue","ELEVTYP_F":0,"ELEVTYP_T":0},"geometry":{"type":"LineString","coordinates":[[-74.5960356271883,39.2689886788332],[-74.5957116155183,39.2692290303904],[-74.5956834195688,39.2692495923387]]}},{"type":"Feature","id":206558,"properties":{"OBJECTID":206558,"PRIMENAME":"Reef Drive","ELEVTYP_F":0,"ELEVTYP_T":0},"geometry":{"type":"LineString","coordinates":[[-74.6032455528132,39.2695419471771],[-74.6033135528698,39.2695269467104],[-74.6034775553978,39.269462949824],[-74.6035495537394,39.269455949483],[-74.6036195527357,39.2694519488172]]}},{"type":"Feature","id":206616,"properties":{"OBJECTID":206616,"PRIMENAME":"3rd Street","ELEVTYP_F":0,"ELEVTYP_T":0},"geometry":{"type":"LineString","coordinates":[[-74.5694409719478,39.2866058309457],[-74.5690445301537,39.2863021170873]]}},{"type":"Feature","id":206812,"properties":{"OBJECTID":206812,"PRIMENAME":"Corinthian Avenue","ELEVTYP_F":0,"ELEVTYP_T":0},"geometry":{"type":"LineString","coordinates":[[-74.5606603993046,39.2820561819352],[-74.5612060107127,39.2816235569197]]}},{"type":"Feature","id":206829,"properties":{"OBJECTID":206829,"PRIMENAME":"East 11th Street","ELEVTYP_F":0,"ELEVTYP_T":0},"geometry":{"type":"LineString","coordinates":[[-74.5795155250472,39.276962933151],[-74.5797594064258,39.2771648235272],[-74.5798334170487,39.2772265782337],[-74.5798704043978,39.2772574150444]]}},{"type":"Feature","id":207298,"properties":{"OBJECTID":207298,"PRIMENAME":"Appletree Road","ELEVTYP_F":0,"ELEVTYP_T":0},"geometry":{"type":"LineString","coordinates":[[-74.5983655669749,39.2720314845147],[-74.5980000009793,39.2722927458774]]}},{"type":"Feature","id":207825,"properties":{"OBJECTID":207825,"PRIMENAME":"Harbor Road","ELEVTYP_F":0,"ELEVTYP_T":0},"geometry":{"type":"LineString","coordinates":[[-74.6289615470462,39.2869755982887],[-74.6283254736225,39.2867894285149],[-74.6278564343998,39.2866516424098],[-74.6277872260249,39.2866362603031],[-74.627727715116,39.286629626197],[-74.6276565908985,39.2866297041968],[-74.6276057238478,39.2866357179823],[-74.6275615791537,39.2866469689591],[-74.6275193172887,39.2866641488603],[-74.6274780935781,39.2866881089874],[-74.627427259549,39.2867322057527],[-74.6273922913114,39.2867769436378],[-74.6273577001773,39.2868545484411],[-74.6273058215971,39.2869659159753],[-74.6272562907126,39.2870660233634],[-74.6272266921868,39.2871110850279],[-74.6271984932389,39.2871480729022],[-74.6271346958581,39.2871943528734],[-74.6270663944227,39.2872313853966],[-74.6270040061998,39.2872556972482],[-74.6269114152967,39.2872833930427],[-74.6266771593825,39.2873218960793],[-74.626316963634,39.2873717370438],[-74.6259568162659,39.2874294581206],[-74.6257919625816,39.287473484679],[-74.6256835351391,39.2875174510104],[-74.6255491455371,39.2876052935778],[-74.6252717205294,39.2878079788307],[-74.6251286621101,39.2879093119147],[-74.6250462740408,39.2879532487627],[-74.6249812382477,39.2879803089731],[-74.6249118049122,39.2879972423371],[-74.6248467270993,39.2880006893105]]}},{"type":"Feature","id":207933,"properties":{"OBJECTID":207933,"PRIMENAME":"Unnamed Segment","ELEVTYP_F":0,"ELEVTYP_T":0},"geometry":{"type":"LineString","coordinates":[[-74.5632653286783,39.2862051546004],[-74.5629054087506,39.2864893928977],[-74.5618908509331,39.2872951984856]]}},{"type":"Feature","id":208131,"properties":{"OBJECTID":208131,"PRIMENAME":"Corinthian Avenue","ELEVTYP_F":0,"ELEVTYP_T":0},"geometry":{"type":"LineString","coordinates":[[-74.5616604575851,39.2812631622856],[-74.5620423145354,39.2809601076396]]}},{"type":"Feature","id":208165,"properties":{"OBJECTID":208165,"PRIMENAME":"Unnamed Segment","ELEVTYP_F":0,"ELEVTYP_T":0},"geometry":{"type":"LineString","coordinates":[[-74.6093907969223,39.2521700473106],[-74.6087219352006,39.2527890655127],[-74.6081206325928,39.2533462384695]]}},{"type":"Feature","id":208214,"properties":{"OBJECTID":208214,"PRIMENAME":"53rd Street","ELEVTYP_F":0,"ELEVTYP_T":0},"geometry":{"type":"LineString","coordinates":[[-74.6343037068528,39.2279930471893],[-74.6338394194712,39.2277591505501]]}},{"type":"Feature","id":208229,"properties":{"OBJECTID":208229,"PRIMENAME":"Roosevelt Boulevard","ELEVTYP_F":0,"ELEVTYP_T":0},"geometry":{"type":"LineString","coordinates":[[-74.6414619954269,39.2611460853001],[-74.6410723709423,39.2609032875624],[-74.63992990998,39.2601626350379],[-74.6383765503495,39.2591557412372],[-74.6365240818724,39.2579614248873],[-74.6348929225648,39.2569068000941],[-74.63309373653,39.2557378197435],[-74.6316840552668,39.2548267995097]]}},{"type":"Feature","id":208281,"properties":{"OBJECTID":208281,"PRIMENAME":"Bark Drive","ELEVTYP_F":0,"ELEVTYP_T":0},"geometry":{"type":"LineString","coordinates":[[-74.6390385354467,39.2289191468879],[-74.6388317899071,39.2291649172684]]}},{"type":"Feature","id":208365,"properties":{"OBJECTID":208365,"PRIMENAME":"Asbury Avenue","ELEVTYP_F":0,"ELEVTYP_T":0},"geometry":{"type":"LineString","coordinates":[[-74.6266771036765,39.2345834979575],[-74.6262892133862,39.2350062943253]]}},{"type":"Feature","id":208373,"properties":{"OBJECTID":208373,"PRIMENAME":"2nd Street","ELEVTYP_F":0,"ELEVTYP_T":0},"geometry":{"type":"LineString","coordinates":[[-74.5680554583924,39.2877018571601],[-74.5682658790765,39.2878621107101],[-74.5684389597114,39.2879933091366]]}},{"type":"Feature","id":208411,"properties":{"OBJECTID":208411,"PRIMENAME":"Simpson Avenue","ELEVTYP_F":0,"ELEVTYP_T":0},"geometry":{"type":"LineString","coordinates":[[-74.5828246730765,39.2774464525321],[-74.5833884771054,39.2770391360592],[-74.5842569067034,39.2764004619706]]}},{"type":"Feature","id":208627,"properties":{"OBJECTID":208627,"PRIMENAME":"Gardens Parkway","ELEVTYP_F":0,"ELEVTYP_T":0},"geometry":{"type":"LineString","coordinates":[[-74.5570428936001,39.2966772233342],[-74.5573459848671,39.2961186258004],[-74.5573938994752,39.2960291751303]]}},{"type":"Feature","id":208981,"properties":{"OBJECTID":208981,"PRIMENAME":"2nd Street","ELEVTYP_F":0,"ELEVTYP_T":0},"geometry":{"type":"LineString","coordinates":[[-74.5654594892365,39.2857230311686],[-74.5658167004591,39.2859955056454]]}},{"type":"Feature","id":209144,"properties":{"OBJECTID":209144,"PRIMENAME":"West 6th Street","ELEVTYP_F":0,"ELEVTYP_T":0},"geometry":{"type":"LineString","coordinates":[[-74.575167313386,39.2845129284825],[-74.5755487402641,39.284802216385],[-74.5758293921567,39.2850126576601]]}},{"type":"Feature","id":209324,"properties":{"OBJECTID":209324,"PRIMENAME":"North Street","ELEVTYP_F":0,"ELEVTYP_T":0},"geometry":{"type":"LineString","coordinates":[[-74.5605662911136,39.2862932173141],[-74.5610073475425,39.2866268925833]]}},{"type":"Feature","id":209695,"properties":{"OBJECTID":209695,"PRIMENAME":"Unnamed Segment","ELEVTYP_F":0,"ELEVTYP_T":0},"geometry":{"type":"LineString","coordinates":[[-74.5646545975463,39.2851086893536],[-74.5640819332572,39.2855602353821],[-74.5632653286783,39.2862051546004]]}},{"type":"Feature","id":209813,"properties":{"OBJECTID":209813,"PRIMENAME":"North Street","ELEVTYP_F":0,"ELEVTYP_T":0},"geometry":{"type":"LineString","coordinates":[[-74.5626948988587,39.2879138700555],[-74.5630506647043,39.2881899236461]]}},{"type":"Feature","id":210012,"properties":{"OBJECTID":210012,"PRIMENAME":"Simpson Avenue","ELEVTYP_F":0,"ELEVTYP_T":0},"geometry":{"type":"LineString","coordinates":[[-74.5674445449364,39.2893855501347],[-74.5661576958008,39.2903970657799],[-74.5660485234258,39.2904835903054]]}},{"type":"Feature","id":210057,"properties":{"OBJECTID":210057,"PRIMENAME":"Grant Avenue","ELEVTYP_F":0,"ELEVTYP_T":0},"geometry":{"type":"LineString","coordinates":[[-74.6385099052852,39.2761994475104],[-74.6387339446322,39.2760179632987],[-74.639015546873,39.275791628269]]}},{"type":"Feature","id":210058,"properties":{"OBJECTID":210058,"PRIMENAME":"Saint Davids Place","ELEVTYP_F":0,"ELEVTYP_T":0},"geometry":{"type":"LineString","coordinates":[[-74.6266771036765,39.2345834979575],[-74.6258697346679,39.2341342651109]]}},{"type":"Feature","id":210165,"properties":{"OBJECTID":210165,"PRIMENAME":"West Avenue","ELEVTYP_F":0,"ELEVTYP_T":0},"geometry":{"type":"LineString","coordinates":[[-74.5728080135472,39.2827095904807],[-74.5721528850215,39.2832254231463],[-74.5714266870043,39.2838007400058]]}},{"type":"Feature","id":210175,"properties":{"OBJECTID":210175,"PRIMENAME":"Clipper Drive","ELEVTYP_F":0,"ELEVTYP_T":0},"geometry":{"type":"LineString","coordinates":[[-74.640536829404,39.229061805856],[-74.6404994261954,39.2292069592924],[-74.640183987037,39.2303051107532],[-74.6399383650314,39.2311694337569]]}},{"type":"Feature","id":210314,"properties":{"OBJECTID":210314,"PRIMENAME":"35th Street","ELEVTYP_F":0,"ELEVTYP_T":0},"geometry":{"type":"LineString","coordinates":[[-74.6147696582845,39.251641399043],[-74.6143468839323,39.2513660341635]]}},{"type":"Feature","id":210546,"properties":{"OBJECTID":210546,"PRIMENAME":"50th Street","ELEVTYP_F":0,"ELEVTYP_T":0},"geometry":{"type":"LineString","coordinates":[[-74.6301686109391,39.2314044560341],[-74.6303572794189,39.2315007301559],[-74.6306069377003,39.2316263143419]]}},{"type":"Feature","id":210612,"properties":{"OBJECTID":210612,"PRIMENAME":"Boardwalk","ELEVTYP_F":0,"ELEVTYP_T":0},"geometry":{"type":"LineString","coordinates":[[-74.5901460646073,39.2655535666453],[-74.5911400180022,39.2648955642557],[-74.5916551293574,39.2645551564613]]}},{"type":"Feature","id":210883,"properties":{"OBJECTID":210883,"PRIMENAME":"Bethune Avenue","ELEVTYP_F":0,"ELEVTYP_T":0},"geometry":{"type":"LineString","coordinates":[[-74.6372206361811,39.309121880551],[-74.6367890145161,39.3094263088678]]}},{"type":"Feature","id":211083,"properties":{"OBJECTID":211083,"PRIMENAME":"Fiftyseventh Street","ELEVTYP_F":0,"ELEVTYP_T":0},"geometry":{"type":"LineString","coordinates":[[-74.6360804223828,39.221558165728],[-74.6364795550642,39.2217591533507]]}},{"type":"Feature","id":211133,"properties":{"OBJECTID":211133,"PRIMENAME":"West Surf Road","ELEVTYP_F":0,"ELEVTYP_T":0},"geometry":{"type":"LineString","coordinates":[[-74.5612293955691,39.2906676603851],[-74.5609055552506,39.2903895154685],[-74.5605348121359,39.2900710796136],[-74.560468090465,39.2900170515432]]}},{"type":"Feature","id":211736,"properties":{"OBJECTID":211736,"PRIMENAME":"Dolphin Court","ELEVTYP_F":0,"ELEVTYP_T":0},"geometry":{"type":"LineString","coordinates":[[-74.6030225534138,39.2696669474619],[-74.6026669316601,39.2694335257713]]}},{"type":"Feature","id":211837,"properties":{"OBJECTID":211837,"PRIMENAME":"Bay Avenue","ELEVTYP_F":0,"ELEVTYP_T":0},"geometry":{"type":"LineString","coordinates":[[-74.6557198648011,39.2022907552698],[-74.6558150989894,39.202391558229],[-74.6567330016967,39.2033976037944],[-74.6575313557196,39.2042727765586],[-74.6576087318223,39.2043599869666],[-74.6576720850831,39.2044418067974],[-74.6577354220569,39.2045318088821],[-74.6577988183191,39.2046327118324],[-74.6578028875025,39.2046401949466],[-74.6578551638852,39.2047363691383],[-74.6579045820093,39.2048673292457],[-74.6579575192247,39.2050092404898],[-74.6579859103557,39.2051429198516],[-74.6580071700281,39.2052438789089],[-74.6580144859522,39.2053748960515],[-74.6580148040268,39.2055168506872],[-74.6579975707029,39.2056533646706],[-74.6579628458609,39.2058117313501],[-74.6579140859652,39.2059755814924],[-74.6578442688378,39.2061285312366],[-74.6577604175937,39.2062869643924],[-74.6576590071689,39.2064372389826],[-74.6575364777568,39.2065656860342],[-74.6574174893454,39.2066996196467],[-74.657266939193,39.2068444967225],[-74.6570603959021,39.2070440332608],[-74.6563741517185,39.2077028093089],[-74.6560205641144,39.2080417514276],[-74.6555093934284,39.2085419951946],[-74.6551942949668,39.2088453806692],[-74.6545220457482,39.2094959447222],[-74.6535731338007,39.2103979948873],[-74.6527818551776,39.2111688045399],[-74.651832929023,39.212084487024],[-74.6515493108296,39.2123523737043],[-74.6510065461399,39.2128799039609],[-74.6505968229602,39.2132516581506],[-74.650060911714,39.2137054798221],[-74.6496755578612,39.2140062498235],[-74.649209646753,39.2143698889948],[-74.6488908919294,39.21462139465],[-74.6485826229375,39.2148756597106],[-74.6483024244072,39.2151189872513],[-74.6482375180915,39.2151785869037],[-74.6480642799384,39.2153376589562],[-74.6478576384462,39.2155317425277],[-74.6477245583334,39.2156602203975],[-74.647650492483,39.215738183072],[-74.6475419220286,39.21585046334]]}},{"type":"Feature","id":211937,"properties":{"OBJECTID":211937,"PRIMENAME":"Gardens Parkway","ELEVTYP_F":0,"ELEVTYP_T":0},"geometry":{"type":"LineString","coordinates":[[-74.557316686682,39.295593552489],[-74.5571322246298,39.2959360050489]]}},{"type":"Feature","id":212176,"properties":{"OBJECTID":212176,"PRIMENAME":"Pinnacle Road","ELEVTYP_F":0,"ELEVTYP_T":0},"geometry":{"type":"LineString","coordinates":[[-74.5576666753153,39.2883742886424],[-74.5578929150452,39.288420441623],[-74.5580784357586,39.288446268545],[-74.5582453277661,39.2884634827365],[-74.5584567708217,39.288474909077],[-74.5586236869059,39.2884777077807],[-74.5588128623363,39.2884804959043],[-74.5590057028516,39.2884717765808],[-74.5591948612661,39.2884543550802],[-74.5594248250554,39.2884312012496],[-74.5596362241868,39.2883907309898],[-74.5598586996037,39.2883300744656],[-74.5600670659165,39.2882559701367]]}},{"type":"Feature","id":212195,"properties":{"OBJECTID":212195,"PRIMENAME":"30th Street","ELEVTYP_F":0,"ELEVTYP_T":0},"geometry":{"type":"LineString","coordinates":[[-74.6048107120236,39.2552095191426],[-74.6044807121821,39.2549934526429]]}},{"type":"Feature","id":212286,"properties":{"OBJECTID":212286,"PRIMENAME":"East Edinburgh Road","ELEVTYP_F":0,"ELEVTYP_T":0},"geometry":{"type":"LineString","coordinates":[[-74.5574907402651,39.2952731523188],[-74.5574211427537,39.2952484204293],[-74.5573009621349,39.2952033134415],[-74.5571419689719,39.2951431501672],[-74.5570062611058,39.2950800106785],[-74.5568549959294,39.2950047427858],[-74.5566999097694,39.2949235176338],[-74.5565564855911,39.2948422604859],[-74.5564284716554,39.2947670077633],[-74.556222923246,39.2946375918419],[-74.5559397501175,39.2944297965124]]}},{"type":"Feature","id":212371,"properties":{"OBJECTID":212371,"PRIMENAME":"20th Street","ELEVTYP_F":0,"ELEVTYP_T":0},"geometry":{"type":"LineString","coordinates":[[-74.592492539648,39.2674963668821],[-74.5927262076542,39.2676904130847],[-74.5928063354173,39.2677568228443],[-74.592846577443,39.2677901788994]]}},{"type":"Feature","id":212456,"properties":{"OBJECTID":212456,"PRIMENAME":"Asbury Avenue","ELEVTYP_F":0,"ELEVTYP_T":0},"geometry":{"type":"LineString","coordinates":[[-74.600902526852,39.2606771472251],[-74.6005585513029,39.2609962502624],[-74.6002805480854,39.2612654609506],[-74.6001931677691,39.2613397524108],[-74.6001137121019,39.2613985518149],[-74.5993604162064,39.2619473803286]]}},{"type":"Feature","id":212494,"properties":{"OBJECTID":212494,"PRIMENAME":"Central Avenue","ELEVTYP_F":0,"ELEVTYP_T":0},"geometry":{"type":"LineString","coordinates":[[-74.5871435401775,39.2698068669313],[-74.5866265132598,39.2701850076195],[-74.5857051294846,39.270856001101]]}},{"type":"Feature","id":212824,"properties":{"OBJECTID":212824,"PRIMENAME":"Stanhope Road","ELEVTYP_F":0,"ELEVTYP_T":0},"geometry":{"type":"LineString","coordinates":[[-74.6423229956993,39.265101577742],[-74.6427078038227,39.2647409339933],[-74.643078366386,39.2643975392194]]}},{"type":"Feature","id":213181,"properties":{"OBJECTID":213181,"PRIMENAME":"East 9th Street","ELEVTYP_F":0,"ELEVTYP_T":0},"geometry":{"type":"LineString","coordinates":[[-74.5769354205261,39.279440969176],[-74.5765866860022,39.2791427125736]]}},{"type":"Feature","id":213199,"properties":{"OBJECTID":213199,"PRIMENAME":"22nd Street","ELEVTYP_F":0,"ELEVTYP_T":0},"geometry":{"type":"LineString","coordinates":[[-74.5933136806544,39.2636852878512],[-74.593160753109,39.2635554429431]]}},{"type":"Feature","id":213400,"properties":{"OBJECTID":213400,"PRIMENAME":"West Surf Road","ELEVTYP_F":0,"ELEVTYP_T":0},"geometry":{"type":"LineString","coordinates":[[-74.5624801129453,39.2913532777885],[-74.5624761368739,39.2913548248289],[-74.5624038905446,39.2913696081998],[-74.562344463734,39.2913756530113],[-74.562124578786,39.2913786261449],[-74.5620045572209,39.2913888486741]]}},{"type":"Feature","id":213524,"properties":{"OBJECTID":213524,"PRIMENAME":"Unnamed Segment","ELEVTYP_F":0,"ELEVTYP_T":0},"geometry":{"type":"LineString","coordinates":[[-74.6038124255116,39.2585639548396],[-74.6035714673492,39.258790910677],[-74.6025482992096,39.259735905122]]}},{"type":"Feature","id":213636,"properties":{"OBJECTID":213636,"PRIMENAME":"Unnamed Segment","ELEVTYP_F":0,"ELEVTYP_T":0},"geometry":{"type":"LineString","coordinates":[[-74.5611765823221,39.2912087019259],[-74.5613104086171,39.2913478109687],[-74.5614750753185,39.2915172170768]]}},{"type":"Feature","id":213789,"properties":{"OBJECTID":213789,"PRIMENAME":"East 6th Street","ELEVTYP_F":0,"ELEVTYP_T":0},"geometry":{"type":"LineString","coordinates":[[-74.5743705230457,39.2839087250798],[-74.574769976871,39.2842116776171]]}},{"type":"Feature","id":213820,"properties":{"OBJECTID":213820,"PRIMENAME":"Simpson Avenue","ELEVTYP_F":0,"ELEVTYP_T":0},"geometry":{"type":"LineString","coordinates":[[-74.6147696582845,39.251641399043],[-74.615025867163,39.2514046568846],[-74.6153370783798,39.2511151424442],[-74.6155386272287,39.2509056906397],[-74.6158002533039,39.2506162511437],[-74.6160972734306,39.2502910264753]]}},{"type":"Feature","id":213904,"properties":{"OBJECTID":213904,"PRIMENAME":"Unnamed Segment","ELEVTYP_F":0,"ELEVTYP_T":0},"geometry":{"type":"LineString","coordinates":[[-74.5592619590383,39.2898377174865],[-74.5592193386743,39.2898284868444],[-74.5591760160631,39.289823675969],[-74.5591419949184,39.2898309142325],[-74.5591172068076,39.2898501746531],[-74.5590924627195,39.2898790720239],[-74.5590202952201,39.2901124661776],[-74.559009425581,39.2901283963914],[-74.5589940300447,39.2901413363718],[-74.5589723091747,39.2901523301786],[-74.5589457800417,39.2901595375649]]}},{"type":"Feature","id":213911,"properties":{"OBJECTID":213911,"PRIMENAME":"1st Street","ELEVTYP_F":0,"ELEVTYP_T":0},"geometry":{"type":"LineString","coordinates":[[-74.5632653286783,39.2862051546004],[-74.5628243659571,39.2858660243314]]}},{"type":"Feature","id":213966,"properties":{"OBJECTID":213966,"PRIMENAME":"Unnamed Segment","ELEVTYP_F":0,"ELEVTYP_T":0},"geometry":{"type":"LineString","coordinates":[[-74.6012786725204,39.2609203659119],[-74.6009785102546,39.2612020631506],[-74.6007420613356,39.2614339240286],[-74.6006034278503,39.2615546634037],[-74.6004688731763,39.2616626866544],[-74.6003179789907,39.2617802509461],[-74.6001548369075,39.2619041682808],[-74.5998734511697,39.2621075657177],[-74.5997016179184,39.2622307484858]]}},{"type":"Feature","id":214301,"properties":{"OBJECTID":214301,"PRIMENAME":"Brighton Place","ELEVTYP_F":0,"ELEVTYP_T":0},"geometry":{"type":"LineString","coordinates":[[-74.5634189972589,39.2787724069385],[-74.5635920371978,39.2789048964777],[-74.5641272577116,39.2793146815174]]}},{"type":"Feature","id":214633,"properties":{"OBJECTID":214633,"PRIMENAME":"18th Street","ELEVTYP_F":0,"ELEVTYP_T":0},"geometry":{"type":"LineString","coordinates":[[-74.5899651344413,39.2698949999621],[-74.5899991521763,39.269923200079],[-74.5903478150334,39.2702120809052]]}},{"type":"Feature","id":214831,"properties":{"OBJECTID":214831,"PRIMENAME":"West Atlantic Boulevard","ELEVTYP_F":0,"ELEVTYP_T":0},"geometry":{"type":"LineString","coordinates":[[-74.5603370463723,39.2934444188701],[-74.5603670431595,39.2934415477217],[-74.5605480465503,39.2934164947139],[-74.5607981032806,39.2933616152699],[-74.5609588857349,39.2933271279841],[-74.5611421195443,39.2932679164936],[-74.561474930582,39.2931308130018],[-74.5618003611436,39.2929591164807],[-74.5618556261405,39.2929199338913]]}},{"type":"Feature","id":214890,"properties":{"OBJECTID":214890,"PRIMENAME":"West 15th Street","ELEVTYP_F":0,"ELEVTYP_T":0},"geometry":{"type":"LineString","coordinates":[[-74.5890213670667,39.2758507402006],[-74.587907343181,39.2749220249538]]}},{"type":"Feature","id":214950,"properties":{"OBJECTID":214950,"PRIMENAME":"North Street","ELEVTYP_F":0,"ELEVTYP_T":0},"geometry":{"type":"LineString","coordinates":[[-74.5668502680962,39.2910926791264],[-74.5670446074905,39.2912403415443],[-74.5672196774788,39.291376179784]]}},{"type":"Feature","id":215032,"properties":{"OBJECTID":215032,"PRIMENAME":"East 16th Street","ELEVTYP_F":0,"ELEVTYP_T":0},"geometry":{"type":"LineString","coordinates":[[-74.5874630890849,39.2723153320156],[-74.5878366118551,39.2726236692536]]}},{"type":"Feature","id":215095,"properties":{"OBJECTID":215095,"PRIMENAME":"Bay Avenue","ELEVTYP_F":0,"ELEVTYP_T":0},"geometry":{"type":"LineString","coordinates":[[-74.608023802827,39.2592870535405],[-74.6079967873935,39.2593123395317],[-74.6075925404713,39.259687614551],[-74.606763022254,39.2604628081411],[-74.6067568501099,39.2604685250289]]}},{"type":"Feature","id":215266,"properties":{"OBJECTID":215266,"PRIMENAME":"Bay Avenue","ELEVTYP_F":0,"ELEVTYP_T":0},"geometry":{"type":"LineString","coordinates":[[-74.6042281078006,39.2628249129161],[-74.6037856594885,39.2632374947215],[-74.6035044400995,39.2635032017505],[-74.603388415583,39.2636017937478],[-74.6031986166353,39.2637552274557],[-74.6030122222178,39.2638949301769],[-74.602790674576,39.2640538286683],[-74.6024214408147,39.2643278469388],[-74.6023207414725,39.2644011364414]]}},{"type":"Feature","id":215384,"properties":{"OBJECTID":215384,"PRIMENAME":"Unnamed Segment","ELEVTYP_F":0,"ELEVTYP_T":0},"geometry":{"type":"LineString","coordinates":[[-74.6372226915223,39.2276375593971],[-74.6375469944855,39.227246953665],[-74.638307481665,39.2263492959772]]}},{"type":"Feature","id":215646,"properties":{"OBJECTID":215646,"PRIMENAME":"Bay Avenue","ELEVTYP_F":0,"ELEVTYP_T":0},"geometry":{"type":"LineString","coordinates":[[-74.5922322325948,39.2717693459215],[-74.591994090267,39.2719438597967],[-74.591690976705,39.2721651446476],[-74.5916264242458,39.2722122670699]]}},{"type":"Feature","id":215719,"properties":{"OBJECTID":215719,"PRIMENAME":"Merion Place","ELEVTYP_F":0,"ELEVTYP_T":0},"geometry":{"type":"LineString","coordinates":[[-74.6270533617791,39.234173397529],[-74.6278746655484,39.2346316394764]]}},{"type":"Feature","id":216030,"properties":{"OBJECTID":216030,"PRIMENAME":"Lincoln Avenue","ELEVTYP_F":0,"ELEVTYP_T":0},"geometry":{"type":"LineString","coordinates":[[-74.6316288254854,39.2846945279148],[-74.6316765678431,39.2846809922479],[-74.6317069022059,39.2846539675427],[-74.6319835797245,39.2840701366526],[-74.6320008625573,39.2840262677957]]}},{"type":"Feature","id":216068,"properties":{"OBJECTID":216068,"PRIMENAME":"Atlantic Avenue","ELEVTYP_F":0,"ELEVTYP_T":0},"geometry":{"type":"LineString","coordinates":[[-74.56542072994,39.2824573340023],[-74.5650646511161,39.2827387493124]]}},{"type":"Feature","id":216709,"properties":{"OBJECTID":216709,"PRIMENAME":"Bay Avenue","ELEVTYP_F":0,"ELEVTYP_T":0},"geometry":{"type":"LineString","coordinates":[[-74.5821373288121,39.2791308022408],[-74.5816875898306,39.2794576107649],[-74.5814126485602,39.2796585974521]]}},{"type":"Feature","id":216873,"properties":{"OBJECTID":216873,"PRIMENAME":"FR CO 623 WB TO BAY AVE","ELEVTYP_F":0,"ELEVTYP_T":0},"geometry":{"type":"LineString","coordinates":[[-74.6138986317195,39.2529777738377],[-74.6141039517149,39.2531068413838],[-74.614144751088,39.2531348900577],[-74.6141811524348,39.2531730205689],[-74.6142310415834,39.2532525974527],[-74.6142662740187,39.2533321607695],[-74.6142898118088,39.2534299403422],[-74.614290029824,39.2534557505919]]}},{"type":"Feature","id":216882,"properties":{"OBJECTID":216882,"PRIMENAME":"57th Street","ELEVTYP_F":0,"ELEVTYP_T":0},"geometry":{"type":"LineString","coordinates":[[-74.6377182726444,39.2223828448849],[-74.6381556464795,39.2226030565843]]}},{"type":"Feature","id":216916,"properties":{"OBJECTID":216916,"PRIMENAME":"Unnamed Segment","ELEVTYP_F":0,"ELEVTYP_T":0},"geometry":{"type":"LineString","coordinates":[[-74.5753729140369,39.2825102677123],[-74.5756003196115,39.2823332962109],[-74.5766680555146,39.2814837069492],[-74.5766925138119,39.2814603523524],[-74.5767164031864,39.2814340055954],[-74.5767476162628,39.2813847542164]]}},{"type":"Feature","id":216962,"properties":{"OBJECTID":216962,"PRIMENAME":"56th Street","ELEVTYP_F":0,"ELEVTYP_T":0},"geometry":{"type":"LineString","coordinates":[[-74.637075013944,39.2238952691407],[-74.6366419429866,39.2236758438216]]}},{"type":"Feature","id":216988,"properties":{"OBJECTID":216988,"PRIMENAME":"Tuckahoe Road","ELEVTYP_F":0,"ELEVTYP_T":0},"geometry":{"type":"LineString","coordinates":[[-74.6553129985345,39.266850510939],[-74.6546998044233,39.266994762567]]}},{"type":"Feature","id":217000,"properties":{"OBJECTID":217000,"PRIMENAME":"Unnamed Segment","ELEVTYP_F":0,"ELEVTYP_T":0},"geometry":{"type":"LineString","coordinates":[[-74.5983335419514,39.2610969140014],[-74.5981001725691,39.2612645993725],[-74.5977353094586,39.261534398691],[-74.5973858932635,39.2617897410162],[-74.5969684797775,39.2620932997106],[-74.5968936070918,39.2621487699532]]}},{"type":"Feature","id":217581,"properties":{"OBJECTID":217581,"PRIMENAME":"Asbury Avenue","ELEVTYP_F":0,"ELEVTYP_T":0},"geometry":{"type":"LineString","coordinates":[[-74.6228255992687,39.2387520997587],[-74.6221653493,39.2394715432324],[-74.6216687073575,39.2400071512952]]}},{"type":"Feature","id":217694,"properties":{"OBJECTID":217694,"PRIMENAME":"East 52nd Street","ELEVTYP_F":0,"ELEVTYP_T":0},"geometry":{"type":"LineString","coordinates":[[-74.6319147365216,39.2286156821663],[-74.6323273282085,39.228825262427]]}},{"type":"Feature","id":217766,"properties":{"OBJECTID":217766,"PRIMENAME":"East 4th Street","ELEVTYP_F":0,"ELEVTYP_T":0},"geometry":{"type":"LineString","coordinates":[[-74.5693102817616,39.2843504742381],[-74.5696574946336,39.2846154751371],[-74.5696615606015,39.2846186300832]]}},{"type":"Feature","id":217833,"properties":{"OBJECTID":217833,"PRIMENAME":"Unnamed Segment","ELEVTYP_F":0,"ELEVTYP_T":0},"geometry":{"type":"LineString","coordinates":[[-74.5620105239455,39.2804065893176],[-74.5623827193202,39.2806899674548]]}},{"type":"Feature","id":217973,"properties":{"OBJECTID":217973,"PRIMENAME":"Park Place","ELEVTYP_F":0,"ELEVTYP_T":0},"geometry":{"type":"LineString","coordinates":[[-74.56542072994,39.2824573340023],[-74.5640829508066,39.2814425221673],[-74.56285355665,39.2804972122043],[-74.5627368910118,39.2804089459251]]}},{"type":"Feature","id":218052,"properties":{"OBJECTID":218052,"PRIMENAME":"West Seabright Road","ELEVTYP_F":0,"ELEVTYP_T":0},"geometry":{"type":"LineString","coordinates":[[-74.5601341739916,39.2902102748138],[-74.5601869433214,39.2901876504664],[-74.5602525315931,39.2901555743594],[-74.560468090465,39.2900170515432]]}},{"type":"Feature","id":218178,"properties":{"OBJECTID":218178,"PRIMENAME":"Unnamed Segment","ELEVTYP_F":0,"ELEVTYP_T":0},"geometry":{"type":"LineString","coordinates":[[-74.6212639945833,39.2397792107658],[-74.6209893053395,39.2400742230104],[-74.6201867476334,39.2409497884013],[-74.6201115318957,39.2410281470252]]}},{"type":"Feature","id":218566,"properties":{"OBJECTID":218566,"PRIMENAME":"East 12th Street","ELEVTYP_F":0,"ELEVTYP_T":0},"geometry":{"type":"LineString","coordinates":[[-74.5828246730765,39.2774464525321],[-74.5831376301302,39.2777067977704],[-74.5831998317035,39.2777580984126]]}},{"type":"Feature","id":218616,"properties":{"OBJECTID":218616,"PRIMENAME":"East 16th Street","ELEVTYP_F":0,"ELEVTYP_T":0},"geometry":{"type":"LineString","coordinates":[[-74.5885850813477,39.2732414091767],[-74.588915046682,39.2735137521216],[-74.5889569520347,39.2735488657227]]}},{"type":"Feature","id":218693,"properties":{"OBJECTID":218693,"PRIMENAME":"Haven Avenue","ELEVTYP_F":0,"ELEVTYP_T":0},"geometry":{"type":"LineString","coordinates":[[-74.6369266946076,39.2256471132815],[-74.6380005975178,39.2243643286258]]}},{"type":"Feature","id":218718,"properties":{"OBJECTID":218718,"PRIMENAME":"Pleasure Avenue","ELEVTYP_F":0,"ELEVTYP_T":0},"geometry":{"type":"LineString","coordinates":[[-74.5768837589286,39.2841808397025],[-74.5767684788428,39.2842717888187],[-74.5758293921567,39.2850126576601]]}},{"type":"Feature","id":219015,"properties":{"OBJECTID":219015,"PRIMENAME":"1st Street","ELEVTYP_F":0,"ELEVTYP_T":0},"geometry":{"type":"LineString","coordinates":[[-74.5678318392049,39.2896820266041],[-74.5674445449364,39.2893855501347]]}},{"type":"Feature","id":219121,"properties":{"OBJECTID":219121,"PRIMENAME":"West 52nd Street","ELEVTYP_F":0,"ELEVTYP_T":0},"geometry":{"type":"LineString","coordinates":[[-74.6355482289688,39.2304496964062],[-74.6355774861628,39.2304626496127],[-74.6356882503147,39.2305074134665],[-74.6358230913379,39.2305334785542],[-74.6360314634983,39.2305563813048]]}},{"type":"Feature","id":219203,"properties":{"OBJECTID":219203,"PRIMENAME":"Bay Avenue","ELEVTYP_F":0,"ELEVTYP_T":0},"geometry":{"type":"LineString","coordinates":[[-74.6146130016496,39.2531590866943],[-74.6145233423523,39.2532414437241],[-74.6143740300412,39.2533785934644],[-74.614290029824,39.2534557505919]]}},{"type":"Feature","id":219553,"properties":{"OBJECTID":219553,"PRIMENAME":"Randolf Boulevard","ELEVTYP_F":0,"ELEVTYP_T":0},"geometry":{"type":"LineString","coordinates":[[-74.6445729826044,39.2674966772562],[-74.6437972233646,39.2670095598545],[-74.643726819124,39.2669643272355],[-74.6436704962606,39.2669281412889]]}},{"type":"Feature","id":219684,"properties":{"OBJECTID":219684,"PRIMENAME":"Annie Avenue","ELEVTYP_F":0,"ELEVTYP_T":0},"geometry":{"type":"LineString","coordinates":[[-74.5976445783302,39.3103641691712],[-74.5961053713247,39.3095068432614]]}},{"type":"Feature","id":219728,"properties":{"OBJECTID":219728,"PRIMENAME":"Haven Avenue","ELEVTYP_F":0,"ELEVTYP_T":0},"geometry":{"type":"LineString","coordinates":[[-74.577714833552,39.2800434915722],[-74.577927016297,39.2798815729459],[-74.5790002032588,39.2790684208909],[-74.5791928468084,39.2789408065855]]}},{"type":"Feature","id":219851,"properties":{"OBJECTID":219851,"PRIMENAME":"East 6th Street","ELEVTYP_F":0,"ELEVTYP_T":0},"geometry":{"type":"LineString","coordinates":[[-74.5713685381861,39.2816130493813],[-74.5716184793833,39.2818049583173],[-74.5717311627046,39.281890637272]]}},{"type":"Feature","id":219957,"properties":{"OBJECTID":219957,"PRIMENAME":"West Avenue","ELEVTYP_F":0,"ELEVTYP_T":0},"geometry":{"type":"LineString","coordinates":[[-74.5899651344413,39.2698949999621],[-74.5896449410429,39.2701291547158],[-74.5885193867158,39.2709481561697]]}},{"type":"Feature","id":220045,"properties":{"OBJECTID":220045,"PRIMENAME":"Haven Avenue","ELEVTYP_F":0,"ELEVTYP_T":0},"geometry":{"type":"LineString","coordinates":[[-74.6347696933714,39.2282277633591],[-74.6353335309911,39.2275564094922],[-74.6358458895492,39.226940329238]]}},{"type":"Feature","id":220681,"properties":{"OBJECTID":220681,"PRIMENAME":"Gardens Parkway","ELEVTYP_F":0,"ELEVTYP_T":0},"geometry":{"type":"LineString","coordinates":[[-74.5581356277826,39.2939440490483],[-74.5581098630275,39.2940236871811],[-74.5580404021644,39.2942067504073],[-74.5579014570571,39.2945021749879],[-74.5578398261851,39.2946243892145]]}},{"type":"Feature","id":221333,"properties":{"OBJECTID":221333,"PRIMENAME":"Haven Avenue","ELEVTYP_F":0,"ELEVTYP_T":0},"geometry":{"type":"LineString","coordinates":[[-74.5849573671892,39.2747301476579],[-74.5850321215736,39.2746758932905],[-74.5863974508025,39.2736758874592]]}},{"type":"Feature","id":221454,"properties":{"OBJECTID":221454,"PRIMENAME":"Bass Court","ELEVTYP_F":0,"ELEVTYP_T":0},"geometry":{"type":"LineString","coordinates":[[-74.6030225534138,39.2696669474619],[-74.6030635538747,39.2697369475021],[-74.6030995525661,39.2697729485734],[-74.6031335531597,39.2698159489993],[-74.603170553534,39.2698529490749],[-74.6032135518644,39.2698879475978],[-74.603258553927,39.2699189482752],[-74.6033285522418,39.269914947785],[-74.6033725546262,39.2698949473862],[-74.6034395542006,39.2698629482962],[-74.6035165531606,39.2698209474448],[-74.6035655529153,39.2697869482384],[-74.6035965531649,39.2697479483397],[-74.6036115544288,39.2697009471419],[-74.6036165534438,39.2696549493512],[-74.6036195535487,39.2696059490925],[-74.6036195535506,39.2695579487144],[-74.6036195527357,39.2694519488172]]}},{"type":"Feature","id":221477,"properties":{"OBJECTID":221477,"PRIMENAME":"Gardens Parkway","ELEVTYP_F":0,"ELEVTYP_T":0},"geometry":{"type":"LineString","coordinates":[[-74.558191305503,39.2945274831435],[-74.5582921284024,39.2943251842477],[-74.5583946128079,39.2940401008808]]}},{"type":"Feature","id":221488,"properties":{"OBJECTID":221488,"PRIMENAME":"East 14th Street","ELEVTYP_F":0,"ELEVTYP_T":0},"geometry":{"type":"LineString","coordinates":[[-74.5857016296428,39.2753474702601],[-74.5853280645718,39.2750381102235]]}},{"type":"Feature","id":221596,"properties":{"OBJECTID":221596,"PRIMENAME":"Roosevelt Boulevard","ELEVTYP_F":0,"ELEVTYP_T":0},"geometry":{"type":"LineString","coordinates":[[-74.6438116311545,39.2626351482955],[-74.643199361866,39.2622382681232]]}},{"type":"Feature","id":221700,"properties":{"OBJECTID":221700,"PRIMENAME":"Simpson Road","ELEVTYP_F":0,"ELEVTYP_T":0},"geometry":{"type":"LineString","coordinates":[[-74.5660485234258,39.2904835903054],[-74.5644640924158,39.2917390183379],[-74.5643185851283,39.2918557090839],[-74.5642896003844,39.2918842801911],[-74.5642808510281,39.2918991665713]]}},{"type":"Feature","id":221738,"properties":{"OBJECTID":221738,"PRIMENAME":"East 8th Street","ELEVTYP_F":0,"ELEVTYP_T":0},"geometry":{"type":"LineString","coordinates":[[-74.5770726714028,39.2816320655084],[-74.577493376572,39.2819521554065]]}},{"type":"Feature","id":221880,"properties":{"OBJECTID":221880,"PRIMENAME":"Pleasure Avenue","ELEVTYP_F":0,"ELEVTYP_T":0},"geometry":{"type":"LineString","coordinates":[[-74.5910512078086,39.2760431826511],[-74.5914313264627,39.2757730362043],[-74.5914995538207,39.2757275135935],[-74.591548841878,39.2757052614697]]}},{"type":"Feature","id":221901,"properties":{"OBJECTID":221901,"PRIMENAME":"Unnamed Segment","ELEVTYP_F":0,"ELEVTYP_T":0},"geometry":{"type":"LineString","coordinates":[[-74.5989981133278,39.2638863578362],[-74.6001157046675,39.2630721480218],[-74.6004359413572,39.2628405180217]]}},{"type":"Feature","id":222050,"properties":{"OBJECTID":222050,"PRIMENAME":"Holly Hills Drive","ELEVTYP_F":0,"ELEVTYP_T":0},"geometry":{"type":"LineString","coordinates":[[-74.6026931276712,39.3093728295289],[-74.6025370754015,39.3097634533471]]}},{"type":"Feature","id":222087,"properties":{"OBJECTID":222087,"PRIMENAME":"Tennessee Avenue","ELEVTYP_F":0,"ELEVTYP_T":0},"geometry":{"type":"LineString","coordinates":[[-74.6026016759499,39.2698936401285],[-74.6028458491908,39.27009781616],[-74.603039035928,39.270257628909],[-74.6034365118176,39.2705864418765]]}},{"type":"Feature","id":222458,"properties":{"OBJECTID":222458,"PRIMENAME":"Bay Avenue","ELEVTYP_F":0,"ELEVTYP_T":0},"geometry":{"type":"LineString","coordinates":[[-74.5710097301213,39.2878051988786],[-74.5704962917775,39.2882105847518],[-74.5696280966953,39.2888947057593]]}},{"type":"Feature","id":222552,"properties":{"OBJECTID":222552,"PRIMENAME":"Boardwalk","ELEVTYP_F":0,"ELEVTYP_T":0},"geometry":{"type":"LineString","coordinates":[[-74.5856168810686,39.2685336456514],[-74.5856672543095,39.2685048606175],[-74.5857113601463,39.2684798113868],[-74.5861137759825,39.2682150623752],[-74.586879087718,39.2677098884605],[-74.5869443059041,39.2676555192071],[-74.587122110917,39.267541110507]]}},{"type":"Feature","id":222602,"properties":{"OBJECTID":222602,"PRIMENAME":"East 10th Street","ELEVTYP_F":0,"ELEVTYP_T":0},"geometry":{"type":"LineString","coordinates":[[-74.5762996912266,39.2765498785497],[-74.5759346477512,39.2762472651396]]}},{"type":"Feature","id":223208,"properties":{"OBJECTID":223208,"PRIMENAME":"Seacrest Road","ELEVTYP_F":0,"ELEVTYP_T":0},"geometry":{"type":"LineString","coordinates":[[-74.5550608958652,39.2941002910915],[-74.5545687229739,39.2944907696752],[-74.5540169921958,39.2949141951595]]}},{"type":"Feature","id":223498,"properties":{"OBJECTID":223498,"PRIMENAME":"East Atlantic Boulevard","ELEVTYP_F":0,"ELEVTYP_T":0},"geometry":{"type":"LineString","coordinates":[[-74.5583457730295,39.2931388207872],[-74.5584530393761,39.2932086453927],[-74.5584658703411,39.2932140474734]]}},{"type":"Feature","id":223539,"properties":{"OBJECTID":223539,"PRIMENAME":"Rosemar Lane","ELEVTYP_F":0,"ELEVTYP_T":0},"geometry":{"type":"LineString","coordinates":[[-74.5969834309772,39.2708919647363],[-74.5973442156056,39.2706234345503]]}},{"type":"Feature","id":223544,"properties":{"OBJECTID":223544,"PRIMENAME":"Roosevelt Boulevard","ELEVTYP_F":0,"ELEVTYP_T":0},"geometry":{"type":"LineString","coordinates":[[-74.6464987799027,39.264279201747],[-74.6460514540869,39.2640300678156],[-74.6458936346089,39.2639421830631],[-74.6458245312618,39.2639003704866]]}},{"type":"Feature","id":223630,"properties":{"OBJECTID":223630,"PRIMENAME":"3rd Street","ELEVTYP_F":0,"ELEVTYP_T":0},"geometry":{"type":"LineString","coordinates":[[-74.5686462519335,39.2859969751435],[-74.5682779270198,39.2857147951072]]}},{"type":"Feature","id":223666,"properties":{"OBJECTID":223666,"PRIMENAME":"Central Avenue","ELEVTYP_F":0,"ELEVTYP_T":0},"geometry":{"type":"LineString","coordinates":[[-74.6185388811862,39.2420494393092],[-74.6174330178971,39.2432375646966],[-74.6173860004426,39.2432892322086]]}},{"type":"Feature","id":223820,"properties":{"OBJECTID":223820,"PRIMENAME":"18th Street","ELEVTYP_F":0,"ELEVTYP_T":0},"geometry":{"type":"LineString","coordinates":[[-74.587122110917,39.267541110507],[-74.5872434958229,39.2676334207364],[-74.5874161558273,39.267777221283]]}},{"type":"Feature","id":224127,"properties":{"OBJECTID":224127,"PRIMENAME":"48th Street","ELEVTYP_F":0,"ELEVTYP_T":0},"geometry":{"type":"LineString","coordinates":[[-74.6274353631318,39.2337588412823],[-74.6270327564384,39.2335342954459]]}},{"type":"Feature","id":224635,"properties":{"OBJECTID":224635,"PRIMENAME":"53rd Street","ELEVTYP_F":0,"ELEVTYP_T":0},"geometry":{"type":"LineString","coordinates":[[-74.6361446320099,39.2289217967958],[-74.6356903679534,39.2286924261351]]}},{"type":"Feature","id":224889,"properties":{"OBJECTID":224889,"PRIMENAME":"Simpson Avenue","ELEVTYP_F":0,"ELEVTYP_T":0},"geometry":{"type":"LineString","coordinates":[[-74.6015754297201,39.2637622838184],[-74.602154849176,39.2633371238593],[-74.602453913551,39.2631229144257],[-74.6025260686998,39.2630720282081],[-74.602618821141,39.2629756537803],[-74.603137632844,39.2624884349213],[-74.603254487717,39.2623786667896],[-74.6032956508828,39.2623412064288],[-74.6033369081953,39.2623197536227]]}},{"type":"Feature","id":224943,"properties":{"OBJECTID":224943,"PRIMENAME":"Simpson Avenue","ELEVTYP_F":0,"ELEVTYP_T":0},"geometry":{"type":"LineString","coordinates":[[-74.613534284358,39.2528242865294],[-74.6146439153984,39.2517575024555],[-74.6147696582845,39.251641399043]]}},{"type":"Feature","id":225003,"properties":{"OBJECTID":225003,"PRIMENAME":"36th Street","ELEVTYP_F":0,"ELEVTYP_T":0},"geometry":{"type":"LineString","coordinates":[[-74.6120009650127,39.2478488161612],[-74.6123672397941,39.2480551346363]]}},{"type":"Feature","id":225397,"properties":{"OBJECTID":225397,"PRIMENAME":"Haven Avenue","ELEVTYP_F":0,"ELEVTYP_T":0},"geometry":{"type":"LineString","coordinates":[[-74.5892721658682,39.271574895014],[-74.5893530544472,39.2715158002263],[-74.5907128892613,39.2705139080349]]}},{"type":"Feature","id":225536,"properties":{"OBJECTID":225536,"PRIMENAME":"52nd Street","ELEVTYP_F":0,"ELEVTYP_T":0},"geometry":{"type":"LineString","coordinates":[[-74.6306682479284,39.2279826300648],[-74.6310828111377,39.2281932016601]]}},{"type":"Feature","id":225835,"properties":{"OBJECTID":225835,"PRIMENAME":"Bayview Place","ELEVTYP_F":0,"ELEVTYP_T":0},"geometry":{"type":"LineString","coordinates":[[-74.5871773833948,39.275453595188],[-74.5882901624177,39.2763767439879]]}},{"type":"Feature","id":225844,"properties":{"OBJECTID":225844,"PRIMENAME":"15th Street","ELEVTYP_F":0,"ELEVTYP_T":0},"geometry":{"type":"LineString","coordinates":[[-74.5839143281921,39.271622289006],[-74.5837611863886,39.2714954372327],[-74.5835104161338,39.2712865038291]]}},{"type":"Feature","id":226042,"properties":{"OBJECTID":226042,"PRIMENAME":"Unnamed Segment","ELEVTYP_F":0,"ELEVTYP_T":0},"geometry":{"type":"LineString","coordinates":[[-74.6174451863517,39.2452200229006],[-74.6176573762207,39.244989826663],[-74.618606686683,39.2439637737289]]}},{"type":"Feature","id":226337,"properties":{"OBJECTID":226337,"PRIMENAME":"Keats Avenue","ELEVTYP_F":0,"ELEVTYP_T":0},"geometry":{"type":"LineString","coordinates":[[-74.6312970987138,39.2774834336113],[-74.6306702345471,39.2779903106432],[-74.6302022469843,39.2783719942575],[-74.6301020463433,39.2784619461258]]}},{"type":"Feature","id":226519,"properties":{"OBJECTID":226519,"PRIMENAME":"15th Street","ELEVTYP_F":0,"ELEVTYP_T":0},"geometry":{"type":"LineString","coordinates":[[-74.5856394834853,39.2730499033757],[-74.5856038755716,39.2730204951657],[-74.5852824811022,39.2727550827796]]}},{"type":"Feature","id":226993,"properties":{"OBJECTID":226993,"PRIMENAME":"East Seaspray Road","ELEVTYP_F":0,"ELEVTYP_T":0},"geometry":{"type":"LineString","coordinates":[[-74.5535896209309,39.2921621534647],[-74.5535936552801,39.2921242054586],[-74.55361803825,39.2920799063088],[-74.5538010816371,39.2919058815963],[-74.5541073515206,39.2915693085322]]}},{"type":"Feature","id":227017,"properties":{"OBJECTID":227017,"PRIMENAME":"38th Street","ELEVTYP_F":0,"ELEVTYP_T":0},"geometry":{"type":"LineString","coordinates":[[-74.6146656908911,39.2455690830757],[-74.6150788178828,39.2457953074967]]}},{"type":"Feature","id":227248,"properties":{"OBJECTID":227248,"PRIMENAME":"Bay Avenue","ELEVTYP_F":0,"ELEVTYP_T":0},"geometry":{"type":"LineString","coordinates":[[-74.5835876509998,39.278077998122],[-74.5828609681756,39.2786053012135],[-74.5826754825293,39.2787398951793],[-74.582674041889,39.2787409411558],[-74.5824791229935,39.2788823760407],[-74.5821373288121,39.2791308022408]]}},{"type":"Feature","id":227296,"properties":{"OBJECTID":227296,"PRIMENAME":"1st Avenue","ELEVTYP_F":0,"ELEVTYP_T":0},"geometry":{"type":"LineString","coordinates":[[-74.6370172997116,39.2739643362759],[-74.6376438330296,39.2734562171598]]}},{"type":"Feature","id":227380,"properties":{"OBJECTID":227380,"PRIMENAME":"East 8th Street","ELEVTYP_F":0,"ELEVTYP_T":0},"geometry":{"type":"LineString","coordinates":[[-74.5748563949777,39.2799614283833],[-74.5752118452941,39.2802324476358]]}},{"type":"Feature","id":228146,"properties":{"OBJECTID":228146,"PRIMENAME":"East 9th Street","ELEVTYP_F":0,"ELEVTYP_T":0},"geometry":{"type":"LineString","coordinates":[[-74.5730507726894,39.276421348228],[-74.5739150699658,39.2770810642516]]}},{"type":"Feature","id":228325,"properties":{"OBJECTID":228325,"PRIMENAME":"East Newcastle Road","ELEVTYP_F":0,"ELEVTYP_T":0},"geometry":{"type":"LineString","coordinates":[[-74.5569179307217,39.2966206130394],[-74.5568375832705,39.296588171444],[-74.5567886299502,39.2965743019933]]}},{"type":"Feature","id":228342,"properties":{"OBJECTID":228342,"PRIMENAME":"Corinthian Avenue","ELEVTYP_F":0,"ELEVTYP_T":0},"geometry":{"type":"LineString","coordinates":[[-74.563085341501,39.2801324016889],[-74.563297268597,39.2799642221136],[-74.5634301884579,39.2798602246451]]}},{"type":"Feature","id":228354,"properties":{"OBJECTID":228354,"PRIMENAME":"Roosevelt Boulevard","ELEVTYP_F":0,"ELEVTYP_T":0},"geometry":{"type":"LineString","coordinates":[[-74.6501824864086,39.2665875555343],[-74.6498271439063,39.2663543531225],[-74.6491797043945,39.2659268255379],[-74.6486571994767,39.2655844312015]]}},{"type":"Feature","id":228845,"properties":{"OBJECTID":228845,"PRIMENAME":"West 13th Street","ELEVTYP_F":0,"ELEVTYP_T":0},"geometry":{"type":"LineString","coordinates":[[-74.5854748036134,39.2774145579922],[-74.585692604357,39.2775955019345]]}},{"type":"Feature","id":228958,"properties":{"OBJECTID":228958,"PRIMENAME":"2nd Street","ELEVTYP_F":0,"ELEVTYP_T":0},"geometry":{"type":"LineString","coordinates":[[-74.5599131839023,39.2814880692053],[-74.5606603993046,39.2820561819352]]}},{"type":"Feature","id":229070,"properties":{"OBJECTID":229070,"PRIMENAME":"35th Street","ELEVTYP_F":0,"ELEVTYP_T":0},"geometry":{"type":"LineString","coordinates":[[-74.6135130176203,39.2508272603524],[-74.6130922023361,39.2505558156677]]}},{"type":"Feature","id":229474,"properties":{"OBJECTID":229474,"PRIMENAME":"Unnamed Segment","ELEVTYP_F":0,"ELEVTYP_T":0},"geometry":{"type":"LineString","coordinates":[[-74.6084426161613,39.2555558061692],[-74.6085713000517,39.2554348747493],[-74.6096351849052,39.2544436607486],[-74.6097040567715,39.2543797300485]]}},{"type":"Feature","id":229513,"properties":{"OBJECTID":229513,"PRIMENAME":"Asbury Avenue","ELEVTYP_F":0,"ELEVTYP_T":0},"geometry":{"type":"LineString","coordinates":[[-74.6059614638836,39.2559629472053],[-74.6051934504917,39.2566852190921],[-74.6047076274247,39.2571359552066]]}},{"type":"Feature","id":229934,"properties":{"OBJECTID":229934,"PRIMENAME":"Caroline Lane","ELEVTYP_F":0,"ELEVTYP_T":0},"geometry":{"type":"LineString","coordinates":[[-74.6007992181761,39.2683948728656],[-74.5996726472334,39.2692169640054],[-74.5995415345871,39.2693126391181]]}},{"type":"Feature","id":230553,"properties":{"OBJECTID":230553,"PRIMENAME":"Bay Avenue","ELEVTYP_F":0,"ELEVTYP_T":0},"geometry":{"type":"LineString","coordinates":[[-74.595113790701,39.2696651557718],[-74.5949624366259,39.2697755752237]]}},{"type":"Feature","id":230758,"properties":{"OBJECTID":230758,"PRIMENAME":"East 4th Street","ELEVTYP_F":0,"ELEVTYP_T":0},"geometry":{"type":"LineString","coordinates":[[-74.5665363491715,39.2822347664141],[-74.566983632744,39.2825755538305]]}},{"type":"Feature","id":230955,"properties":{"OBJECTID":230955,"PRIMENAME":"East 11th Street","ELEVTYP_F":0,"ELEVTYP_T":0},"geometry":{"type":"LineString","coordinates":[[-74.5798704043978,39.2772574150444],[-74.5799027593565,39.2772843832873],[-74.5802548153667,39.2775781245524]]}},{"type":"Feature","id":232277,"properties":{"OBJECTID":232277,"PRIMENAME":"1st Avenue","ELEVTYP_F":0,"ELEVTYP_T":0},"geometry":{"type":"LineString","coordinates":[[-74.6308835035297,39.2789176546472],[-74.6318346504565,39.278127931009]]}},{"type":"Feature","id":232445,"properties":{"OBJECTID":232445,"PRIMENAME":"Central Avenue","ELEVTYP_F":0,"ELEVTYP_T":0},"geometry":{"type":"LineString","coordinates":[[-74.5658167004591,39.2859955056454],[-74.5662275493688,39.2856693024539],[-74.5672103151741,39.2849087822332]]}},{"type":"Feature","id":232574,"properties":{"OBJECTID":232574,"PRIMENAME":"31st Street","ELEVTYP_F":0,"ELEVTYP_T":0},"geometry":{"type":"LineString","coordinates":[[-74.6076182889529,39.2550221433925],[-74.607857193335,39.2551762049966],[-74.6079817364084,39.2552569233774],[-74.6080157448664,39.2552789944985]]}},{"type":"Feature","id":232613,"properties":{"OBJECTID":232613,"PRIMENAME":"Highland Avenue","ELEVTYP_F":0,"ELEVTYP_T":0},"geometry":{"type":"LineString","coordinates":[[-74.6324057269203,39.2787857045815],[-74.6323945835653,39.2787776170619],[-74.6323381037074,39.2787270784988],[-74.6321989374404,39.2785720763182],[-74.6318987729264,39.2782047930914],[-74.6318346504565,39.278127931009]]}},{"type":"Feature","id":232724,"properties":{"OBJECTID":232724,"PRIMENAME":"Allendale Road","ELEVTYP_F":0,"ELEVTYP_T":0},"geometry":{"type":"LineString","coordinates":[[-74.6424185712894,39.2680982273596],[-74.64180462913,39.2686782132282],[-74.6416773883444,39.2688151320014]]}},{"type":"Feature","id":233185,"properties":{"OBJECTID":233185,"PRIMENAME":"East 8th Street","ELEVTYP_F":0,"ELEVTYP_T":0},"geometry":{"type":"LineString","coordinates":[[-74.5767476162628,39.2813847542164],[-74.5770726714028,39.2816320655084]]}},{"type":"Feature","id":233433,"properties":{"OBJECTID":233433,"PRIMENAME":"Bark Drive","ELEVTYP_F":0,"ELEVTYP_T":0},"geometry":{"type":"LineString","coordinates":[[-74.6388317899071,39.2291649172684],[-74.6382413434861,39.2298670170158],[-74.6381165991946,39.2300210906116],[-74.6380577575263,39.2301157240279],[-74.6380127786025,39.2302048756571],[-74.637978238894,39.2302886621746],[-74.6379436737318,39.2303778293643],[-74.6379091519368,39.2304886055842],[-74.6378712314816,39.2306128946504],[-74.6378251908092,39.2308091047075]]}},{"type":"Feature","id":233572,"properties":{"OBJECTID":233572,"PRIMENAME":"Unnamed Segment","ELEVTYP_F":0,"ELEVTYP_T":0},"geometry":{"type":"LineString","coordinates":[[-74.560842467934,39.2909323846178],[-74.5608014771577,39.2909291387555],[-74.5607713325577,39.2909247062426],[-74.5607569110915,39.2909190295927],[-74.5607465861127,39.2909102763039],[-74.5606783916333,39.2908285173758],[-74.5604893270759,39.2905928422353]]}},{"type":"Feature","id":233730,"properties":{"OBJECTID":233730,"PRIMENAME":"Wistar Avenue","ELEVTYP_F":0,"ELEVTYP_T":0},"geometry":{"type":"LineString","coordinates":[[-74.6443819448469,39.2652348018773],[-74.6437371813125,39.2648167947455]]}},{"type":"Feature","id":233847,"properties":{"OBJECTID":233847,"PRIMENAME":"Central Avenue","ELEVTYP_F":0,"ELEVTYP_T":0},"geometry":{"type":"LineString","coordinates":[[-74.6266285615311,39.2333088716261],[-74.6262474421921,39.233723726082]]}},{"type":"Feature","id":233854,"properties":{"OBJECTID":233854,"PRIMENAME":"West Avenue","ELEVTYP_F":0,"ELEVTYP_T":0},"geometry":{"type":"LineString","coordinates":[[-74.6338394194712,39.2277591505501],[-74.6335183236537,39.2281404628165],[-74.6327659650201,39.2290475519669]]}},{"type":"Feature","id":233880,"properties":{"OBJECTID":233880,"PRIMENAME":"Pleasure Avenue","ELEVTYP_F":0,"ELEVTYP_T":0},"geometry":{"type":"LineString","coordinates":[[-74.5905823026685,39.2763904415912],[-74.5910415378049,39.2760500815043],[-74.5910512078086,39.2760431826511]]}},{"type":"Feature","id":233993,"properties":{"OBJECTID":233993,"PRIMENAME":"East 10th Street","ELEVTYP_F":0,"ELEVTYP_T":0},"geometry":{"type":"LineString","coordinates":[[-74.5788106472455,39.2786213316825],[-74.578553655259,39.278406512409],[-74.5784649366737,39.2783338110137],[-74.5784289394833,39.2783042639737]]}},{"type":"Feature","id":234114,"properties":{"OBJECTID":234114,"PRIMENAME":"Safe Harbor Drive","ELEVTYP_F":0,"ELEVTYP_T":0},"geometry":{"type":"LineString","coordinates":[[-74.6403355616102,39.2257229383588],[-74.6401755641755,39.2259169364714]]}},{"type":"Feature","id":234299,"properties":{"OBJECTID":234299,"PRIMENAME":"1st Avenue","ELEVTYP_F":0,"ELEVTYP_T":0},"geometry":{"type":"LineString","coordinates":[[-74.6344263184298,39.2760422672521],[-74.6347063730929,39.2758169560459],[-74.634894938085,39.275665119455]]}},{"type":"Feature","id":234421,"properties":{"OBJECTID":234421,"PRIMENAME":"Mays Landing Road","ELEVTYP_F":0,"ELEVTYP_T":0},"geometry":{"type":"LineString","coordinates":[[-74.600894979735,39.3088754814212],[-74.6012054540955,39.3089614264589],[-74.6024166298827,39.3092966882992],[-74.6025015509743,39.3093200735452]]}},{"type":"Feature","id":234429,"properties":{"OBJECTID":234429,"PRIMENAME":"Morris Avenue","ELEVTYP_F":0,"ELEVTYP_T":0},"geometry":{"type":"LineString","coordinates":[[-74.6372206361811,39.309121880551],[-74.6370726703281,39.3090219191311],[-74.6367169125151,39.3087742551231],[-74.6367105460565,39.3087698233724],[-74.6364866003394,39.3086128980435],[-74.6361124327405,39.3083507073536],[-74.6360831214001,39.3083307921211],[-74.6359115612905,39.3082142331054]]}},{"type":"Feature","id":234465,"properties":{"OBJECTID":234465,"PRIMENAME":"Gull Haven Drive","ELEVTYP_F":0,"ELEVTYP_T":0},"geometry":{"type":"LineString","coordinates":[[-74.5559222419849,39.2884996023584],[-74.5558169028192,39.2884854298465],[-74.5557556644245,39.2884777715835],[-74.5556944597749,39.2884687944707],[-74.5556580313071,39.2884688118903],[-74.5556133720834,39.288471387057],[-74.5555769887085,39.2884829907861],[-74.5555438966242,39.2885022814387],[-74.555522404575,39.2885344446839],[-74.5555059028034,39.2885781639769],[-74.5555109216846,39.2886244538602],[-74.5555258242499,39.2886591796984],[-74.5555622402279,39.2886887065429],[-74.5556118982196,39.2887067217697],[-74.555674799894,39.2887182789654],[-74.5558625492816,39.2887478701782]]}},{"type":"Feature","id":234590,"properties":{"OBJECTID":234590,"PRIMENAME":"Bay Avenue","ELEVTYP_F":0,"ELEVTYP_T":0},"geometry":{"type":"LineString","coordinates":[[-74.6387870373554,39.2265720359256],[-74.6379498122634,39.2275622640916],[-74.6376910559859,39.2278750896943]]}},{"type":"Feature","id":235051,"properties":{"OBJECTID":235051,"PRIMENAME":"Tonkin Court","ELEVTYP_F":0,"ELEVTYP_T":0},"geometry":{"type":"LineString","coordinates":[[-74.6071031427183,39.2611272189622],[-74.6076401288341,39.2614809164367]]}},{"type":"Feature","id":235327,"properties":{"OBJECTID":235327,"PRIMENAME":"Landing Lane","ELEVTYP_F":0,"ELEVTYP_T":0},"geometry":{"type":"LineString","coordinates":[[-74.6022261913102,39.3084168048463],[-74.6021164717755,39.3080668515765],[-74.6020892178088,39.3079869963877],[-74.6020509862153,39.3078749853233],[-74.6020337545909,39.3078376588378],[-74.6020165756372,39.3078110403216],[-74.6019822258529,39.307789736355],[-74.6019444573877,39.3077737619061],[-74.6018792381101,39.3077658296476],[-74.6018140740879,39.3077712131893],[-74.601288981294,39.3078857579652],[-74.6011760184643,39.3079103998671]]}},{"type":"Feature","id":235653,"properties":{"OBJECTID":235653,"PRIMENAME":"Atlantic Avenue","ELEVTYP_F":0,"ELEVTYP_T":0},"geometry":{"type":"LineString","coordinates":[[-74.5675047188243,39.2808102836483],[-74.5671589313168,39.2810848343077]]}},{"type":"Feature","id":236254,"properties":{"OBJECTID":236254,"PRIMENAME":"Bay Road","ELEVTYP_F":0,"ELEVTYP_T":0},"geometry":{"type":"LineString","coordinates":[[-74.5636316622523,39.2936360718182],[-74.5637231908823,39.2935635544],[-74.5639791498447,39.2933607619716]]}},{"type":"Feature","id":236305,"properties":{"OBJECTID":236305,"PRIMENAME":"East 7th Street","ELEVTYP_F":0,"ELEVTYP_T":0},"geometry":{"type":"LineString","coordinates":[[-74.5719744013148,39.2799167603595],[-74.5715918480261,39.279625895556]]}},{"type":"Feature","id":236560,"properties":{"OBJECTID":236560,"PRIMENAME":"51st Street","ELEVTYP_F":0,"ELEVTYP_T":0},"geometry":{"type":"LineString","coordinates":[[-74.6331146139234,39.2310626328162],[-74.6329454242229,39.2309769959327],[-74.6326008712219,39.2308025935663]]}},{"type":"Feature","id":236676,"properties":{"OBJECTID":236676,"PRIMENAME":"Nassau Walk","ELEVTYP_F":0,"ELEVTYP_T":0},"geometry":{"type":"LineString","coordinates":[[-74.5574784048666,39.2857614289534],[-74.5575703713659,39.2852841239458],[-74.5575811739817,39.2852307422435],[-74.5575732855421,39.2851751456557]]}},{"type":"Feature","id":236770,"properties":{"OBJECTID":236770,"PRIMENAME":"Garden State Parkway","ELEVTYP_F":1,"ELEVTYP_T":0},"geometry":{"type":"LineString","coordinates":[[-74.6248467270993,39.2880006893105],[-74.6249573294427,39.2876886967016],[-74.6250801029013,39.2873776250482],[-74.6251674078335,39.2871560392659],[-74.6252793194263,39.2869024820357],[-74.6253693368846,39.2866659854846],[-74.6254184279489,39.2865317598802],[-74.6254962899254,39.2863235593773],[-74.6255833831089,39.2861081927391],[-74.6256607639886,39.2858966127508],[-74.6257526895316,39.2856661339901],[-74.6258203418842,39.2854507881457],[-74.625907392428,39.2852127611303],[-74.6259895493547,39.2849558554264],[-74.6260668600472,39.2847065082844],[-74.6261780048308,39.2843551532837],[-74.6262746513412,39.2840491350894],[-74.6264050902482,39.2836184479128],[-74.6266926467498,39.2826807273254],[-74.6268299264546,39.2822623238381],[-74.6268496676385,39.2821988484777],[-74.6270724005757,39.2814826624899],[-74.6272872846982,39.2807852919232],[-74.6273519873889,39.2805912364535],[-74.6275114663307,39.2801129247138],[-74.6277082323778,39.2796094677282],[-74.6277267494683,39.2795620912183],[-74.6279282662916,39.279097158555],[-74.6281574193875,39.2786392512317],[-74.6283407750118,39.2782922661749],[-74.6285379488337,39.2779488346138],[-74.6287122396155,39.2776697331779],[-74.6288681903554,39.2774264828661],[-74.6290563115567,39.2771581006819],[-74.62919394536,39.2769648973715],[-74.629322467336,39.2767931471834],[-74.6294968096806,39.2765641815257],[-74.6297032948306,39.2763136798759],[-74.6299454866512,39.2760274438265],[-74.6299879031816,39.2759773143682],[-74.630272561749,39.2756695320847],[-74.6305204930497,39.2754082744995],[-74.6305249585706,39.2754038365472],[-74.6307546290963,39.2751756140616],[-74.6310897902725,39.2748642030629],[-74.6314617549388,39.2745313054611],[-74.6318934749069,39.2741732979218],[-74.6321185237179,39.2739978670422],[-74.6324367582557,39.2737629268326],[-74.6326375508265,39.273614688632],[-74.6331842223078,39.2732458651129],[-74.6332209014456,39.2732214405881],[-74.6336252326245,39.2729521997387],[-74.6339138498137,39.2727661518671],[-74.6341030552064,39.272644185228],[-74.634516503261,39.2723684232175],[-74.6352927953207,39.2718491336599],[-74.6357521299172,39.2715232596821],[-74.6359735120271,39.2713542799538],[-74.6361884149291,39.271190243888],[-74.6365099038076,39.270936026344],[-74.6366372817187,39.2708297446849],[-74.6368359473597,39.2706639824688],[-74.6371343933411,39.270406221194],[-74.6374236803703,39.2701448171153],[-74.6377129097944,39.2698728421163],[-74.6379562086939,39.2696329901164],[-74.6382132326705,39.2693681081505],[-74.6384198056121,39.2691533677583],[-74.6386767779536,39.2688634716494],[-74.6387084246751,39.2688274019255],[-74.6389750819016,39.2685234713902],[-74.6391540197632,39.2683051656564],[-74.6393696433676,39.2680260524954],[-74.6395760676557,39.2677576589391],[-74.6395922808556,39.2677351279259],[-74.639869600239,39.2673497597699],[-74.6402273009321,39.2668130368696],[-74.6402711203729,39.2667452899011],[-74.6404749225946,39.2664302045595],[-74.6407648679074,39.2659821657664],[-74.6407650436123,39.2659819457529],[-74.6409242418161,39.2657361219853],[-74.641277255923,39.2651958035014],[-74.6412789114395,39.2651932656737]]}},{"type":"Feature","id":236850,"properties":{"OBJECTID":236850,"PRIMENAME":"East 10th Street","ELEVTYP_F":0,"ELEVTYP_T":0},"geometry":{"type":"LineString","coordinates":[[-74.5747615732441,39.2752759311842],[-74.5746674514124,39.2751980136584],[-74.5737066565304,39.2744011606936]]}},{"type":"Feature","id":237293,"properties":{"OBJECTID":237293,"PRIMENAME":"North Street","ELEVTYP_F":0,"ELEVTYP_T":0},"geometry":{"type":"LineString","coordinates":[[-74.5578864801928,39.2842510864078],[-74.5582243860389,39.2845082456571]]}},{"type":"Feature","id":237315,"properties":{"OBJECTID":237315,"PRIMENAME":"Saint Davids Place","ELEVTYP_F":0,"ELEVTYP_T":0},"geometry":{"type":"LineString","coordinates":[[-74.627495756916,39.2350390276255],[-74.6266771036765,39.2345834979575]]}},{"type":"Feature","id":238640,"properties":{"OBJECTID":238640,"PRIMENAME":"Unnamed Segment","ELEVTYP_F":0,"ELEVTYP_T":0},"geometry":{"type":"LineString","coordinates":[[-74.6189487510415,39.2422760101875],[-74.6183760162435,39.2429012743625],[-74.6178030477991,39.2435196715906]]}},{"type":"Feature","id":239592,"properties":{"OBJECTID":239592,"PRIMENAME":"Poe Avenue","ELEVTYP_F":0,"ELEVTYP_T":0},"geometry":{"type":"LineString","coordinates":[[-74.6324057269203,39.2787857045815],[-74.6316527414798,39.2793708728193]]}},{"type":"Feature","id":239863,"properties":{"OBJECTID":239863,"PRIMENAME":"West Avenue","ELEVTYP_F":0,"ELEVTYP_T":0},"geometry":{"type":"LineString","coordinates":[[-74.5813215307112,39.2762013980017],[-74.5809769571481,39.2764521019295],[-74.5798704043978,39.2772574150444]]}},{"type":"Feature","id":239889,"properties":{"OBJECTID":239889,"PRIMENAME":"Ocean Avenue","ELEVTYP_F":0,"ELEVTYP_T":0},"geometry":{"type":"LineString","coordinates":[[-74.5754988913636,39.2758863222319],[-74.5752745997241,39.2760491785245],[-74.5747325423863,39.2764463382144],[-74.5742064664851,39.2768621006688],[-74.5739150699658,39.2770810642516]]}},{"type":"Feature","id":239999,"properties":{"OBJECTID":239999,"PRIMENAME":"Tennessee Avenue","ELEVTYP_F":0,"ELEVTYP_T":0},"geometry":{"type":"LineString","coordinates":[[-74.5998969321638,39.2676515609828],[-74.6000986478343,39.2678172573484],[-74.6007992181761,39.2683948728656]]}},{"type":"Feature","id":240183,"properties":{"OBJECTID":240183,"PRIMENAME":"Simpson Avenue","ELEVTYP_F":0,"ELEVTYP_T":0},"geometry":{"type":"LineString","coordinates":[[-74.5857016296428,39.2753474702601],[-74.586384970353,39.274846669119],[-74.5871455634929,39.2742920999844]]}},{"type":"Feature","id":240329,"properties":{"OBJECTID":240329,"PRIMENAME":"56th Street","ELEVTYP_F":0,"ELEVTYP_T":0},"geometry":{"type":"LineString","coordinates":[[-74.6380005975178,39.2243643286258],[-74.6375404543917,39.2241311551329]]}},{"type":"Feature","id":241175,"properties":{"OBJECTID":241175,"PRIMENAME":"East Atlantic Boulevard","ELEVTYP_F":0,"ELEVTYP_T":0},"geometry":{"type":"LineString","coordinates":[[-74.5559376442178,39.291915884527],[-74.5561663741239,39.2919695632856],[-74.5564439943167,39.292050290252],[-74.5566956160356,39.2921411598417],[-74.5569559482289,39.2922522345254],[-74.5572205997509,39.2923734920751],[-74.5575416947697,39.2925519142072],[-74.5578845252487,39.2927775510368],[-74.557951425582,39.292833777573]]}},{"type":"Feature","id":241412,"properties":{"OBJECTID":241412,"PRIMENAME":"1st Avenue","ELEVTYP_F":0,"ELEVTYP_T":0},"geometry":{"type":"LineString","coordinates":[[-74.634894938085,39.275665119455],[-74.6355980484409,39.2750989061769]]}},{"type":"Feature","id":241629,"properties":{"OBJECTID":241629,"PRIMENAME":"East 14th Street","ELEVTYP_F":0,"ELEVTYP_T":0},"geometry":{"type":"LineString","coordinates":[[-74.5812714353361,39.2716746844078],[-74.5808342668428,39.2713134333657]]}},{"type":"Feature","id":241631,"properties":{"OBJECTID":241631,"PRIMENAME":"East 4th Street","ELEVTYP_F":0,"ELEVTYP_T":0},"geometry":{"type":"LineString","coordinates":[[-74.5700326795069,39.2849025886424],[-74.5704350927603,39.2852105240534]]}},{"type":"Feature","id":241697,"properties":{"OBJECTID":241697,"PRIMENAME":"1st Street","ELEVTYP_F":0,"ELEVTYP_T":0},"geometry":{"type":"LineString","coordinates":[[-74.5674445449364,39.2893855501347],[-74.5670555927139,39.2890878112661]]}},{"type":"Feature","id":242002,"properties":{"OBJECTID":242002,"PRIMENAME":"Central Avenue","ELEVTYP_F":0,"ELEVTYP_T":0},"geometry":{"type":"LineString","coordinates":[[-74.6039336876547,39.256636789454],[-74.6029658809235,39.2575455766506],[-74.6026640085037,39.2578271699991]]}},{"type":"Feature","id":242311,"properties":{"OBJECTID":242311,"PRIMENAME":"Unnamed Segment","ELEVTYP_F":0,"ELEVTYP_T":0},"geometry":{"type":"LineString","coordinates":[[-74.5831718874966,39.2732463076101],[-74.5819872684153,39.2741114710937],[-74.5817252265706,39.2742986661231]]}},{"type":"Feature","id":242892,"properties":{"OBJECTID":242892,"PRIMENAME":"51st Street","ELEVTYP_F":0,"ELEVTYP_T":0},"geometry":{"type":"LineString","coordinates":[[-74.6304175645709,39.2296998733116],[-74.6301544846992,39.2295673834995],[-74.6299982247886,39.2294874102936]]}},{"type":"Feature","id":243529,"properties":{"OBJECTID":243529,"PRIMENAME":"Atlantic Avenue","ELEVTYP_F":0,"ELEVTYP_T":0},"geometry":{"type":"LineString","coordinates":[[-74.5614858796675,39.2855692408558],[-74.5610219034614,39.2859336211728]]}},{"type":"Feature","id":243705,"properties":{"OBJECTID":243705,"PRIMENAME":"Wahoo Drive","ELEVTYP_F":0,"ELEVTYP_T":0},"geometry":{"type":"LineString","coordinates":[[-74.6072285553716,39.2680609466028],[-74.6073015561113,39.2680809470094],[-74.6073535539146,39.2681279473039],[-74.6073995562819,39.2681859476571],[-74.6074505533176,39.2682339469429],[-74.6075095545838,39.2682529476094],[-74.6076125552075,39.2682309489448],[-74.6076605561999,39.2681839473427],[-74.6076645535934,39.2681319490063],[-74.6076085565935,39.2680889476993],[-74.6075235544122,39.2680659462128],[-74.6074275543821,39.2680489479902],[-74.607347553636,39.2680469471675],[-74.6072895536798,39.2680559485006],[-74.6072285553716,39.2680609466028]]}},{"type":"Feature","id":244093,"properties":{"OBJECTID":244093,"PRIMENAME":"West 10th Street","ELEVTYP_F":0,"ELEVTYP_T":0},"geometry":{"type":"LineString","coordinates":[[-74.5813569111397,39.2807378931433],[-74.5810379746259,39.2804747368548]]}},{"type":"Feature","id":244475,"properties":{"OBJECTID":244475,"PRIMENAME":"52nd Street","ELEVTYP_F":0,"ELEVTYP_T":0},"geometry":{"type":"LineString","coordinates":[[-74.6327659650201,39.2290475519669],[-74.6332383506074,39.229286056715]]}},{"type":"Feature","id":244593,"properties":{"OBJECTID":244593,"PRIMENAME":"3rd Street","ELEVTYP_F":0,"ELEVTYP_T":0},"geometry":{"type":"LineString","coordinates":[[-74.5647279521851,39.2830048036506],[-74.5642104612801,39.282610229445],[-74.5627223724262,39.2814800282658],[-74.5620423145354,39.2809601076396]]}},{"type":"Feature","id":244635,"properties":{"OBJECTID":244635,"PRIMENAME":"19th Street","ELEVTYP_F":0,"ELEVTYP_T":0},"geometry":{"type":"LineString","coordinates":[[-74.5903697541316,39.2679867160882],[-74.5900262300831,39.2677022245578]]}},{"type":"Feature","id":244773,"properties":{"OBJECTID":244773,"PRIMENAME":"Wesley Avenue","ELEVTYP_F":0,"ELEVTYP_T":0},"geometry":{"type":"LineString","coordinates":[[-74.5806299249996,39.2733880995781],[-74.5803770293117,39.273572649456],[-74.5791878872652,39.2744418232353]]}},{"type":"Feature","id":244934,"properties":{"OBJECTID":244934,"PRIMENAME":"Asbury Avenue","ELEVTYP_F":0,"ELEVTYP_T":0},"geometry":{"type":"LineString","coordinates":[[-74.5748563949777,39.2799614283833],[-74.5744808824723,39.2802593863421],[-74.573472192771,39.2810593588738]]}},{"type":"Feature","id":245162,"properties":{"OBJECTID":245162,"PRIMENAME":"Fiftythird Street","ELEVTYP_F":0,"ELEVTYP_T":0},"geometry":{"type":"LineString","coordinates":[[-74.6321504775232,39.2269147889031],[-74.6317120395834,39.2266965603742]]}},{"type":"Feature","id":245321,"properties":{"OBJECTID":245321,"PRIMENAME":"Wesley Avenue","ELEVTYP_F":0,"ELEVTYP_T":0},"geometry":{"type":"LineString","coordinates":[[-74.5777435833139,39.2754975896523],[-74.5774847075596,39.2756868043414],[-74.5762996912266,39.2765498785497]]}},{"type":"Feature","id":245690,"properties":{"OBJECTID":245690,"PRIMENAME":"Asbury Avenue","ELEVTYP_F":0,"ELEVTYP_T":0},"geometry":{"type":"LineString","coordinates":[[-74.5835083745736,39.2735247291676],[-74.5833008055473,39.2736771007017],[-74.5820619252894,39.2745772835367]]}},{"type":"Feature","id":246017,"properties":{"OBJECTID":246017,"PRIMENAME":"Tarpon Court","ELEVTYP_F":0,"ELEVTYP_T":0},"geometry":{"type":"LineString","coordinates":[[-74.6071134982612,39.2680497183275],[-74.6071135545105,39.2680379472127],[-74.6071094270838,39.2679423610045],[-74.6070755786419,39.267888397661],[-74.6070287696013,39.2678117472639],[-74.6069669149768,39.2677389247558],[-74.60684455505,39.2677329484183],[-74.6067615534004,39.267750947332],[-74.6066755564642,39.2677799488889],[-74.6065995546935,39.2678119472818],[-74.6065475541512,39.2678399483323]]}},{"type":"Feature","id":246074,"properties":{"OBJECTID":246074,"PRIMENAME":"North Street","ELEVTYP_F":0,"ELEVTYP_T":0},"geometry":{"type":"LineString","coordinates":[[-74.5597116933459,39.2856422389375],[-74.5603836114215,39.2861550379632],[-74.5605662911136,39.2862932173141]]}},{"type":"Feature","id":246189,"properties":{"OBJECTID":246189,"PRIMENAME":"East 9th Street","ELEVTYP_F":0,"ELEVTYP_T":0},"geometry":{"type":"LineString","coordinates":[[-74.5743728965373,39.2774337068477],[-74.5744754658249,39.2775127452061],[-74.574749269167,39.2777254719189]]}},{"type":"Feature","id":246274,"properties":{"OBJECTID":246274,"PRIMENAME":"Asbury Avenue","ELEVTYP_F":0,"ELEVTYP_T":0},"geometry":{"type":"LineString","coordinates":[[-74.602174734496,39.2594932368235],[-74.6014125252662,39.2602040008696],[-74.600902526852,39.2606771472251]]}},{"type":"Feature","id":246497,"properties":{"OBJECTID":246497,"PRIMENAME":"West Hollywood Avenue","ELEVTYP_F":0,"ELEVTYP_T":0},"geometry":{"type":"LineString","coordinates":[[-74.638858469508,39.2775558533146],[-74.6380240449399,39.2769328549502],[-74.6378065676742,39.276769303433]]}},{"type":"Feature","id":246704,"properties":{"OBJECTID":246704,"PRIMENAME":"Little Atlantic Avenue","ELEVTYP_F":0,"ELEVTYP_T":0},"geometry":{"type":"LineString","coordinates":[[-74.5747615732441,39.2752759311842],[-74.5752967636301,39.274874438261]]}},{"type":"Feature","id":246745,"properties":{"OBJECTID":246745,"PRIMENAME":"Wesley Road","ELEVTYP_F":0,"ELEVTYP_T":0},"geometry":{"type":"LineString","coordinates":[[-74.5559397501175,39.2944297965124],[-74.5565876850082,39.2939172718234]]}},{"type":"Feature","id":246841,"properties":{"OBJECTID":246841,"PRIMENAME":"Warwick Road","ELEVTYP_F":0,"ELEVTYP_T":0},"geometry":{"type":"LineString","coordinates":[[-74.5670555927139,39.2890878112661],[-74.5671073677459,39.2890468787758],[-74.5680522558554,39.2882998743058],[-74.5684389597114,39.2879933091366]]}},{"type":"Feature","id":246954,"properties":{"OBJECTID":246954,"PRIMENAME":"30th Street","ELEVTYP_F":0,"ELEVTYP_T":0},"geometry":{"type":"LineString","coordinates":[[-74.6092937068573,39.2581008981036],[-74.6088578089325,39.2578240990211]]}},{"type":"Feature","id":247424,"properties":{"OBJECTID":247424,"PRIMENAME":"Bay Avenue","ELEVTYP_F":0,"ELEVTYP_T":0},"geometry":{"type":"LineString","coordinates":[[-74.5770257476204,39.2830462738894],[-74.5765599968096,39.2834119254256]]}},{"type":"Feature","id":247697,"properties":{"OBJECTID":247697,"PRIMENAME":"East 17th Street","ELEVTYP_F":0,"ELEVTYP_T":0},"geometry":{"type":"LineString","coordinates":[[-74.5874869221721,39.2700909832187],[-74.5871435401775,39.2698068669313]]}},{"type":"Feature","id":247960,"properties":{"OBJECTID":247960,"PRIMENAME":"Pleasure Avenue","ELEVTYP_F":0,"ELEVTYP_T":0},"geometry":{"type":"LineString","coordinates":[[-74.5783960578727,39.2833824224138],[-74.5779354264264,39.2837410468725]]}},{"type":"Feature","id":247993,"properties":{"OBJECTID":247993,"PRIMENAME":"East 14th Street","ELEVTYP_F":0,"ELEVTYP_T":0},"geometry":{"type":"LineString","coordinates":[[-74.5817094574035,39.2720365655636],[-74.5812714353361,39.2716746844078]]}},{"type":"Feature","id":248118,"properties":{"OBJECTID":248118,"PRIMENAME":"Palen Avenue","ELEVTYP_F":0,"ELEVTYP_T":0},"geometry":{"type":"LineString","coordinates":[[-74.5808098005119,39.2821254774458],[-74.5819640978433,39.2812389160787]]}},{"type":"Feature","id":248727,"properties":{"OBJECTID":248727,"PRIMENAME":"Boardwalk","ELEVTYP_F":0,"ELEVTYP_T":0},"geometry":{"type":"LineString","coordinates":[[-74.5635897235279,39.2778739552879],[-74.5636479198914,39.2777479326737],[-74.5651908615754,39.2772118833534],[-74.5672051261935,39.2765094452102],[-74.5693226511418,39.2757472600478]]}},{"type":"Feature","id":249158,"properties":{"OBJECTID":249158,"PRIMENAME":"North Street","ELEVTYP_F":0,"ELEVTYP_T":0},"geometry":{"type":"LineString","coordinates":[[-74.5660485234258,39.2904835903054],[-74.5664469189582,39.2907862419524]]}},{"type":"Feature","id":249234,"properties":{"OBJECTID":249234,"PRIMENAME":"East 52nd Street","ELEVTYP_F":0,"ELEVTYP_T":0},"geometry":{"type":"LineString","coordinates":[[-74.6408223671768,39.2313196302079],[-74.6411625686148,39.2313768795903],[-74.6412027136405,39.2313787253757],[-74.6412345447605,39.2313720143432],[-74.6412589939124,39.2313634457365],[-74.6412761150645,39.2313452750668],[-74.6412895833128,39.2313185977917],[-74.6413037768764,39.2312620103059],[-74.6413357099941,39.231134688007],[-74.6414261989864,39.2308374621878],[-74.6415313816583,39.2304742660183],[-74.6417033505695,39.2298264759691],[-74.6418505064123,39.229308533447],[-74.6418557554465,39.2292900573486]]}},{"type":"Feature","id":249420,"properties":{"OBJECTID":249420,"PRIMENAME":"Roosevelt Boulevard","ELEVTYP_F":0,"ELEVTYP_T":0},"geometry":{"type":"LineString","coordinates":[[-74.651680647634,39.2673135584895],[-74.6514605716791,39.2672561850243],[-74.6512390971215,39.2671890101975],[-74.651039331515,39.2671151082702],[-74.6508438528666,39.2670141270959],[-74.6506223347533,39.2668761662364],[-74.6501824864086,39.2665875555343]]}},{"type":"Feature","id":249439,"properties":{"OBJECTID":249439,"PRIMENAME":"East 4th Street","ELEVTYP_F":0,"ELEVTYP_T":0},"geometry":{"type":"LineString","coordinates":[[-74.5623818656239,39.2790675531658],[-74.5634301884579,39.2798602246451]]}},{"type":"Feature","id":249456,"properties":{"OBJECTID":249456,"PRIMENAME":"Morningside Road","ELEVTYP_F":0,"ELEVTYP_T":0},"geometry":{"type":"LineString","coordinates":[[-74.5574784048666,39.2857614289534],[-74.5581131971607,39.2858317607532],[-74.5583481772922,39.2858597317399],[-74.5586012731613,39.2858764905243],[-74.5588399035631,39.2858763701774],[-74.5590315432651,39.285876273175],[-74.5591942310684,39.2858593046874],[-74.5593170940107,39.2858339543093],[-74.5594255690099,39.2858001812613],[-74.5595231579674,39.2857607853472],[-74.5596315741601,39.2856989245333],[-74.5597116933459,39.2856422389375]]}},{"type":"Feature","id":249689,"properties":{"OBJECTID":249689,"PRIMENAME":"North Street","ELEVTYP_F":0,"ELEVTYP_T":0},"geometry":{"type":"LineString","coordinates":[[-74.5656758372953,39.2902004165338],[-74.5660485234258,39.2904835903054]]}},{"type":"Feature","id":249821,"properties":{"OBJECTID":249821,"PRIMENAME":"East 9th Street","ELEVTYP_F":0,"ELEVTYP_T":0},"geometry":{"type":"LineString","coordinates":[[-74.5780890347738,39.2803275325187],[-74.577714833552,39.2800434915722]]}},{"type":"Feature","id":250011,"properties":{"OBJECTID":250011,"PRIMENAME":"Lincoln Avenue","ELEVTYP_F":0,"ELEVTYP_T":0},"geometry":{"type":"LineString","coordinates":[[-74.6320008625573,39.2840262677957],[-74.6320181453686,39.283982398936],[-74.6320266930554,39.2839250591913],[-74.6320222777936,39.2838879701882],[-74.6320169968977,39.2838757078938]]}},{"type":"Feature","id":250500,"properties":{"OBJECTID":250500,"PRIMENAME":"Wilkie Boulevard","ELEVTYP_F":0,"ELEVTYP_T":0},"geometry":{"type":"LineString","coordinates":[[-74.6361121140723,39.2781463760083],[-74.6363559591073,39.2783345282477],[-74.637459888606,39.2791663616634]]}},{"type":"Feature","id":250549,"properties":{"OBJECTID":250549,"PRIMENAME":"31st Street","ELEVTYP_F":0,"ELEVTYP_T":0},"geometry":{"type":"LineString","coordinates":[[-74.6080157448664,39.2552789944985],[-74.6080564339541,39.2553053986883],[-74.6084426161613,39.2555558061692]]}},{"type":"Feature","id":250954,"properties":{"OBJECTID":250954,"PRIMENAME":"Unnamed Segment","ELEVTYP_F":0,"ELEVTYP_T":0},"geometry":{"type":"LineString","coordinates":[[-74.5660459050439,39.2840098721515],[-74.5654050163752,39.2845168990899],[-74.5646545975463,39.2851086893536]]}},{"type":"Feature","id":251313,"properties":{"OBJECTID":251313,"PRIMENAME":"Woodland Avenue","ELEVTYP_F":0,"ELEVTYP_T":0},"geometry":{"type":"LineString","coordinates":[[-74.6013162377513,39.3110573948035],[-74.6013484845568,39.3109679669487],[-74.6013735087612,39.3108700885026],[-74.6013734039312,39.3107974376969],[-74.6013661195476,39.3107219925015],[-74.6012938609614,39.3105152214825],[-74.6011275909129,39.3099675998346],[-74.6009271426681,39.3093786041674],[-74.6009107957081,39.3093305669414],[-74.6008168158152,39.3090092367402],[-74.6008146498363,39.3089777730654],[-74.6008209670525,39.3089462200697],[-74.6008344386795,39.3089259445154],[-74.6008570995384,39.30890549705],[-74.600894979735,39.3088754814212]]}},{"type":"Feature","id":251578,"properties":{"OBJECTID":251578,"PRIMENAME":"Unnamed Segment","ELEVTYP_F":0,"ELEVTYP_T":0},"geometry":{"type":"LineString","coordinates":[[-74.5839386968058,39.278367582443],[-74.585322122717,39.2773622231898],[-74.5853695960169,39.2773271536118]]}},{"type":"Feature","id":251614,"properties":{"OBJECTID":251614,"PRIMENAME":"Wesley Road","ELEVTYP_F":0,"ELEVTYP_T":0},"geometry":{"type":"LineString","coordinates":[[-74.558079084328,39.2915412280116],[-74.5580827616559,39.2916297750061],[-74.5581040282519,39.2917529092233],[-74.55813573924,39.2918569011949],[-74.5581851906437,39.2919635741407],[-74.558259217356,39.2920921463189],[-74.5583192245734,39.2921878860717],[-74.5583685191675,39.2922754219889],[-74.5583743964205,39.2922890106167]]}},{"type":"Feature","id":251689,"properties":{"OBJECTID":251689,"PRIMENAME":"Periwinkle Drive","ELEVTYP_F":0,"ELEVTYP_T":0},"geometry":{"type":"LineString","coordinates":[[-74.6271011804752,39.2518575543989],[-74.6274271954275,39.2518332451878]]}},{"type":"Feature","id":252197,"properties":{"OBJECTID":252197,"PRIMENAME":"16th Street","ELEVTYP_F":0,"ELEVTYP_T":0},"geometry":{"type":"LineString","coordinates":[[-74.5853627394908,39.2705709176901],[-74.5855876993791,39.2707584778533],[-74.5857051294846,39.270856001101]]}},{"type":"Feature","id":252268,"properties":{"OBJECTID":252268,"PRIMENAME":"33rd Street","ELEVTYP_F":0,"ELEVTYP_T":0},"geometry":{"type":"LineString","coordinates":[[-74.60976746139,39.2524168084307],[-74.6101401689023,39.2526609902957]]}},{"type":"Feature","id":252416,"properties":{"OBJECTID":252416,"PRIMENAME":"East Surf Road","ELEVTYP_F":0,"ELEVTYP_T":0},"geometry":{"type":"LineString","coordinates":[[-74.5545401058368,39.2893064249386],[-74.55414613784,39.2892610849485],[-74.5534852668171,39.289176630395]]}},{"type":"Feature","id":252419,"properties":{"OBJECTID":252419,"PRIMENAME":"County Route 585","ELEVTYP_F":0,"ELEVTYP_T":0},"geometry":{"type":"LineString","coordinates":[[-74.5991965527528,39.3087279385908],[-74.598981931632,39.3087580500235],[-74.5988567063064,39.3087981283972],[-74.5987449160525,39.3088468872283],[-74.5987115855236,39.3088665100743]]}},{"type":"Feature","id":252466,"properties":{"OBJECTID":252466,"PRIMENAME":"Leyte Lane","ELEVTYP_F":0,"ELEVTYP_T":0},"geometry":{"type":"LineString","coordinates":[[-74.6010424171308,39.2722322660065],[-74.6006969394041,39.2726266303047],[-74.6006668768482,39.2726758042993]]}},{"type":"Feature","id":252652,"properties":{"OBJECTID":252652,"PRIMENAME":"Haven Avenue","ELEVTYP_F":0,"ELEVTYP_T":0},"geometry":{"type":"LineString","coordinates":[[-74.5820759205324,39.2768235685652],[-74.5821498685595,39.2767697562358],[-74.5835142280088,39.2757774458203]]}},{"type":"Feature","id":252872,"properties":{"OBJECTID":252872,"PRIMENAME":"East Dundee Road","ELEVTYP_F":0,"ELEVTYP_T":0},"geometry":{"type":"LineString","coordinates":[[-74.5582638003489,39.293997690958],[-74.5581356277826,39.2939440490483]]}},{"type":"Feature","id":253353,"properties":{"OBJECTID":253353,"PRIMENAME":"Haven Avenue","ELEVTYP_F":0,"ELEVTYP_T":0},"geometry":{"type":"LineString","coordinates":[[-74.5965033549532,39.266321782553],[-74.5965780174662,39.2662676180674],[-74.5978441003411,39.2653461333648],[-74.5979615026512,39.2652773107891]]}},{"type":"Feature","id":253402,"properties":{"OBJECTID":253402,"PRIMENAME":"Highland Avenue","ELEVTYP_F":0,"ELEVTYP_T":0},"geometry":{"type":"LineString","coordinates":[[-74.633119250724,39.2793085531807],[-74.6325249456588,39.2788719217396],[-74.6324057269203,39.2787857045815]]}},{"type":"Feature","id":253457,"properties":{"OBJECTID":253457,"PRIMENAME":"Allendale Road","ELEVTYP_F":0,"ELEVTYP_T":0},"geometry":{"type":"LineString","coordinates":[[-74.6416773883444,39.2688151320014],[-74.6415881079976,39.2689112034941],[-74.6415275493973,39.268992220587],[-74.641462700561,39.2691171192587],[-74.641359000309,39.2693330860426]]}},{"type":"Feature","id":253505,"properties":{"OBJECTID":253505,"PRIMENAME":"Boardwalk","ELEVTYP_F":0,"ELEVTYP_T":0},"geometry":{"type":"LineString","coordinates":[[-74.5602187769831,39.2808732159492],[-74.5607024774639,39.2804755816052],[-74.5608648920193,39.2799930291686],[-74.560895381085,39.2799455570214],[-74.5615259255474,39.2794653936626],[-74.5621905865212,39.2792172162868],[-74.5623818656239,39.2790675531658]]}},{"type":"Feature","id":253582,"properties":{"OBJECTID":253582,"PRIMENAME":"5th Street","ELEVTYP_F":0,"ELEVTYP_T":0},"geometry":{"type":"LineString","coordinates":[[-74.5710604481188,39.2835200780623],[-74.5710117950562,39.2834827930174],[-74.5707012497224,39.2832467965132]]}},{"type":"Feature","id":253749,"properties":{"OBJECTID":253749,"PRIMENAME":"South Drive","ELEVTYP_F":0,"ELEVTYP_T":0},"geometry":{"type":"LineString","coordinates":[[-74.630801718055,39.2832106078196],[-74.6301447441068,39.2830172773655]]}},{"type":"Feature","id":253920,"properties":{"OBJECTID":253920,"PRIMENAME":"Bay Avenue","ELEVTYP_F":0,"ELEVTYP_T":0},"geometry":{"type":"LineString","coordinates":[[-74.6156251162798,39.2521985390079],[-74.6160223302644,39.2518302168674],[-74.6162562440079,39.2516096667525],[-74.6165579971064,39.2512832282312],[-74.61709307269,39.25070548527]]}},{"type":"Feature","id":254388,"properties":{"OBJECTID":254388,"PRIMENAME":"West Atlantic Boulevard","ELEVTYP_F":0,"ELEVTYP_T":0},"geometry":{"type":"LineString","coordinates":[[-74.5618556261405,39.2929199338913],[-74.5620784882255,39.2927619096314],[-74.5622673724926,39.29258248612],[-74.5624164434437,39.2924145889216],[-74.5625117639863,39.2922797516716],[-74.5625896954126,39.2921415185896],[-74.5626459918021,39.2920302865681],[-74.562680578959,39.2919055584081],[-74.5627237753617,39.2917269268219],[-74.5627410197716,39.2916089623291],[-74.5627622078756,39.2915363538067]]}},{"type":"Feature","id":254534,"properties":{"OBJECTID":254534,"PRIMENAME":"Beach Road","ELEVTYP_F":0,"ELEVTYP_T":0},"geometry":{"type":"LineString","coordinates":[[-74.556580453437,39.2850643214668],[-74.5563148751107,39.2852944307851],[-74.5560086919813,39.2855599504911]]}},{"type":"Feature","id":254554,"properties":{"OBJECTID":254554,"PRIMENAME":"Simpson Avenue","ELEVTYP_F":0,"ELEVTYP_T":0},"geometry":{"type":"LineString","coordinates":[[-74.590024586895,39.2721884222283],[-74.5909619640347,39.2715017592641],[-74.5914635893931,39.2711337430756]]}},{"type":"Feature","id":254609,"properties":{"OBJECTID":254609,"PRIMENAME":"West Maple Shade Lane","ELEVTYP_F":0,"ELEVTYP_T":0},"geometry":{"type":"LineString","coordinates":[[-74.6370851980301,39.2773552379449],[-74.6382566379722,39.2782615031429]]}},{"type":"Feature","id":254617,"properties":{"OBJECTID":254617,"PRIMENAME":"19th Street","ELEVTYP_F":0,"ELEVTYP_T":0},"geometry":{"type":"LineString","coordinates":[[-74.589681328249,39.2674165511792],[-74.5892786522191,39.2670830089498]]}},{"type":"Feature","id":255115,"properties":{"OBJECTID":255115,"PRIMENAME":"20th Street","ELEVTYP_F":0,"ELEVTYP_T":0},"geometry":{"type":"LineString","coordinates":[[-74.5903204033451,39.265698199404],[-74.5901460646073,39.2655535666453]]}},{"type":"Feature","id":255713,"properties":{"OBJECTID":255713,"PRIMENAME":"Bark Drive","ELEVTYP_F":0,"ELEVTYP_T":0},"geometry":{"type":"LineString","coordinates":[[-74.63924895383,39.2286676992166],[-74.6391213393044,39.2288206963532],[-74.6390385354467,39.2289191468879]]}},{"type":"Feature","id":255736,"properties":{"OBJECTID":255736,"PRIMENAME":"Wesley Road","ELEVTYP_F":0,"ELEVTYP_T":0},"geometry":{"type":"LineString","coordinates":[[-74.5584241078324,39.2924106207218],[-74.558449256449,39.2924848239663],[-74.5584779769906,39.2926037538306],[-74.5584991345105,39.2927213966103],[-74.5585064015853,39.2928336099157],[-74.5585029527969,39.292978612147],[-74.5584819059609,39.293120932466],[-74.5584658703411,39.2932140474734]]}},{"type":"Feature","id":255782,"properties":{"OBJECTID":255782,"PRIMENAME":"Bay Avenue","ELEVTYP_F":0,"ELEVTYP_T":0},"geometry":{"type":"LineString","coordinates":[[-74.5774800132479,39.2826823856147],[-74.5770755566379,39.283007169598],[-74.5770257476204,39.2830462738894]]}},{"type":"Feature","id":256018,"properties":{"OBJECTID":256018,"PRIMENAME":"Haven Avenue","ELEVTYP_F":0,"ELEVTYP_T":0},"geometry":{"type":"LineString","coordinates":[[-74.600755895662,39.2631286243882],[-74.6007533400584,39.2631695933939],[-74.6007375635549,39.2632023907471],[-74.6006770268415,39.2632536504644],[-74.6003005328206,39.2635408482884],[-74.5994614820135,39.2641334897154],[-74.5993612476548,39.2641876382528]]}},{"type":"Feature","id":256034,"properties":{"OBJECTID":256034,"PRIMENAME":"East Newcastle Road","ELEVTYP_F":0,"ELEVTYP_T":0},"geometry":{"type":"LineString","coordinates":[[-74.5564467961384,39.2964636241904],[-74.5563410352527,39.2964243294244],[-74.5561520257091,39.2963467169468],[-74.5559519078536,39.2962518119636],[-74.5558997416094,39.2962267573053]]}},{"type":"Feature","id":256808,"properties":{"OBJECTID":256808,"PRIMENAME":"57th Street","ELEVTYP_F":0,"ELEVTYP_T":0},"geometry":{"type":"LineString","coordinates":[[-74.6368886896318,39.2219650977269],[-74.6373011828918,39.22217284917]]}},{"type":"Feature","id":256827,"properties":{"OBJECTID":256827,"PRIMENAME":"Battersea Road","ELEVTYP_F":0,"ELEVTYP_T":0},"geometry":{"type":"LineString","coordinates":[[-74.5650632629015,39.2925017436717],[-74.5654625876147,39.2928084904856]]}},{"type":"Feature","id":257190,"properties":{"OBJECTID":257190,"PRIMENAME":"51st Street","ELEVTYP_F":0,"ELEVTYP_T":0},"geometry":{"type":"LineString","coordinates":[[-74.6316861226503,39.2303395195361],[-74.6313469564704,39.2301678548775],[-74.6312499202663,39.2301189807572]]}},{"type":"Feature","id":257501,"properties":{"OBJECTID":257501,"PRIMENAME":"Euclid Avenue","ELEVTYP_F":0,"ELEVTYP_T":0},"geometry":{"type":"LineString","coordinates":[[-74.6374120339027,39.2746535120233],[-74.6376884417886,39.2744267187531]]}},{"type":"Feature","id":257591,"properties":{"OBJECTID":257591,"PRIMENAME":"50th Street","ELEVTYP_F":0,"ELEVTYP_T":0},"geometry":{"type":"LineString","coordinates":[[-74.6289241674241,39.2307693519368],[-74.6293429487011,39.2309830823547]]}},{"type":"Feature","id":257723,"properties":{"OBJECTID":257723,"PRIMENAME":"Roosevelt Boulevard","ELEVTYP_F":1,"ELEVTYP_T":0},"geometry":{"type":"LineString","coordinates":[[-74.6296538271984,39.253721450085],[-74.6294838994309,39.2536543447485],[-74.6291644482757,39.2535464904833],[-74.6288655166733,39.2534577227549],[-74.6283781852082,39.2533150719978],[-74.6282671123208,39.2532827277175],[-74.6276386425218,39.2530997136737],[-74.6276304163413,39.2530972346079]]}},{"type":"Feature","id":257851,"properties":{"OBJECTID":257851,"PRIMENAME":"Unnamed Segment","ELEVTYP_F":0,"ELEVTYP_T":0},"geometry":{"type":"LineString","coordinates":[[-74.5904013759097,39.2725014167823],[-74.5905596260689,39.2723865226532],[-74.5918446554921,39.2714484042872]]}},{"type":"Feature","id":258040,"properties":{"OBJECTID":258040,"PRIMENAME":"Old Tuckahoe Road","ELEVTYP_F":0,"ELEVTYP_T":0},"geometry":{"type":"LineString","coordinates":[[-74.6477017774342,39.2686553085085],[-74.6473931337927,39.2687275879718],[-74.6470773865724,39.2687981676277],[-74.6467656026239,39.2688723113946]]}},{"type":"Feature","id":258190,"properties":{"OBJECTID":258190,"PRIMENAME":"Wesley Avenue","ELEVTYP_F":0,"ELEVTYP_T":0},"geometry":{"type":"LineString","coordinates":[[-74.5875353440099,39.268352770758],[-74.587244580168,39.2685649590888]]}},{"type":"Feature","id":258225,"properties":{"OBJECTID":258225,"PRIMENAME":"East 6th Street","ELEVTYP_F":0,"ELEVTYP_T":0},"geometry":{"type":"LineString","coordinates":[[-74.5732008446399,39.2830093682046],[-74.573580987238,39.2833020406202]]}},{"type":"Feature","id":258341,"properties":{"OBJECTID":258341,"PRIMENAME":"Bay Avenue","ELEVTYP_F":0,"ELEVTYP_T":0},"geometry":{"type":"LineString","coordinates":[[-74.6008869395621,39.2654482307891],[-74.6006702576732,39.2656072588189],[-74.6001779254644,39.2659661365967],[-74.5995625110342,39.2664127335112],[-74.5994409155546,39.266501166801]]}},{"type":"Feature","id":258642,"properties":{"OBJECTID":258642,"PRIMENAME":"West Avenue","ELEVTYP_F":0,"ELEVTYP_T":0},"geometry":{"type":"LineString","coordinates":[[-74.5942923011423,39.2667371053933],[-74.5937498916125,39.2671330365572],[-74.592846577443,39.2677901788994]]}},{"type":"Feature","id":258815,"properties":{"OBJECTID":258815,"PRIMENAME":"East 9th Street","ELEVTYP_F":0,"ELEVTYP_T":0},"geometry":{"type":"LineString","coordinates":[[-74.5751843298359,39.2780562971696],[-74.574749269167,39.2777254719189]]}},{"type":"Feature","id":258872,"properties":{"OBJECTID":258872,"PRIMENAME":"Rosemar Lane","ELEVTYP_F":0,"ELEVTYP_T":0},"geometry":{"type":"LineString","coordinates":[[-74.5966278674199,39.2711566447473],[-74.5969834309772,39.2708919647363]]}},{"type":"Feature","id":258888,"properties":{"OBJECTID":258888,"PRIMENAME":"South Drive","ELEVTYP_F":0,"ELEVTYP_T":0},"geometry":{"type":"LineString","coordinates":[[-74.6301447441068,39.2830172773655],[-74.6293771297081,39.2827913654707],[-74.6292201033721,39.282742391031]]}},{"type":"Feature","id":259012,"properties":{"OBJECTID":259012,"PRIMENAME":"Bayland Drive","ELEVTYP_F":0,"ELEVTYP_T":0},"geometry":{"type":"LineString","coordinates":[[-74.6104574631341,39.2582124852594],[-74.6107824106836,39.2579131395702],[-74.611053423162,39.2576570623973]]}},{"type":"Feature","id":259145,"properties":{"OBJECTID":259145,"PRIMENAME":"Asbury Avenue","ELEVTYP_F":0,"ELEVTYP_T":0},"geometry":{"type":"LineString","coordinates":[[-74.5777310039425,39.2777320315066],[-74.5775534477261,39.2778611981007],[-74.576806163869,39.2784151469032],[-74.5762364125464,39.2788559053677]]}},{"type":"Feature","id":259487,"properties":{"OBJECTID":259487,"PRIMENAME":"Unnamed Segment","ELEVTYP_F":0,"ELEVTYP_T":0},"geometry":{"type":"LineString","coordinates":[[-74.628985496377,39.2327393739975],[-74.6288160504679,39.2329235810578],[-74.6279978620792,39.2338033371244],[-74.6278396679077,39.2339838775077]]}},{"type":"Feature","id":259744,"properties":{"OBJECTID":259744,"PRIMENAME":"30th Street","ELEVTYP_F":0,"ELEVTYP_T":0},"geometry":{"type":"LineString","coordinates":[[-74.608020724857,39.2572814447868],[-74.6078300311113,39.2571568013436]]}},{"type":"Feature","id":259774,"properties":{"OBJECTID":259774,"PRIMENAME":"Crescent Road","ELEVTYP_F":0,"ELEVTYP_T":0},"geometry":{"type":"LineString","coordinates":[[-74.5585281317527,39.292323062809],[-74.5585470037384,39.292327253845],[-74.5586733884041,39.2923587108204],[-74.5587772085022,39.2924077522508],[-74.5589352151289,39.2924777976193],[-74.5590751532787,39.2925338757178],[-74.559178959123,39.2925653444981],[-74.5592872856806,39.292593349933],[-74.5594226481958,39.292628343546],[-74.5595310007977,39.2926458055423],[-74.5596392767973,39.2926562663032],[-74.5597882140435,39.2926561899168],[-74.5599731857501,39.2926455786102],[-74.5601582179356,39.2926244237804],[-74.5602935747989,39.2926103505154],[-74.5604695159405,39.2925787386746],[-74.5606229792295,39.29254008215],[-74.5607447073192,39.2924978990591],[-74.560880066351,39.2924452483909],[-74.5610153472036,39.2923855685064],[-74.5611462090609,39.292322375785],[-74.5611858674963,39.2922963257529]]}},{"type":"Feature","id":259831,"properties":{"OBJECTID":259831,"PRIMENAME":"West Avenue","ELEVTYP_F":0,"ELEVTYP_T":0},"geometry":{"type":"LineString","coordinates":[[-74.5914025416594,39.2688439743368],[-74.5911431259974,39.2690334668334],[-74.5899651344413,39.2698949999621]]}},{"type":"Feature","id":260128,"properties":{"OBJECTID":260128,"PRIMENAME":"31st Street","ELEVTYP_F":0,"ELEVTYP_T":0},"geometry":{"type":"LineString","coordinates":[[-74.6097076912365,39.256372078161],[-74.6101329809665,39.2566448754936]]}},{"type":"Feature","id":260213,"properties":{"OBJECTID":260213,"PRIMENAME":"56th Street","ELEVTYP_F":0,"ELEVTYP_T":0},"geometry":{"type":"LineString","coordinates":[[-74.6358088870076,39.2232556500937],[-74.6353889717268,39.2230443599674]]}},{"type":"Feature","id":260240,"properties":{"OBJECTID":260240,"PRIMENAME":"Unnamed Segment","ELEVTYP_F":0,"ELEVTYP_T":0},"geometry":{"type":"LineString","coordinates":[[-74.6122540141535,39.2520118600178],[-74.6126947057657,39.2515916133979],[-74.6131698383444,39.2511589479626],[-74.6135130176203,39.2508272603524]]}},{"type":"Feature","id":260342,"properties":{"OBJECTID":260342,"PRIMENAME":"North Street","ELEVTYP_F":0,"ELEVTYP_T":0},"geometry":{"type":"LineString","coordinates":[[-74.5653302045565,39.2899378470596],[-74.5656758372953,39.2902004165338]]}},{"type":"Feature","id":260724,"properties":{"OBJECTID":260724,"PRIMENAME":"2nd Street","ELEVTYP_F":0,"ELEVTYP_T":0},"geometry":{"type":"LineString","coordinates":[[-74.567656931144,39.2873983038029],[-74.5680554583924,39.2877018571601]]}},{"type":"Feature","id":260888,"properties":{"OBJECTID":260888,"PRIMENAME":"Asbury Avenue","ELEVTYP_F":0,"ELEVTYP_T":0},"geometry":{"type":"LineString","coordinates":[[-74.5950406968018,39.2651073260363],[-74.5949484578893,39.2651749459777],[-74.5935938892371,39.2661623044148]]}},{"type":"Feature","id":260894,"properties":{"OBJECTID":260894,"PRIMENAME":"53rd Street","ELEVTYP_F":0,"ELEVTYP_T":0},"geometry":{"type":"LineString","coordinates":[[-74.6325748894868,39.2271260025609],[-74.6321504775232,39.2269147889031]]}},{"type":"Feature","id":260914,"properties":{"OBJECTID":260914,"PRIMENAME":"1st Avenue","ELEVTYP_F":0,"ELEVTYP_T":0},"geometry":{"type":"LineString","coordinates":[[-74.6382850671806,39.2729376438483],[-74.6389372071595,39.2724191908787]]}},{"type":"Feature","id":261126,"properties":{"OBJECTID":261126,"PRIMENAME":"Unnamed Segment","ELEVTYP_F":0,"ELEVTYP_T":0},"geometry":{"type":"LineString","coordinates":[[-74.5997441532325,39.2762170307259],[-74.600077461252,39.2755449788815],[-74.6003161646852,39.2750753935687]]}},{"type":"Feature","id":261143,"properties":{"OBJECTID":261143,"PRIMENAME":"37th Street","ELEVTYP_F":0,"ELEVTYP_T":0},"geometry":{"type":"LineString","coordinates":[[-74.614340300146,39.247268376184],[-74.6141011234784,39.2471343443027],[-74.6139275158214,39.2470394301731]]}},{"type":"Feature","id":261634,"properties":{"OBJECTID":261634,"PRIMENAME":"Bay Avenue","ELEVTYP_F":0,"ELEVTYP_T":0},"geometry":{"type":"LineString","coordinates":[[-74.5945991010437,39.2700406121557],[-74.5943259254909,39.2702398986147],[-74.5942274532513,39.2703116946904],[-74.5935695972128,39.2707913262576]]}},{"type":"Feature","id":262056,"properties":{"OBJECTID":262056,"PRIMENAME":"13th Street","ELEVTYP_F":0,"ELEVTYP_T":0},"geometry":{"type":"LineString","coordinates":[[-74.5838876522953,39.2760907104993],[-74.5842569067034,39.2764004619706]]}},{"type":"Feature","id":262196,"properties":{"OBJECTID":262196,"PRIMENAME":"Asbury Avenue","ELEVTYP_F":0,"ELEVTYP_T":0},"geometry":{"type":"LineString","coordinates":[[-74.6329863360211,39.2273307497972],[-74.632351549834,39.2280942377723],[-74.6319147365216,39.2286156821663]]}},{"type":"Feature","id":262256,"properties":{"OBJECTID":262256,"PRIMENAME":"West 15th Street","ELEVTYP_F":0,"ELEVTYP_T":0},"geometry":{"type":"LineString","coordinates":[[-74.589406411254,39.2761705398759],[-74.5890802479314,39.2758998431495],[-74.5890213670667,39.2758507402006]]}},{"type":"Feature","id":262724,"properties":{"OBJECTID":262724,"PRIMENAME":"West Newcastle Road","ELEVTYP_F":0,"ELEVTYP_T":0},"geometry":{"type":"LineString","coordinates":[[-74.5570428936001,39.2966772233342],[-74.5570154933823,39.2966600491204],[-74.5569179307217,39.2966206130394]]}},{"type":"Feature","id":262756,"properties":{"OBJECTID":262756,"PRIMENAME":"Prospect Avenue","ELEVTYP_F":0,"ELEVTYP_T":0},"geometry":{"type":"LineString","coordinates":[[-74.5875709481951,39.2768940574021],[-74.5877977577308,39.2767309008086]]}},{"type":"Feature","id":262863,"properties":{"OBJECTID":262863,"PRIMENAME":"30th Street","ELEVTYP_F":0,"ELEVTYP_T":0},"geometry":{"type":"LineString","coordinates":[[-74.6063371815432,39.2562079346797],[-74.6062889629278,39.2561773641416],[-74.6059614638836,39.2559629472053]]}},{"type":"Feature","id":262982,"properties":{"OBJECTID":262982,"PRIMENAME":"30th Street","ELEVTYP_F":0,"ELEVTYP_T":0},"geometry":{"type":"LineString","coordinates":[[-74.608438738586,39.2575546126403],[-74.608020724857,39.2572814447868]]}},{"type":"Feature","id":263298,"properties":{"OBJECTID":263298,"PRIMENAME":"East 10th Street","ELEVTYP_F":0,"ELEVTYP_T":0},"geometry":{"type":"LineString","coordinates":[[-74.5795572853818,39.279245415275],[-74.5791928468084,39.2789408065855]]}},{"type":"Feature","id":263363,"properties":{"OBJECTID":263363,"PRIMENAME":"Seaview Avenue","ELEVTYP_F":0,"ELEVTYP_T":0},"geometry":{"type":"LineString","coordinates":[[-74.6404328286605,39.2734078027172],[-74.6389372071595,39.2724191908787]]}},{"type":"Feature","id":263418,"properties":{"OBJECTID":263418,"PRIMENAME":"West Avenue","ELEVTYP_F":0,"ELEVTYP_T":0},"geometry":{"type":"LineString","coordinates":[[-74.6105397109814,39.2529223620764],[-74.6105394992954,39.252922581178],[-74.6102105919917,39.2532281900229],[-74.609621370854,39.2537825865064],[-74.6092708010486,39.2541073222621]]}},{"type":"Feature","id":263616,"properties":{"OBJECTID":263616,"PRIMENAME":"County Route 559","ELEVTYP_F":0,"ELEVTYP_T":0},"geometry":{"type":"LineString","coordinates":[[-74.5991965527528,39.3087279385908],[-74.5995000463804,39.3086961149543],[-74.5998110272335,39.3086742759745],[-74.5999276645286,39.3086784899316],[-74.6000554099349,39.3086848516832]]}},{"type":"Feature","id":263714,"properties":{"OBJECTID":263714,"PRIMENAME":"West 16th Street","ELEVTYP_F":0,"ELEVTYP_T":0},"geometry":{"type":"LineString","coordinates":[[-74.5908250071394,39.2751102287032],[-74.591548841878,39.2757052614697]]}},{"type":"Feature","id":263755,"properties":{"OBJECTID":263755,"PRIMENAME":"Asbury Avenue","ELEVTYP_F":0,"ELEVTYP_T":0},"geometry":{"type":"LineString","coordinates":[[-74.6193575277183,39.2425019501542],[-74.6190220293081,39.2428668709968],[-74.6182081533097,39.243743532037]]}},{"type":"Feature","id":264000,"properties":{"OBJECTID":264000,"PRIMENAME":"Corinthian Avenue","ELEVTYP_F":0,"ELEVTYP_T":0},"geometry":{"type":"LineString","coordinates":[[-74.5612060107127,39.2816235569197],[-74.5614868635634,39.2814009239814],[-74.5616604575851,39.2812631622856]]}},{"type":"Feature","id":264065,"properties":{"OBJECTID":264065,"PRIMENAME":"Roosevelt Boulevard","ELEVTYP_F":0,"ELEVTYP_T":0},"geometry":{"type":"LineString","coordinates":[[-74.65317480072,39.2673521289945],[-74.6530588843404,39.2673738354096],[-74.6530027291001,39.2673813860384],[-74.6529374098476,39.2673901674897],[-74.6526701612624,39.2674067176705],[-74.6525243618085,39.2674123181689],[-74.6523091667019,39.2674071903791],[-74.652114710568,39.2673885542805],[-74.651944581464,39.2673645045986],[-74.6518299958768,39.2673484536421],[-74.651680647634,39.2673135584895]]}},{"type":"Feature","id":264203,"properties":{"OBJECTID":264203,"PRIMENAME":"Unnamed Segment","ELEVTYP_F":0,"ELEVTYP_T":0},"geometry":{"type":"LineString","coordinates":[[-74.5947284765408,39.2693467747055],[-74.5960418256718,39.2683804430036],[-74.5961642746922,39.2682911883299]]}},{"type":"Feature","id":264250,"properties":{"OBJECTID":264250,"PRIMENAME":"East 10th Street","ELEVTYP_F":0,"ELEVTYP_T":0},"geometry":{"type":"LineString","coordinates":[[-74.5791928468084,39.2789408065855],[-74.5788106472455,39.2786213316825]]}},{"type":"Feature","id":264481,"properties":{"OBJECTID":264481,"PRIMENAME":"Atlantic Avenue","ELEVTYP_F":0,"ELEVTYP_T":0},"geometry":{"type":"LineString","coordinates":[[-74.56888770341,39.2797139074944],[-74.5684415972506,39.2800664171989],[-74.5675047188243,39.2808102836483]]}},{"type":"Feature","id":264556,"properties":{"OBJECTID":264556,"PRIMENAME":"3rd Street","ELEVTYP_F":0,"ELEVTYP_T":0},"geometry":{"type":"LineString","coordinates":[[-74.5698217532786,39.2868970052948],[-74.5694554345333,39.2866169429544],[-74.5694409719478,39.2866058309457]]}},{"type":"Feature","id":264672,"properties":{"OBJECTID":264672,"PRIMENAME":"13th Street","ELEVTYP_F":0,"ELEVTYP_T":0},"geometry":{"type":"LineString","coordinates":[[-74.5835142280088,39.2757774458203],[-74.5838876522953,39.2760907104993]]}},{"type":"Feature","id":264703,"properties":{"OBJECTID":264703,"PRIMENAME":"Leyte Lane","ELEVTYP_F":0,"ELEVTYP_T":0},"geometry":{"type":"LineString","coordinates":[[-74.5998460134539,39.2732643133239],[-74.6004477988965,39.2728301107837],[-74.6006668768482,39.2726758042993]]}},{"type":"Feature","id":264855,"properties":{"OBJECTID":264855,"PRIMENAME":"Spruce Road","ELEVTYP_F":0,"ELEVTYP_T":0},"geometry":{"type":"LineString","coordinates":[[-74.5998460134539,39.2732643133239],[-74.5989595781607,39.2725259510727]]}},{"type":"Feature","id":265077,"properties":{"OBJECTID":265077,"PRIMENAME":"Unnamed Segment","ELEVTYP_F":0,"ELEVTYP_T":0},"geometry":{"type":"LineString","coordinates":[[-74.6178030477991,39.2435196715906],[-74.6174191722368,39.2439340326467],[-74.6166407182808,39.2447691592756]]}},{"type":"Feature","id":265166,"properties":{"OBJECTID":265166,"PRIMENAME":"Michigan Avenue","ELEVTYP_F":0,"ELEVTYP_T":0},"geometry":{"type":"LineString","coordinates":[[-74.5951337240817,39.2731998076548],[-74.5951226801352,39.2731568465214],[-74.5951021751851,39.2731187530537],[-74.5950367333883,39.2730521401776],[-74.5944879426131,39.2725967162836]]}},{"type":"Feature","id":265433,"properties":{"OBJECTID":265433,"PRIMENAME":"West Avenue","ELEVTYP_F":0,"ELEVTYP_T":0},"geometry":{"type":"LineString","coordinates":[[-74.6130922023361,39.2505558156677],[-74.6128957597175,39.2507382947711],[-74.6126137671534,39.2509974625586],[-74.6118983135016,39.2516502881991],[-74.6118151300099,39.2517277977056]]}},{"type":"Feature","id":265468,"properties":{"OBJECTID":265468,"PRIMENAME":"Unnamed Segment","ELEVTYP_F":0,"ELEVTYP_T":0},"geometry":{"type":"LineString","coordinates":[[-74.6017938551769,39.2592459335592],[-74.6016992253465,39.2593355267179],[-74.6008520373693,39.2601216495419],[-74.6005216805593,39.26042918132]]}},{"type":"Feature","id":265682,"properties":{"OBJECTID":265682,"PRIMENAME":"Unnamed Segment","ELEVTYP_F":0,"ELEVTYP_T":0},"geometry":{"type":"LineString","coordinates":[[-74.5795891795717,39.2747743027798],[-74.5790149777661,39.2752064023182],[-74.5784705307028,39.2755893309648],[-74.5781476309602,39.2758311154173]]}},{"type":"Feature","id":265779,"properties":{"OBJECTID":265779,"PRIMENAME":"Central Avenue","ELEVTYP_F":0,"ELEVTYP_T":0},"geometry":{"type":"LineString","coordinates":[[-74.6197048770734,39.2408010814287],[-74.6186159991307,39.2419666594148],[-74.6185388811862,39.2420494393092]]}},{"type":"Feature","id":265925,"properties":{"OBJECTID":265925,"PRIMENAME":"Bay Avenue","ELEVTYP_F":0,"ELEVTYP_T":0},"geometry":{"type":"LineString","coordinates":[[-74.5994409155546,39.266501166801],[-74.5989787401018,39.2668373895112],[-74.5989402083129,39.2668657027209]]}},{"type":"Feature","id":266072,"properties":{"OBJECTID":266072,"PRIMENAME":"Ferndale Drive","ELEVTYP_F":0,"ELEVTYP_T":0},"geometry":{"type":"LineString","coordinates":[[-74.6000500278538,39.2745624211621],[-74.6002594916115,39.2741521693762]]}},{"type":"Feature","id":266191,"properties":{"OBJECTID":266191,"PRIMENAME":"Bayland Drive","ELEVTYP_F":0,"ELEVTYP_T":0},"geometry":{"type":"LineString","coordinates":[[-74.6086870093462,39.2598574090787],[-74.6092821860628,39.2593019421061]]}},{"type":"Feature","id":266199,"properties":{"OBJECTID":266199,"PRIMENAME":"East Belfast Road","ELEVTYP_F":0,"ELEVTYP_T":0},"geometry":{"type":"LineString","coordinates":[[-74.5565876850082,39.2939172718234],[-74.5569208445597,39.2941528557827],[-74.5570654103654,39.2942478143028],[-74.5571988341924,39.2943283073465],[-74.5573433889747,39.2944088497043],[-74.5575064224052,39.2944864731079],[-74.5576806204208,39.2945612351527],[-74.5578398261851,39.2946243892145]]}},{"type":"Feature","id":266920,"properties":{"OBJECTID":266920,"PRIMENAME":"Bay Avenue","ELEVTYP_F":0,"ELEVTYP_T":0},"geometry":{"type":"LineString","coordinates":[[-74.6118214426884,39.2557466514976],[-74.611507976284,39.2560389321311],[-74.6105570520173,39.2569260753149]]}},{"type":"Feature","id":266975,"properties":{"OBJECTID":266975,"PRIMENAME":"2nd Street","ELEVTYP_F":0,"ELEVTYP_T":0},"geometry":{"type":"LineString","coordinates":[[-74.5646545975463,39.2851086893536],[-74.5649533592727,39.2853369389033],[-74.5650429520243,39.2854053116639]]}},{"type":"Feature","id":267431,"properties":{"OBJECTID":267431,"PRIMENAME":"20th Street","ELEVTYP_F":0,"ELEVTYP_T":0},"geometry":{"type":"LineString","coordinates":[[-74.5911259611354,39.2663629691365],[-74.5914042085145,39.266592567489],[-74.5914705088808,39.2666476224367]]}},{"type":"Feature","id":267486,"properties":{"OBJECTID":267486,"PRIMENAME":"51st Street","ELEVTYP_F":0,"ELEVTYP_T":0},"geometry":{"type":"LineString","coordinates":[[-74.6321539558347,39.2305763591307],[-74.6316861226503,39.2303395195361]]}},{"type":"Feature","id":267574,"properties":{"OBJECTID":267574,"PRIMENAME":"12th Street","ELEVTYP_F":0,"ELEVTYP_T":0},"geometry":{"type":"LineString","coordinates":[[-74.5813215307112,39.2762013980017],[-74.5813591545036,39.2762322609251],[-74.5816976968803,39.2765098348557]]}},{"type":"Feature","id":267590,"properties":{"OBJECTID":267590,"PRIMENAME":"Gardens Road","ELEVTYP_F":0,"ELEVTYP_T":0},"geometry":{"type":"LineString","coordinates":[[-74.5575732855421,39.2851751456557],[-74.556580453437,39.2850643214668]]}},{"type":"Feature","id":267651,"properties":{"OBJECTID":267651,"PRIMENAME":"Unnamed Segment","ELEVTYP_F":0,"ELEVTYP_T":0},"geometry":{"type":"LineString","coordinates":[[-74.5610073475425,39.2866268925833],[-74.5611969807066,39.2864713032521],[-74.561797462323,39.2860039959494],[-74.5621256352158,39.285735044212],[-74.5623874024008,39.2855299647315]]}},{"type":"Feature","id":267837,"properties":{"OBJECTID":267837,"PRIMENAME":"Wesley Road","ELEVTYP_F":0,"ELEVTYP_T":0},"geometry":{"type":"LineString","coordinates":[[-74.557261807198,39.2959821507302],[-74.5569387143731,39.2965832891326],[-74.5569179307217,39.2966206130394]]}},{"type":"Feature","id":268181,"properties":{"OBJECTID":268181,"PRIMENAME":"East 14th Street","ELEVTYP_F":0,"ELEVTYP_T":0},"geometry":{"type":"LineString","coordinates":[[-74.583845680305,39.27380515348],[-74.5835594706102,39.2735670041671],[-74.5835083745736,39.2735247291676]]}},{"type":"Feature","id":268471,"properties":{"OBJECTID":268471,"PRIMENAME":"Limpet Drive","ELEVTYP_F":0,"ELEVTYP_T":0},"geometry":{"type":"LineString","coordinates":[[-74.6249974069753,39.2513180024174],[-74.6251575257898,39.252341485972]]}},{"type":"Feature","id":268544,"properties":{"OBJECTID":268544,"PRIMENAME":"East 16th Street","ELEVTYP_F":0,"ELEVTYP_T":0},"geometry":{"type":"LineString","coordinates":[[-74.5870800560977,39.2719978852444],[-74.5871246461338,39.2720349189629],[-74.5873405978082,39.272214244401],[-74.5874630890849,39.2723153320156]]}},{"type":"Feature","id":268568,"properties":{"OBJECTID":268568,"PRIMENAME":"West 16th Street","ELEVTYP_F":0,"ELEVTYP_T":0},"geometry":{"type":"LineString","coordinates":[[-74.5898124991935,39.2742658008884],[-74.5898832626515,39.2743251033043],[-74.5905674169151,39.2748984603508],[-74.5908250071394,39.2751102287032]]}},{"type":"Feature","id":268654,"properties":{"OBJECTID":268654,"PRIMENAME":"Cardiff Road","ELEVTYP_F":0,"ELEVTYP_T":0},"geometry":{"type":"LineString","coordinates":[[-74.5595038342949,39.2955208688802],[-74.5595545019295,39.2955564604811],[-74.5596077393734,39.2955983069364],[-74.5601221272613,39.2960026392581]]}},{"type":"Feature","id":268804,"properties":{"OBJECTID":268804,"PRIMENAME":"Gardens Road","ELEVTYP_F":0,"ELEVTYP_T":0},"geometry":{"type":"LineString","coordinates":[[-74.5591813416083,39.2852374626665],[-74.5590793995392,39.2852660425443],[-74.5589968411265,39.2852795931205],[-74.5588881639856,39.28528305324],[-74.5587447210793,39.2852865028782],[-74.5584404298795,39.2852663650061],[-74.557788367555,39.2851991459832],[-74.5575732855421,39.2851751456557]]}},{"type":"Feature","id":268830,"properties":{"OBJECTID":268830,"PRIMENAME":"East 14th Street","ELEVTYP_F":0,"ELEVTYP_T":0},"geometry":{"type":"LineString","coordinates":[[-74.584199183415,39.2740993215559],[-74.5841660498798,39.2740717515034],[-74.583845680305,39.27380515348]]}},{"type":"Feature","id":268921,"properties":{"OBJECTID":268921,"PRIMENAME":"East 17th Street","ELEVTYP_F":0,"ELEVTYP_T":0},"geometry":{"type":"LineString","coordinates":[[-74.590024586895,39.2721884222283],[-74.5904013759097,39.2725014167823]]}},{"type":"Feature","id":269017,"properties":{"OBJECTID":269017,"PRIMENAME":"Unnamed Segment","ELEVTYP_F":0,"ELEVTYP_T":0},"geometry":{"type":"LineString","coordinates":[[-74.5947007722383,39.2648247937012],[-74.5934183378083,39.2657622020311],[-74.5932544264559,39.2658814151451]]}},{"type":"Feature","id":269070,"properties":{"OBJECTID":269070,"PRIMENAME":"West Inlet Road","ELEVTYP_F":0,"ELEVTYP_T":0},"geometry":{"type":"LineString","coordinates":[[-74.5614750753185,39.2915172170768],[-74.5613892440729,39.2915543293156],[-74.5612448658159,39.2916350738037],[-74.5611005438062,39.2916982187575],[-74.5609426431955,39.2917509364396],[-74.5607982318188,39.2917931036642],[-74.5606584072504,39.2918282392198],[-74.5604824639126,39.2918563642758],[-74.5603155224842,39.2918739961532],[-74.5601711122144,39.2918775579493],[-74.5599906181652,39.2918741640142],[-74.5598191273447,39.2918601940489],[-74.5596024951899,39.291825270449],[-74.5593542623455,39.291776331384],[-74.5589932271116,39.2917098766992],[-74.55862765738,39.2916293920013],[-74.5584985613253,39.2916076561847]]}},{"type":"Feature","id":269362,"properties":{"OBJECTID":269362,"PRIMENAME":"Unnamed Segment","ELEVTYP_F":0,"ELEVTYP_T":0},"geometry":{"type":"LineString","coordinates":[[-74.6059097355131,39.2579181943677],[-74.6065575494235,39.2573219471188],[-74.6071789229777,39.2567412336613]]}},{"type":"Feature","id":269402,"properties":{"OBJECTID":269402,"PRIMENAME":"33rd Street","ELEVTYP_F":0,"ELEVTYP_T":0},"geometry":{"type":"LineString","coordinates":[[-74.6130950673494,39.2545600657238],[-74.6126628124185,39.2542811620339]]}},{"type":"Feature","id":269413,"properties":{"OBJECTID":269413,"PRIMENAME":"Tennessee Avenue","ELEVTYP_F":0,"ELEVTYP_T":0},"geometry":{"type":"LineString","coordinates":[[-74.5989402083129,39.2668657027209],[-74.5998969321638,39.2676515609828]]}},{"type":"Feature","id":269439,"properties":{"OBJECTID":269439,"PRIMENAME":"35th Street","ELEVTYP_F":0,"ELEVTYP_T":0},"geometry":{"type":"LineString","coordinates":[[-74.6123089407793,39.2500493281747],[-74.6119247892586,39.2498000023999]]}},{"type":"Feature","id":269649,"properties":{"OBJECTID":269649,"PRIMENAME":"Randolf Boulevard","ELEVTYP_F":0,"ELEVTYP_T":0},"geometry":{"type":"LineString","coordinates":[[-74.6430193283712,39.2665097535608],[-74.6423691231214,39.2660919384079]]}},{"type":"Feature","id":270000,"properties":{"OBJECTID":270000,"PRIMENAME":"West Avenue","ELEVTYP_F":0,"ELEVTYP_T":0},"geometry":{"type":"LineString","coordinates":[[-74.6306069377003,39.2316263143419],[-74.6302979276269,39.2319947265933],[-74.6295914741263,39.2327787342261],[-74.6294067661268,39.2329752320166]]}},{"type":"Feature","id":270304,"properties":{"OBJECTID":270304,"PRIMENAME":"East 10th Street","ELEVTYP_F":0,"ELEVTYP_T":0},"geometry":{"type":"LineString","coordinates":[[-74.5754988913636,39.2758863222319],[-74.5747615732441,39.2752759311842]]}},{"type":"Feature","id":270427,"properties":{"OBJECTID":270427,"PRIMENAME":"Roosevelt Boulevard","ELEVTYP_F":0,"ELEVTYP_T":0},"geometry":{"type":"LineString","coordinates":[[-74.6458245312618,39.2639003704866],[-74.6452378276308,39.2635452313217],[-74.6451543601597,39.263491464305]]}},{"type":"Feature","id":270471,"properties":{"OBJECTID":270471,"PRIMENAME":"Unnamed Segment","ELEVTYP_F":0,"ELEVTYP_T":0},"geometry":{"type":"LineString","coordinates":[[-74.5884569560306,39.2766690351835],[-74.5886310838398,39.2766409241319],[-74.5887439158301,39.2766232946779],[-74.5891614157227,39.2765580651812],[-74.5893257251138,39.2765346917276],[-74.5897692142596,39.2764716029862]]}},{"type":"Feature","id":270950,"properties":{"OBJECTID":270950,"PRIMENAME":"Unnamed Segment","ELEVTYP_F":0,"ELEVTYP_T":0},"geometry":{"type":"LineString","coordinates":[[-74.5860911440842,39.2767945300106],[-74.5864555929028,39.276525505015]]}},{"type":"Feature","id":270971,"properties":{"OBJECTID":270971,"PRIMENAME":"Old Stagecoach Road","ELEVTYP_F":0,"ELEVTYP_T":0},"geometry":{"type":"LineString","coordinates":[[-74.6553298638167,39.2629688152041],[-74.6551045076724,39.263123972637],[-74.6547198449737,39.2634024056678],[-74.6542414780578,39.2637338255191],[-74.6536349927114,39.2641539995099],[-74.6530596799035,39.2645567848867],[-74.6528219431849,39.2647236792619]]}},{"type":"Feature","id":271158,"properties":{"OBJECTID":271158,"PRIMENAME":"Bridge Boulevard","ELEVTYP_F":0,"ELEVTYP_T":0},"geometry":{"type":"LineString","coordinates":[[-74.5587422500761,39.2941278442202],[-74.5585890143766,39.2942321480904],[-74.5583509993317,39.2944113974454],[-74.558191305503,39.2945274831435]]}},{"type":"Feature","id":271365,"properties":{"OBJECTID":271365,"PRIMENAME":"Bay Avenue","ELEVTYP_F":0,"ELEVTYP_T":0},"geometry":{"type":"LineString","coordinates":[[-74.5956744535174,39.3098383287224],[-74.5953183124802,39.3101123125623],[-74.5952592792885,39.3101582683287]]}},{"type":"Feature","id":271559,"properties":{"OBJECTID":271559,"PRIMENAME":"West Avenue","ELEVTYP_F":0,"ELEVTYP_T":0},"geometry":{"type":"LineString","coordinates":[[-74.5672603167929,39.2870962316119],[-74.5658735224955,39.2881920397474]]}},{"type":"Feature","id":271767,"properties":{"OBJECTID":271767,"PRIMENAME":"Ocean Road","ELEVTYP_F":0,"ELEVTYP_T":0},"geometry":{"type":"LineString","coordinates":[[-74.5614405934343,39.2869545843281],[-74.5610924209082,39.2872304637814],[-74.56097281705,39.2873080105865],[-74.5608651374269,39.2873638871933],[-74.5607387646951,39.2874188402025]]}},{"type":"Feature","id":271830,"properties":{"OBJECTID":271830,"PRIMENAME":"East 4th Street","ELEVTYP_F":0,"ELEVTYP_T":0},"geometry":{"type":"LineString","coordinates":[[-74.5685963455673,39.2838055442713],[-74.5689497417363,39.2840752666708]]}},{"type":"Feature","id":272400,"properties":{"OBJECTID":272400,"PRIMENAME":"35th Street","ELEVTYP_F":0,"ELEVTYP_T":0},"geometry":{"type":"LineString","coordinates":[[-74.613924081017,39.2510924532003],[-74.6135130176203,39.2508272603524]]}},{"type":"Feature","id":272813,"properties":{"OBJECTID":272813,"PRIMENAME":"East 55th Street","ELEVTYP_F":0,"ELEVTYP_T":0},"geometry":{"type":"LineString","coordinates":[[-74.6355609082137,39.2249655436888],[-74.6351474553163,39.2247602862062]]}},{"type":"Feature","id":272844,"properties":{"OBJECTID":272844,"PRIMENAME":"North Street","ELEVTYP_F":0,"ELEVTYP_T":0},"geometry":{"type":"LineString","coordinates":[[-74.5582243860389,39.2845082456571],[-74.5587633867646,39.2849184584322],[-74.5591813416083,39.2852374626665]]}},{"type":"Feature","id":272907,"properties":{"OBJECTID":272907,"PRIMENAME":"Central Avenue","ELEVTYP_F":0,"ELEVTYP_T":0},"geometry":{"type":"LineString","coordinates":[[-74.6059428809718,39.2547619572281],[-74.6051977696064,39.2554629570734]]}},{"type":"Feature","id":272911,"properties":{"OBJECTID":272911,"PRIMENAME":"Lyndhurst Road","ELEVTYP_F":0,"ELEVTYP_T":0},"geometry":{"type":"LineString","coordinates":[[-74.6423691231214,39.2660919384079],[-74.6437371813125,39.2648167947455]]}},{"type":"Feature","id":272984,"properties":{"OBJECTID":272984,"PRIMENAME":"38th Street","ELEVTYP_F":0,"ELEVTYP_T":0},"geometry":{"type":"LineString","coordinates":[[-74.6154896133596,39.2460202706954],[-74.6158938738358,39.2462416689608]]}},{"type":"Feature","id":272998,"properties":{"OBJECTID":272998,"PRIMENAME":"Unnamed Segment","ELEVTYP_F":0,"ELEVTYP_T":0},"geometry":{"type":"LineString","coordinates":[[-74.56627349349,39.2884946092451],[-74.5668510054819,39.2880399474536],[-74.567656931144,39.2873983038029]]}},{"type":"Feature","id":273028,"properties":{"OBJECTID":273028,"PRIMENAME":"Simpson Avenue","ELEVTYP_F":0,"ELEVTYP_T":0},"geometry":{"type":"LineString","coordinates":[[-74.607172991815,39.2587375156753],[-74.6078980595516,39.2580599706337],[-74.608438738586,39.2575546126403]]}},{"type":"Feature","id":273152,"properties":{"OBJECTID":273152,"PRIMENAME":"Bay Avenue","ELEVTYP_F":0,"ELEVTYP_T":0},"geometry":{"type":"LineString","coordinates":[[-74.5762237603635,39.2836760912055],[-74.5761089983349,39.2837669924948],[-74.5752426107922,39.284453242777],[-74.575167313386,39.2845129284825]]}},{"type":"Feature","id":273437,"properties":{"OBJECTID":273437,"PRIMENAME":"Unnamed Segment","ELEVTYP_F":0,"ELEVTYP_T":0},"geometry":{"type":"LineString","coordinates":[[-74.6235730957973,39.2372764677251],[-74.6233177420806,39.2375523548907],[-74.6224251993297,39.2385255594527]]}},{"type":"Feature","id":273648,"properties":{"OBJECTID":273648,"PRIMENAME":"Corinthian Avenue","ELEVTYP_F":0,"ELEVTYP_T":0},"geometry":{"type":"LineString","coordinates":[[-74.5596190089553,39.2828813661885],[-74.5598279889469,39.2827161600163],[-74.5599661073021,39.2826066445432]]}},{"type":"Feature","id":273801,"properties":{"OBJECTID":273801,"PRIMENAME":"Bay Avenue","ELEVTYP_F":0,"ELEVTYP_T":0},"geometry":{"type":"LineString","coordinates":[[-74.5928977416269,39.2712815625264],[-74.5922322325948,39.2717693459215]]}},{"type":"Feature","id":273941,"properties":{"OBJECTID":273941,"PRIMENAME":"Prospect Avenue","ELEVTYP_F":0,"ELEVTYP_T":0},"geometry":{"type":"LineString","coordinates":[[-74.5886670782283,39.2761055649503],[-74.5890213670667,39.2758507402006]]}},{"type":"Feature","id":274132,"properties":{"OBJECTID":274132,"PRIMENAME":"Unnamed Segment","ELEVTYP_F":0,"ELEVTYP_T":0},"geometry":{"type":"LineString","coordinates":[[-74.5980000009793,39.2722927458774],[-74.5987781620751,39.2729378803041],[-74.5998416430834,39.2738188690332],[-74.6002594916115,39.2741521693762]]}},{"type":"Feature","id":274256,"properties":{"OBJECTID":274256,"PRIMENAME":"East Surf Road","ELEVTYP_F":0,"ELEVTYP_T":0},"geometry":{"type":"LineString","coordinates":[[-74.5581525661926,39.2892179393946],[-74.5578852159224,39.2891967664082],[-74.5575302986057,39.2891628129272],[-74.557361996848,39.28915152851],[-74.5571753989776,39.2891487646896],[-74.5569961124142,39.2891431693154],[-74.556794888558,39.2891432676455],[-74.5566119677903,39.2891433567299],[-74.5563814963898,39.2891548360184],[-74.5560888122885,39.2891777393173],[-74.555909547244,39.2891977318713],[-74.5556388911914,39.2892405018681],[-74.5553828633844,39.2892835399293]]}},{"type":"Feature","id":274285,"properties":{"OBJECTID":274285,"PRIMENAME":"West Station Road","ELEVTYP_F":0,"ELEVTYP_T":0},"geometry":{"type":"LineString","coordinates":[[-74.5653302045565,39.2899378470596],[-74.5652801047292,39.2900181589832],[-74.5652245554681,39.2900900458608],[-74.5635970043834,39.2913776113811]]}},{"type":"Feature","id":274534,"properties":{"OBJECTID":274534,"PRIMENAME":"Ocean Drive Bridge","ELEVTYP_F":0,"ELEVTYP_T":0},"geometry":{"type":"LineString","coordinates":[[-74.5566399443366,39.2988579207275],[-74.556656191803,39.2989913808846],[-74.5568751714487,39.3006366082651],[-74.5570075553247,39.301728728616],[-74.5572585071853,39.3035994154839],[-74.5574000453608,39.3047655271368],[-74.5575140285681,39.3055088692575],[-74.5576233134066,39.3060795636216],[-74.5576835719478,39.3064057776216]]}},{"type":"Feature","id":274651,"properties":{"OBJECTID":274651,"PRIMENAME":"West Avenue","ELEVTYP_F":0,"ELEVTYP_T":0},"geometry":{"type":"LineString","coordinates":[[-74.6000566839645,39.2625256090485],[-74.5990464697085,39.2632607599203],[-74.598618472514,39.263574300175]]}},{"type":"Feature","id":274737,"properties":{"OBJECTID":274737,"PRIMENAME":"Unnamed Segment","ELEVTYP_F":0,"ELEVTYP_T":0},"geometry":{"type":"LineString","coordinates":[[-74.6106589885596,39.2509798135861],[-74.6106021469044,39.251033244241],[-74.6096778809969,39.2519043209586],[-74.6093907969223,39.2521700473106]]}},{"type":"Feature","id":275369,"properties":{"OBJECTID":275369,"PRIMENAME":"53rd Street","ELEVTYP_F":0,"ELEVTYP_T":0},"geometry":{"type":"LineString","coordinates":[[-74.6366246604571,39.229164204692],[-74.6361446320099,39.2289217967958]]}},{"type":"Feature","id":275394,"properties":{"OBJECTID":275394,"PRIMENAME":"Waterview Boulevard","ELEVTYP_F":0,"ELEVTYP_T":0},"geometry":{"type":"LineString","coordinates":[[-74.6260453303155,39.2522712712092],[-74.6258542291379,39.2522893061224],[-74.6257539833659,39.2522968002799]]}},{"type":"Feature","id":275600,"properties":{"OBJECTID":275600,"PRIMENAME":"Seacliff Road","ELEVTYP_F":0,"ELEVTYP_T":0},"geometry":{"type":"LineString","coordinates":[[-74.5559376442178,39.291915884527],[-74.5556821891722,39.2925155595461],[-74.5556377699119,39.2926019333966],[-74.5556223085005,39.2926209958317]]}},{"type":"Feature","id":275603,"properties":{"OBJECTID":275603,"PRIMENAME":"33rd Street","ELEVTYP_F":0,"ELEVTYP_T":0},"geometry":{"type":"LineString","coordinates":[[-74.6105397109814,39.2529223620764],[-74.6105830507841,39.252950354638],[-74.6109730405687,39.2531990476553]]}},{"type":"Feature","id":275749,"properties":{"OBJECTID":275749,"PRIMENAME":"Wesley Road","ELEVTYP_F":0,"ELEVTYP_T":0},"geometry":{"type":"LineString","coordinates":[[-74.5612483019897,39.2884002733869],[-74.5611938903532,39.2884412956459],[-74.5610734715775,39.2885184303911],[-74.5609353548998,39.2886011485529],[-74.5607546691045,39.2886921538001],[-74.5606448615457,39.2887417435725],[-74.5604433267973,39.2888319349411]]}},{"type":"Feature","id":275783,"properties":{"OBJECTID":275783,"PRIMENAME":"Simpson Avenue","ELEVTYP_F":0,"ELEVTYP_T":0},"geometry":{"type":"LineString","coordinates":[[-74.5813684571277,39.2785029312392],[-74.5821121874613,39.2779612014626],[-74.5828246730765,39.2774464525321]]}},{"type":"Feature","id":275910,"properties":{"OBJECTID":275910,"PRIMENAME":"Unnamed Segment","ELEVTYP_F":0,"ELEVTYP_T":0},"geometry":{"type":"LineString","coordinates":[[-74.6361446320099,39.2289217967958],[-74.6371954308486,39.2276704312561],[-74.6372226915223,39.2276375593971]]}},{"type":"Feature","id":276108,"properties":{"OBJECTID":276108,"PRIMENAME":"Waterview Boulevard","ELEVTYP_F":0,"ELEVTYP_T":0},"geometry":{"type":"LineString","coordinates":[[-74.6246791446669,39.252377340285],[-74.6246693219911,39.2523780768659],[-74.6243922793317,39.2523988389635],[-74.6241769567137,39.2524144719688],[-74.6241061266752,39.2524211649358],[-74.6240267737169,39.2524212494687],[-74.6239417160089,39.2524103292226],[-74.6238564795128,39.2523978722954]]}},{"type":"Feature","id":276116,"properties":{"OBJECTID":276116,"PRIMENAME":"Unnamed Segment","ELEVTYP_F":0,"ELEVTYP_T":0},"geometry":{"type":"LineString","coordinates":[[-74.5544120550853,39.2935938489014],[-74.5549201990645,39.2939782288898],[-74.5550608958652,39.2941002910915]]}},{"type":"Feature","id":276224,"properties":{"OBJECTID":276224,"PRIMENAME":"East Maple Shade Lane","ELEVTYP_F":0,"ELEVTYP_T":0},"geometry":{"type":"LineString","coordinates":[[-74.633506447796,39.2746161832772],[-74.6339365768978,39.2749307600977],[-74.634894938085,39.275665119455]]}},{"type":"Feature","id":276263,"properties":{"OBJECTID":276263,"PRIMENAME":"1st Street","ELEVTYP_F":0,"ELEVTYP_T":0},"geometry":{"type":"LineString","coordinates":[[-74.5651448696008,39.2876398763277],[-74.5647906930321,39.287369731306]]}},{"type":"Feature","id":276321,"properties":{"OBJECTID":276321,"PRIMENAME":"Unnamed Segment","ELEVTYP_F":0,"ELEVTYP_T":0},"geometry":{"type":"LineString","coordinates":[[-74.5860736758365,39.2756555672501],[-74.5866884042889,39.2752047863881],[-74.5874339820959,39.274675596452],[-74.5875259906388,39.2746054298069]]}},{"type":"Feature","id":276375,"properties":{"OBJECTID":276375,"PRIMENAME":"5th Street","ELEVTYP_F":0,"ELEVTYP_T":0},"geometry":{"type":"LineString","coordinates":[[-74.5703468974337,39.2829774646202],[-74.5699842759428,39.2827019038216]]}},{"type":"Feature","id":276650,"properties":{"OBJECTID":276650,"PRIMENAME":"East 7th Street","ELEVTYP_F":0,"ELEVTYP_T":0},"geometry":{"type":"LineString","coordinates":[[-74.5707260209854,39.2789654770834],[-74.5702732256202,39.2786193526683]]}},{"type":"Feature","id":276726,"properties":{"OBJECTID":276726,"PRIMENAME":"Unnamed Segment","ELEVTYP_F":0,"ELEVTYP_T":0},"geometry":{"type":"LineString","coordinates":[[-74.6258886147792,39.23478149558],[-74.6253021621077,39.2354065625519],[-74.6247268522147,39.2360293075563]]}},{"type":"Feature","id":276906,"properties":{"OBJECTID":276906,"PRIMENAME":"Unnamed Segment","ELEVTYP_F":0,"ELEVTYP_T":0},"geometry":{"type":"LineString","coordinates":[[-74.5592619590383,39.2898377174865],[-74.5594903138229,39.289453065064]]}},{"type":"Feature","id":277031,"properties":{"OBJECTID":277031,"PRIMENAME":"Clay Avenue","ELEVTYP_F":0,"ELEVTYP_T":0},"geometry":{"type":"LineString","coordinates":[[-74.6294399439557,39.2859949051907],[-74.6309767699954,39.2864491658223],[-74.6312086048273,39.2865193390724],[-74.6313710010923,39.2865919017312],[-74.631514691487,39.2866741862297],[-74.6316896329874,39.2867806834978],[-74.6318583521208,39.286896885782],[-74.6320646344752,39.2870760945523],[-74.6321959732645,39.287226288857],[-74.6322898122716,39.2873474273168],[-74.6323649134151,39.2874588860651],[-74.6324401312299,39.2876333912537],[-74.6327912931399,39.2885204993714],[-74.632916753658,39.288859841161],[-74.6330232174199,39.2890537103208],[-74.6331295807585,39.2891942320168],[-74.6332359513951,39.2893396036197],[-74.6333734830418,39.2894606920545],[-74.6339298187537,39.2899256306314]]}},{"type":"Feature","id":277094,"properties":{"OBJECTID":277094,"PRIMENAME":"West Avenue","ELEVTYP_F":0,"ELEVTYP_T":0},"geometry":{"type":"LineString","coordinates":[[-74.6190333920583,39.2441995803813],[-74.6187986144228,39.2444534984563],[-74.6178704526759,39.2454583341062]]}},{"type":"Feature","id":277122,"properties":{"OBJECTID":277122,"PRIMENAME":"Aldrich Road","ELEVTYP_F":0,"ELEVTYP_T":0},"geometry":{"type":"LineString","coordinates":[[-74.5780890347738,39.2803275325187],[-74.5779979658153,39.2803675981579],[-74.5778977996145,39.2804238431685],[-74.5777782106244,39.2805201047666],[-74.5776319022252,39.2806376092228]]}},{"type":"Feature","id":277184,"properties":{"OBJECTID":277184,"PRIMENAME":"West 28th Street","ELEVTYP_F":0,"ELEVTYP_T":0},"geometry":{"type":"LineString","coordinates":[[-74.6071307154999,39.2607092009922],[-74.607117069226,39.2607003719492],[-74.6067568501099,39.2604685250289]]}},{"type":"Feature","id":277380,"properties":{"OBJECTID":277380,"PRIMENAME":"Unnamed Segment","ELEVTYP_F":0,"ELEVTYP_T":0},"geometry":{"type":"LineString","coordinates":[[-74.582403433956,39.274858670192],[-74.5819947027401,39.2751560446493],[-74.5809617751938,39.2759063752669]]}},{"type":"Feature","id":277411,"properties":{"OBJECTID":277411,"PRIMENAME":"West Avenue","ELEVTYP_F":0,"ELEVTYP_T":0},"geometry":{"type":"LineString","coordinates":[[-74.5686462519335,39.2859969751435],[-74.5673461448692,39.2870284177464],[-74.5672603167929,39.2870962316119]]}},{"type":"Feature","id":277455,"properties":{"OBJECTID":277455,"PRIMENAME":"Revere Place","ELEVTYP_F":0,"ELEVTYP_T":0},"geometry":{"type":"LineString","coordinates":[[-74.5784532982891,39.2812336468617],[-74.5789015697573,39.2815589297746]]}},{"type":"Feature","id":277560,"properties":{"OBJECTID":277560,"PRIMENAME":"Central Avenue","ELEVTYP_F":0,"ELEVTYP_T":0},"geometry":{"type":"LineString","coordinates":[[-74.6321504775232,39.2269147889031],[-74.6316158944202,39.2275563859347],[-74.6310828111377,39.2281932016601]]}},{"type":"Feature","id":277617,"properties":{"OBJECTID":277617,"PRIMENAME":"Bay Avenue","ELEVTYP_F":0,"ELEVTYP_T":0},"geometry":{"type":"LineString","coordinates":[[-74.575167313386,39.2845129284825],[-74.5748625923513,39.2847544728347],[-74.574039389343,39.2854062532941],[-74.5737891683869,39.2856047351159]]}},{"type":"Feature","id":277814,"properties":{"OBJECTID":277814,"PRIMENAME":"Unnamed Segment","ELEVTYP_F":0,"ELEVTYP_T":0},"geometry":{"type":"LineString","coordinates":[[-74.6246695834604,39.2527835203358],[-74.6246139731463,39.2527700701646],[-74.6245757292423,39.2527511937339],[-74.624551339558,39.2527188198132],[-74.6245443605476,39.2526864002451],[-74.6245477401531,39.2526404887388],[-74.6245857350398,39.2525586251775]]}},{"type":"Feature","id":278013,"properties":{"OBJECTID":278013,"PRIMENAME":"54th Street","ELEVTYP_F":0,"ELEVTYP_T":0},"geometry":{"type":"LineString","coordinates":[[-74.6372226915223,39.2276375593971],[-74.6376910559859,39.2278750896943]]}},{"type":"Feature","id":278155,"properties":{"OBJECTID":278155,"PRIMENAME":"Unnamed Segment","ELEVTYP_F":0,"ELEVTYP_T":0},"geometry":{"type":"LineString","coordinates":[[-74.647931757843,39.2640223768948],[-74.6478606883181,39.2639785781052],[-74.6476737027057,39.263945860522],[-74.6474442644938,39.2638862311288],[-74.6463235534255,39.2631059950911],[-74.6460940640336,39.2628043710829],[-74.6459778350916,39.2626516082269],[-74.6457527014617,39.262468788676],[-74.6466696473927,39.2618101762234],[-74.6487042648763,39.2633569307827]]}},{"type":"Feature","id":278178,"properties":{"OBJECTID":278178,"PRIMENAME":"34th Street","ELEVTYP_F":0,"ELEVTYP_T":0},"geometry":{"type":"LineString","coordinates":[[-74.6114085244275,39.2514647353419],[-74.611041797794,39.2512274980537]]}},{"type":"Feature","id":278256,"properties":{"OBJECTID":278256,"PRIMENAME":"East 4th Street","ELEVTYP_F":0,"ELEVTYP_T":0},"geometry":{"type":"LineString","coordinates":[[-74.5634301884579,39.2798602246451],[-74.5640451567267,39.2803271525041],[-74.5659643020823,39.2817988806939],[-74.5661118732295,39.2819113438643]]}},{"type":"Feature","id":278307,"properties":{"OBJECTID":278307,"PRIMENAME":"Bayshore Drive","ELEVTYP_F":0,"ELEVTYP_T":0},"geometry":{"type":"LineString","coordinates":[[-74.5963608363116,39.2736739719419],[-74.5964345764128,39.273736733383],[-74.5965450289309,39.2738572881625],[-74.5966392057211,39.2739841990365],[-74.5967332893269,39.2741206379115],[-74.5967824784672,39.2742349015413],[-74.5968275750985,39.2743523250341],[-74.5968576046232,39.2744568297301]]}},{"type":"Feature","id":278345,"properties":{"OBJECTID":278345,"PRIMENAME":"Broadway","ELEVTYP_F":0,"ELEVTYP_T":0},"geometry":{"type":"LineString","coordinates":[[-74.607773854271,39.3073313139489],[-74.608218999258,39.3072146396903],[-74.6082440999111,39.307209588892],[-74.6092531815749,39.307006485711],[-74.6095747514364,39.3069149576906],[-74.609685038928,39.3068744575691],[-74.6102825874953,39.306655014182]]}},{"type":"Feature","id":278892,"properties":{"OBJECTID":278892,"PRIMENAME":"Unnamed Segment","ELEVTYP_F":0,"ELEVTYP_T":0},"geometry":{"type":"LineString","coordinates":[[-74.5671589313168,39.2810848343077],[-74.5658431653624,39.2800725016121],[-74.5651052609213,39.2795106765586]]}},{"type":"Feature","id":278912,"properties":{"OBJECTID":278912,"PRIMENAME":"Simpson Avenue","ELEVTYP_F":0,"ELEVTYP_T":0},"geometry":{"type":"LineString","coordinates":[[-74.5799266055316,39.279553999288],[-74.580056224911,39.2794595401263],[-74.5808621666273,39.2788678592713],[-74.5812963781611,39.2785553968248],[-74.5813684571277,39.2785029312392]]}},{"type":"Feature","id":278987,"properties":{"OBJECTID":278987,"PRIMENAME":"Unnamed Segment","ELEVTYP_F":0,"ELEVTYP_T":0},"geometry":{"type":"LineString","coordinates":[[-74.5860456837501,39.2711388336893],[-74.5857651022699,39.2713422231748],[-74.5845996373085,39.2721899918785]]}},{"type":"Feature","id":279641,"properties":{"OBJECTID":279641,"PRIMENAME":"Unnamed Segment","ELEVTYP_F":0,"ELEVTYP_T":0},"geometry":{"type":"LineString","coordinates":[[-74.5877977577308,39.2767309008086],[-74.5879366526028,39.2767342056126],[-74.587980087243,39.2767352384761],[-74.5882068555087,39.2767094772552],[-74.5884569560306,39.2766690351835]]}},{"type":"Feature","id":279838,"properties":{"OBJECTID":279838,"PRIMENAME":"Old Stagecoach Road","ELEVTYP_F":0,"ELEVTYP_T":0},"geometry":{"type":"LineString","coordinates":[[-74.6501824864086,39.2665875555343],[-74.6500270218104,39.2666977771128],[-74.6494585849403,39.2670978728572],[-74.6489629387764,39.2674466095527],[-74.6487133737015,39.2676250429419],[-74.6481102796083,39.26804670238],[-74.6479969805157,39.2681266999144]]}},{"type":"Feature","id":279920,"properties":{"OBJECTID":279920,"PRIMENAME":"Unnamed Segment","ELEVTYP_F":0,"ELEVTYP_T":0},"geometry":{"type":"LineString","coordinates":[[-74.5975784070078,39.2627223279211],[-74.5974519825605,39.2628144710287],[-74.5962387471434,39.2637020993506],[-74.5961388540467,39.2637749981996]]}},{"type":"Feature","id":280296,"properties":{"OBJECTID":280296,"PRIMENAME":"West 10th Street","ELEVTYP_F":0,"ELEVTYP_T":0},"geometry":{"type":"LineString","coordinates":[[-74.5819640978433,39.2812389160787],[-74.5816831361967,39.2810071014593]]}},{"type":"Feature","id":280590,"properties":{"OBJECTID":280590,"PRIMENAME":"15th Street","ELEVTYP_F":0,"ELEVTYP_T":0},"geometry":{"type":"LineString","coordinates":[[-74.5852824811022,39.2727550827796],[-74.5850587207914,39.2725702678267],[-74.5849431626148,39.2724745541464]]}},{"type":"Feature","id":280658,"properties":{"OBJECTID":280658,"PRIMENAME":"Whelk Drive","ELEVTYP_F":0,"ELEVTYP_T":0},"geometry":{"type":"LineString","coordinates":[[-74.6262085432088,39.2515241132718],[-74.625987182918,39.2514764316941],[-74.6255806497708,39.2513205017519],[-74.6249974069753,39.2513180024174]]}},{"type":"Feature","id":280676,"properties":{"OBJECTID":280676,"PRIMENAME":"Bay Avenue","ELEVTYP_F":0,"ELEVTYP_T":0},"geometry":{"type":"LineString","coordinates":[[-74.5952592792885,39.3101582683287],[-74.5947866264077,39.3105262208649]]}},{"type":"Feature","id":280936,"properties":{"OBJECTID":280936,"PRIMENAME":"East 52nd Street","ELEVTYP_F":0,"ELEVTYP_T":0},"geometry":{"type":"LineString","coordinates":[[-74.6336945535336,39.2295163679509],[-74.6341526689583,39.2297476633966]]}},{"type":"Feature","id":281062,"properties":{"OBJECTID":281062,"PRIMENAME":"West Dundee Road","ELEVTYP_F":0,"ELEVTYP_T":0},"geometry":{"type":"LineString","coordinates":[[-74.560128496667,39.2942311983606],[-74.5599534223052,39.2942497122124],[-74.5598231771825,39.294252964507],[-74.559668475919,39.2942530438932],[-74.5595097418493,39.2942468094874],[-74.5593021288702,39.2942310727012],[-74.5591067005475,39.2942058842636],[-74.5588950031979,39.29416486101],[-74.5587422500761,39.2941278442202]]}},{"type":"Feature","id":281155,"properties":{"OBJECTID":281155,"PRIMENAME":"West Avenue","ELEVTYP_F":0,"ELEVTYP_T":0},"geometry":{"type":"LineString","coordinates":[[-74.6201788755729,39.2429576647681],[-74.6197757505431,39.2433959362197],[-74.6196357476506,39.2435481442815],[-74.6190333920583,39.2441995803813]]}},{"type":"Feature","id":281250,"properties":{"OBJECTID":281250,"PRIMENAME":"30th Street","ELEVTYP_F":0,"ELEVTYP_T":0},"geometry":{"type":"LineString","coordinates":[[-74.6055783964444,39.2557121710602],[-74.6051977696064,39.2554629570734]]}},{"type":"Feature","id":281393,"properties":{"OBJECTID":281393,"PRIMENAME":"Asbury Avenue","ELEVTYP_F":0,"ELEVTYP_T":0},"geometry":{"type":"LineString","coordinates":[[-74.6123089407793,39.2500493281747],[-74.6120682716597,39.2502673510079],[-74.611041797794,39.2512274980537]]}},{"type":"Feature","id":281420,"properties":{"OBJECTID":281420,"PRIMENAME":"West 7th Street","ELEVTYP_F":0,"ELEVTYP_T":0},"geometry":{"type":"LineString","coordinates":[[-74.5772185475923,39.28391672795],[-74.5765599968096,39.2834119254256]]}},{"type":"Feature","id":281476,"properties":{"OBJECTID":281476,"PRIMENAME":"Simpson Avenue","ELEVTYP_F":0,"ELEVTYP_T":0},"geometry":{"type":"LineString","coordinates":[[-74.5757657872515,39.2828077567836],[-74.5743705230457,39.2839087250798]]}},{"type":"Feature","id":281542,"properties":{"OBJECTID":281542,"PRIMENAME":"18th Street","ELEVTYP_F":0,"ELEVTYP_T":0},"geometry":{"type":"LineString","coordinates":[[-74.5896069627371,39.2695981899359],[-74.5899274391234,39.2698637831148],[-74.5899651344413,39.2698949999621]]}},{"type":"Feature","id":281857,"properties":{"OBJECTID":281857,"PRIMENAME":"FR GSP NB TO CO 623 EB","ELEVTYP_F":0,"ELEVTYP_T":0},"geometry":{"type":"LineString","coordinates":[[-74.6448479305038,39.2587764089038],[-74.6446539055324,39.2589211793026],[-74.6443198952184,39.2592975925673],[-74.6441600295653,39.2594801886663],[-74.6440287285951,39.2596249136778],[-74.6438830050892,39.259780858113],[-74.6437631585043,39.2598967107471],[-74.643637448151,39.2600125155379],[-74.6435117642923,39.2601238998118],[-74.6432432477202,39.2603555846844],[-74.6429204141607,39.2606251711354],[-74.6426090444657,39.2608880711362],[-74.6422948069501,39.2611665148225],[-74.642246297023,39.2612110540963]]}},{"type":"Feature","id":282608,"properties":{"OBJECTID":282608,"PRIMENAME":"Unnamed Segment","ELEVTYP_F":0,"ELEVTYP_T":0},"geometry":{"type":"LineString","coordinates":[[-74.6393212494645,39.2310645449838],[-74.6393888738217,39.2308050198619],[-74.6394307731573,39.2306768808054],[-74.6394764965627,39.2305725433672],[-74.6395528402035,39.2304205027474],[-74.6396635106286,39.2302028810836],[-74.6397588881149,39.2300180615395],[-74.6398122953727,39.2299077557524],[-74.6398885259077,39.2297169730622],[-74.6399036934317,39.2296394979305],[-74.6399150550752,39.2295650199228],[-74.6399110882673,39.2294875398444],[-74.6398722642449,39.2292432986391],[-74.6398606724373,39.2291837298948],[-74.6398528994599,39.2291271220944],[-74.6398565751966,39.2290585843749],[-74.6398705640869,39.2289592186952]]}},{"type":"Feature","id":282654,"properties":{"OBJECTID":282654,"PRIMENAME":"Chelsea Avenue","ELEVTYP_F":0,"ELEVTYP_T":0},"geometry":{"type":"LineString","coordinates":[[-74.6355412191393,39.2729778541053],[-74.6367898151868,39.2738076317874],[-74.6370172997116,39.2739643362759]]}},{"type":"Feature","id":282756,"properties":{"OBJECTID":282756,"PRIMENAME":"58th Street","ELEVTYP_F":0,"ELEVTYP_T":0},"geometry":{"type":"LineString","coordinates":[[-74.638374458427,39.2208887152348],[-74.6379643000173,39.2206811575563]]}},{"type":"Feature","id":282815,"properties":{"OBJECTID":282815,"PRIMENAME":"Unnamed Segment","ELEVTYP_F":0,"ELEVTYP_T":0},"geometry":{"type":"LineString","coordinates":[[-74.571018114235,39.2813439638709],[-74.5723989622422,39.2802395850661]]}},{"type":"Feature","id":282917,"properties":{"OBJECTID":282917,"PRIMENAME":"5th Street","ELEVTYP_F":0,"ELEVTYP_T":0},"geometry":{"type":"LineString","coordinates":[[-74.5642385221708,39.2783256975658],[-74.5641742335468,39.2783250240679],[-74.5635897235279,39.2778739552879]]}},{"type":"Feature","id":283092,"properties":{"OBJECTID":283092,"PRIMENAME":"Unnamed Segment","ELEVTYP_F":0,"ELEVTYP_T":0},"geometry":{"type":"LineString","coordinates":[[-74.5682779270198,39.2857147951072],[-74.5673297440412,39.2864673698087],[-74.5668870422028,39.2868119088372]]}},{"type":"Feature","id":283108,"properties":{"OBJECTID":283108,"PRIMENAME":"5th Street","ELEVTYP_F":0,"ELEVTYP_T":0},"geometry":{"type":"LineString","coordinates":[[-74.5679403660078,39.2811422056291],[-74.5676313954233,39.2809059530923],[-74.5675047188243,39.2808102836483]]}},{"type":"Feature","id":283148,"properties":{"OBJECTID":283148,"PRIMENAME":"Unnamed Segment","ELEVTYP_F":0,"ELEVTYP_T":0},"geometry":{"type":"LineString","coordinates":[[-74.5997511918317,39.2599275141167],[-74.5993461994284,39.2603082525608],[-74.5991792904167,39.2604648185682],[-74.5990957957476,39.2605394635336],[-74.5990277780561,39.2605948743782],[-74.5989535771577,39.2606478483004],[-74.59883604098,39.2607273810469],[-74.59865674113,39.2608646818614],[-74.5983335419514,39.2610969140014]]}},{"type":"Feature","id":283187,"properties":{"OBJECTID":283187,"PRIMENAME":"Brighton Place","ELEVTYP_F":0,"ELEVTYP_T":0},"geometry":{"type":"LineString","coordinates":[[-74.5647462252658,39.2797885785804],[-74.5648224117939,39.2798468824364],[-74.5663468549508,39.2810152843826],[-74.5668083028403,39.281361639661]]}},{"type":"Feature","id":283451,"properties":{"OBJECTID":283451,"PRIMENAME":"Haven Avenue","ELEVTYP_F":0,"ELEVTYP_T":0},"geometry":{"type":"LineString","coordinates":[[-74.6315016180869,39.2320763492675],[-74.6316183999084,39.2319402768506],[-74.6321458885865,39.231319939783],[-74.6326008712219,39.2308025935663]]}},{"type":"Feature","id":283483,"properties":{"OBJECTID":283483,"PRIMENAME":"Unnamed Segment","ELEVTYP_F":0,"ELEVTYP_T":0},"geometry":{"type":"LineString","coordinates":[[-74.5622920762991,39.2849301057694],[-74.5608106767585,39.2837941649281],[-74.5596190089553,39.2828813661885]]}},{"type":"Feature","id":283521,"properties":{"OBJECTID":283521,"PRIMENAME":"49th Street","ELEVTYP_F":0,"ELEVTYP_T":0},"geometry":{"type":"LineString","coordinates":[[-74.6277747485306,39.2320614968328],[-74.6281849846897,39.2322911664949]]}},{"type":"Feature","id":283628,"properties":{"OBJECTID":283628,"PRIMENAME":"Unnamed Segment","ELEVTYP_F":0,"ELEVTYP_T":0},"geometry":{"type":"LineString","coordinates":[[-74.5867231565341,39.2717014771803],[-74.5864864821395,39.2718743031753],[-74.585792900244,39.2723826363778],[-74.5852824811022,39.2727550827796]]}},{"type":"Feature","id":284020,"properties":{"OBJECTID":284020,"PRIMENAME":"31st Street","ELEVTYP_F":0,"ELEVTYP_T":0},"geometry":{"type":"LineString","coordinates":[[-74.6064637640298,39.2542745282396],[-74.6066285724303,39.2543839043695],[-74.6068524125421,39.2545282619349]]}},{"type":"Feature","id":284139,"properties":{"OBJECTID":284139,"PRIMENAME":"Unnamed Segment","ELEVTYP_F":0,"ELEVTYP_T":0},"geometry":{"type":"LineString","coordinates":[[-74.5729820971409,39.2785325144921],[-74.5733848233339,39.2782142801344],[-74.5743728965373,39.2774337068477]]}},{"type":"Feature","id":284164,"properties":{"OBJECTID":284164,"PRIMENAME":"5th Street","ELEVTYP_F":0,"ELEVTYP_T":0},"geometry":{"type":"LineString","coordinates":[[-74.568824156255,39.2818178182017],[-74.5683763014068,39.2814754445936]]}},{"type":"Feature","id":284216,"properties":{"OBJECTID":284216,"PRIMENAME":"West Avenue","ELEVTYP_F":0,"ELEVTYP_T":0},"geometry":{"type":"LineString","coordinates":[[-74.6016826769159,39.2611807476888],[-74.601338802998,39.2614964477963],[-74.6011600885428,39.2616697488912],[-74.600981358732,39.2618337685238],[-74.600790669336,39.2619823391773],[-74.6004966670649,39.2622051888307],[-74.6001311322714,39.2624714271224],[-74.6000566839645,39.2625256090485]]}},{"type":"Feature","id":284240,"properties":{"OBJECTID":284240,"PRIMENAME":"Simpson Avenue","ELEVTYP_F":0,"ELEVTYP_T":0},"geometry":{"type":"LineString","coordinates":[[-74.6059657220426,39.2599175769977],[-74.6059643021719,39.2599126913143],[-74.6059716238637,39.2598723772397],[-74.6060011859894,39.259826304668],[-74.6061453912692,39.2596851257509],[-74.6070439108606,39.2588581440739],[-74.607172991815,39.2587375156753]]}},{"type":"Feature","id":284271,"properties":{"OBJECTID":284271,"PRIMENAME":"Wesley Avenue","ELEVTYP_F":0,"ELEVTYP_T":0},"geometry":{"type":"LineString","coordinates":[[-74.5921616234382,39.2649766379498],[-74.5919092124268,39.2651621459867],[-74.591371256493,39.2655618785556],[-74.590728095619,39.2660346447666]]}},{"type":"Feature","id":284449,"properties":{"OBJECTID":284449,"PRIMENAME":"Bay Avenue","ELEVTYP_F":0,"ELEVTYP_T":0},"geometry":{"type":"LineString","coordinates":[[-74.5883867726295,39.2745697988689],[-74.5879984374015,39.2748557844142],[-74.587907343181,39.2749220249538]]}},{"type":"Feature","id":284461,"properties":{"OBJECTID":284461,"PRIMENAME":"West 12th Street","ELEVTYP_F":0,"ELEVTYP_T":0},"geometry":{"type":"LineString","coordinates":[[-74.5842533208969,39.2786271271101],[-74.5844875307454,39.2788203377981]]}},{"type":"Feature","id":284660,"properties":{"OBJECTID":284660,"PRIMENAME":"Bay Avenue","ELEVTYP_F":0,"ELEVTYP_T":0},"geometry":{"type":"LineString","coordinates":[[-74.6092937068573,39.2581008981036],[-74.6090336117059,39.2583426558414],[-74.608023802827,39.2592870535405]]}},{"type":"Feature","id":284872,"properties":{"OBJECTID":284872,"PRIMENAME":"Unnamed Segment","ELEVTYP_F":0,"ELEVTYP_T":0},"geometry":{"type":"LineString","coordinates":[[-74.5696296821172,39.2824324329394],[-74.5686528180152,39.2832037343229],[-74.5682384628894,39.283532364261]]}},{"type":"Feature","id":285063,"properties":{"OBJECTID":285063,"PRIMENAME":"Lenape Lane","ELEVTYP_F":0,"ELEVTYP_T":0},"geometry":{"type":"LineString","coordinates":[[-74.6414665808909,39.2725755335189],[-74.6427930700798,39.2735725016128],[-74.6429255796897,39.2736720925353]]}},{"type":"Feature","id":285119,"properties":{"OBJECTID":285119,"PRIMENAME":"North Street","ELEVTYP_F":0,"ELEVTYP_T":0},"geometry":{"type":"LineString","coordinates":[[-74.5622760582796,39.2875888381575],[-74.5626948988587,39.2879138700555]]}},{"type":"Feature","id":285330,"properties":{"OBJECTID":285330,"PRIMENAME":"49th Street","ELEVTYP_F":0,"ELEVTYP_T":0},"geometry":{"type":"LineString","coordinates":[[-74.6294067661268,39.2329752320166],[-74.6298652888876,39.2332318876502]]}},{"type":"Feature","id":285401,"properties":{"OBJECTID":285401,"PRIMENAME":"Frederick Avenue","ELEVTYP_F":0,"ELEVTYP_T":0},"geometry":{"type":"LineString","coordinates":[[-74.6453275143304,39.272630279302],[-74.6456113040097,39.2725391236581]]}},{"type":"Feature","id":285480,"properties":{"OBJECTID":285480,"PRIMENAME":"15th Street","ELEVTYP_F":0,"ELEVTYP_T":0},"geometry":{"type":"LineString","coordinates":[[-74.5835104161338,39.2712865038291],[-74.583140239647,39.27097806827]]}},{"type":"Feature","id":285500,"properties":{"OBJECTID":285500,"PRIMENAME":"Vernon Lane","ELEVTYP_F":0,"ELEVTYP_T":0},"geometry":{"type":"LineString","coordinates":[[-74.6181526303573,39.2530159025738],[-74.6181335055812,39.2528568892599]]}},{"type":"Feature","id":285644,"properties":{"OBJECTID":285644,"PRIMENAME":"Unnamed Segment","ELEVTYP_F":0,"ELEVTYP_T":0},"geometry":{"type":"LineString","coordinates":[[-74.6388746558133,39.2284770134498],[-74.6392794409555,39.2279886047902],[-74.6394513204616,39.2277698659738]]}},{"type":"Feature","id":286156,"properties":{"OBJECTID":286156,"PRIMENAME":"Haven Avenue","ELEVTYP_F":0,"ELEVTYP_T":0},"geometry":{"type":"LineString","coordinates":[[-74.6302678247647,39.2334141938254],[-74.6302941492251,39.2334070253128],[-74.6303297313063,39.2333844152372],[-74.6304243712844,39.2332818391164],[-74.6308424341708,39.2328319484936],[-74.6313011700724,39.2323100450659],[-74.6315016180869,39.2320763492675]]}},{"type":"Feature","id":286302,"properties":{"OBJECTID":286302,"PRIMENAME":"East 11th Street","ELEVTYP_F":0,"ELEVTYP_T":0},"geometry":{"type":"LineString","coordinates":[[-74.577374049956,39.275192567691],[-74.5777435833139,39.2754975896523]]}},{"type":"Feature","id":286377,"properties":{"OBJECTID":286377,"PRIMENAME":"Coral Lane","ELEVTYP_F":0,"ELEVTYP_T":0},"geometry":{"type":"LineString","coordinates":[[-74.6034365118176,39.2705864418765],[-74.6028788046302,39.271279060055],[-74.6027873728401,39.2713926093867]]}},{"type":"Feature","id":286409,"properties":{"OBJECTID":286409,"PRIMENAME":"East 14th Street","ELEVTYP_F":0,"ELEVTYP_T":0},"geometry":{"type":"LineString","coordinates":[[-74.5835083745736,39.2735247291676],[-74.5831718874966,39.2732463076101]]}},{"type":"Feature","id":286668,"properties":{"OBJECTID":286668,"PRIMENAME":"West 55th Street","ELEVTYP_F":0,"ELEVTYP_T":0},"geometry":{"type":"LineString","coordinates":[[-74.6416290868628,39.2273048840054],[-74.6425309007052,39.2269977721609]]}},{"type":"Feature","id":286833,"properties":{"OBJECTID":286833,"PRIMENAME":"Atlantic Avenue","ELEVTYP_F":0,"ELEVTYP_T":0},"geometry":{"type":"LineString","coordinates":[[-74.5697289965683,39.2790489720618],[-74.5694191966642,39.2792938826181]]}},{"type":"Feature","id":287040,"properties":{"OBJECTID":287040,"PRIMENAME":"Marshall Lane","ELEVTYP_F":0,"ELEVTYP_T":0},"geometry":{"type":"LineString","coordinates":[[-74.6026016759499,39.2698936401285],[-74.6014644196541,39.2707088611024],[-74.6013420949038,39.2707965456629]]}},{"type":"Feature","id":287310,"properties":{"OBJECTID":287310,"PRIMENAME":"51st Street","ELEVTYP_F":0,"ELEVTYP_T":0},"geometry":{"type":"LineString","coordinates":[[-74.630830720499,39.2299078934607],[-74.6304175645709,39.2296998733116]]}},{"type":"Feature","id":287391,"properties":{"OBJECTID":287391,"PRIMENAME":"West 17th Street","ELEVTYP_F":0,"ELEVTYP_T":0},"geometry":{"type":"LineString","coordinates":[[-74.5927093333693,39.2743728652383],[-74.5929511326764,39.2745551521427],[-74.5931554602433,39.2746898582396],[-74.5932077742603,39.2747165320764],[-74.5934040075663,39.2748165940666],[-74.5936151093824,39.2749169176217],[-74.5937887305237,39.2749908291385],[-74.5939521141862,39.2750436081495],[-74.5941018806698,39.2750831351238],[-74.5942312033351,39.2751041998757],[-74.5943843246983,39.275117282825],[-74.5946191077171,39.2751197551168],[-74.5948266281492,39.2751037165153],[-74.5948815814315,39.2750929087223],[-74.594928688684,39.2750798282185],[-74.594970846409,39.2750628799967],[-74.5950170885497,39.275037444479],[-74.5950628993941,39.2750050621506],[-74.5951020577383,39.2749659587944],[-74.5951305236811,39.2749341130807],[-74.595159779685,39.2748865878954],[-74.5951708249843,39.2748515161472],[-74.59517671461,39.2748178214656],[-74.5951731872804,39.2747437731194],[-74.595156084394,39.2746617996183],[-74.595111862245,39.2745874818394],[-74.5950885042093,39.2745559532028],[-74.5950606273078,39.2745270082068],[-74.5949857074301,39.2744794590602],[-74.5949462927715,39.2744598865989],[-74.5948939877259,39.2744436468639],[-74.5947991601322,39.2744339492747],[-74.5947230289284,39.2744316771971],[-74.5946510044185,39.2744348661225],[-74.5945749207381,39.274441215684],[-74.5944957353369,39.2744534158542],[-74.5942916433862,39.2744958929411],[-74.5941249645899,39.2745410022664],[-74.5940433548433,39.2745622105142],[-74.5939514890182,39.2745755186573],[-74.5938426253026,39.2745835417884],[-74.5937201490876,39.2745836404269],[-74.5935602106009,39.2745705071299],[-74.5933529828616,39.2745423840092],[-74.5933083966005,39.2745363328857],[-74.5930701185118,39.2744810058694],[-74.5927093333693,39.2743728652383]]}},{"type":"Feature","id":287437,"properties":{"OBJECTID":287437,"PRIMENAME":"West 17th Street","ELEVTYP_F":0,"ELEVTYP_T":0},"geometry":{"type":"LineString","coordinates":[[-74.5907887773265,39.2728233244774],[-74.5913043399268,39.2732516644717]]}},{"type":"Feature","id":287629,"properties":{"OBJECTID":287629,"PRIMENAME":"Bay Avenue","ELEVTYP_F":0,"ELEVTYP_T":0},"geometry":{"type":"LineString","coordinates":[[-74.587907343181,39.2749220249538],[-74.5875469528627,39.2751843196629]]}},{"type":"Feature","id":288387,"properties":{"OBJECTID":288387,"PRIMENAME":"Battersea Road","ELEVTYP_F":0,"ELEVTYP_T":0},"geometry":{"type":"LineString","coordinates":[[-74.5600670659165,39.2882559701367],[-74.560009238716,39.2881463088118],[-74.5599398189613,39.2879924204209],[-74.5598669955585,39.2877821090203],[-74.5598405284725,39.2876948916399],[-74.5598241914587,39.2876386680951]]}},{"type":"Feature","id":288657,"properties":{"OBJECTID":288657,"PRIMENAME":"Lake Corson Lane","ELEVTYP_F":0,"ELEVTYP_T":0},"geometry":{"type":"LineString","coordinates":[[-74.6423394505653,39.2692340893691],[-74.6422219068978,39.2691597078772],[-74.6416773883444,39.2688151320014]]}},{"type":"Feature","id":288753,"properties":{"OBJECTID":288753,"PRIMENAME":"East Atlantic Boulevard","ELEVTYP_F":0,"ELEVTYP_T":0},"geometry":{"type":"LineString","coordinates":[[-74.557951425582,39.292833777573],[-74.55809279397,39.2929526784258],[-74.558318514829,39.2931210693725],[-74.5583457730295,39.2931388207872]]}},{"type":"Feature","id":288972,"properties":{"OBJECTID":288972,"PRIMENAME":"3rd Street","ELEVTYP_F":0,"ELEVTYP_T":0},"geometry":{"type":"LineString","coordinates":[[-74.5682779270198,39.2857147951072],[-74.5680216175038,39.2855184345971],[-74.5679197222504,39.2854469688795]]}},{"type":"Feature","id":289472,"properties":{"OBJECTID":289472,"PRIMENAME":"Unnamed Segment","ELEVTYP_F":0,"ELEVTYP_T":0},"geometry":{"type":"LineString","coordinates":[[-74.6097040567715,39.2543797300485],[-74.6105931107636,39.2535541290844],[-74.6109730405687,39.2531990476553]]}},{"type":"Feature","id":289535,"properties":{"OBJECTID":289535,"PRIMENAME":"31st Street","ELEVTYP_F":0,"ELEVTYP_T":0},"geometry":{"type":"LineString","coordinates":[[-74.6061335136884,39.2540326300313],[-74.6061581508554,39.2540707728655],[-74.6062142894772,39.2541088869689],[-74.6064637640298,39.2542745282396]]}},{"type":"Feature","id":289756,"properties":{"OBJECTID":289756,"PRIMENAME":"Wesley Road","ELEVTYP_F":0,"ELEVTYP_T":0},"geometry":{"type":"LineString","coordinates":[[-74.5565876850082,39.2939172718234],[-74.5570833401906,39.2935252452635],[-74.5572573963188,39.2933865839584]]}},{"type":"Feature","id":290042,"properties":{"OBJECTID":290042,"PRIMENAME":"Unnamed Segment","ELEVTYP_F":0,"ELEVTYP_T":0},"geometry":{"type":"LineString","coordinates":[[-74.5888998757702,39.271264941704],[-74.5894862126035,39.2708374239808],[-74.5903478150334,39.2702120809052]]}},{"type":"Feature","id":290265,"properties":{"OBJECTID":290265,"PRIMENAME":"Corinthian Avenue","ELEVTYP_F":0,"ELEVTYP_T":0},"geometry":{"type":"LineString","coordinates":[[-74.5637718925128,39.2795928253489],[-74.5641272577116,39.2793146815174]]}},{"type":"Feature","id":290313,"properties":{"OBJECTID":290313,"PRIMENAME":"14th Street","ELEVTYP_F":0,"ELEVTYP_T":0},"geometry":{"type":"LineString","coordinates":[[-74.582483079045,39.2726762108349],[-74.5821498529007,39.2724004468039],[-74.5820717092057,39.2723358678456]]}},{"type":"Feature","id":290339,"properties":{"OBJECTID":290339,"PRIMENAME":"FR CO 631 EB TO CO 631 EB","ELEVTYP_F":0,"ELEVTYP_T":0},"geometry":{"type":"LineString","coordinates":[[-74.6558044185908,39.2667310196576],[-74.6556227216682,39.2667471324199],[-74.6555568175257,39.2667498842081],[-74.65549549251,39.2667476050511],[-74.655441794444,39.2667439698511],[-74.6553814080861,39.2667343305536],[-74.6553314685918,39.2667208884269],[-74.6552707063318,39.2667015846376],[-74.6551827892583,39.266668945181],[-74.6549936143669,39.2665777923541]]}},{"type":"Feature","id":290360,"properties":{"OBJECTID":290360,"PRIMENAME":"FR BAY AVE TO CO 623 WB","ELEVTYP_F":0,"ELEVTYP_T":0},"geometry":{"type":"LineString","coordinates":[[-74.614290029824,39.2534557505919],[-74.6145529789161,39.2533409675523],[-74.614605565159,39.253320432837],[-74.6146640611788,39.2533067565731],[-74.6147489443891,39.2532975575127],[-74.6148893115656,39.2532906097838],[-74.6151701015532,39.2532675703804],[-74.6157674613963,39.2531809267245]]}},{"type":"Feature","id":290655,"properties":{"OBJECTID":290655,"PRIMENAME":"Wesley Road","ELEVTYP_F":0,"ELEVTYP_T":0},"geometry":{"type":"LineString","coordinates":[[-74.5622760582796,39.2875888381575],[-74.5617817457099,39.2879810792684],[-74.561463018356,39.2882346218158],[-74.5613071643079,39.2883558445572],[-74.5612483019897,39.2884002733869]]}},{"type":"Feature","id":290740,"properties":{"OBJECTID":290740,"PRIMENAME":"John F Kennedy Park Drive","ELEVTYP_F":0,"ELEVTYP_T":0},"geometry":{"type":"LineString","coordinates":[[-74.607773854271,39.3073313139489],[-74.6077109438517,39.307254860328],[-74.6075882839618,39.3068079123724],[-74.60757334768,39.3067674578418],[-74.6075507781724,39.3067291984472],[-74.6075210846446,39.3066940003004],[-74.607484939674,39.306662653693],[-74.607443157172,39.306635868613],[-74.6073966795899,39.3066142495345],[-74.60734655819,39.306598283726],[-74.6072939228849,39.3065883322699],[-74.6072399625117,39.3065846201733],[-74.6071858958376,39.3065872309888],[-74.6054469549969,39.3067899373773],[-74.6053178749473,39.3068078796001],[-74.6051902978471,39.3068314270109],[-74.6050646212766,39.3068605080914],[-74.6049412485837,39.3068950296997],[-74.6048205703423,39.3069348842941],[-74.6047029631813,39.3069799418265],[-74.6046337622923,39.3070123451977],[-74.6045696684377,39.3070505695282],[-74.6045114879213,39.3070941312643],[-74.6044599608625,39.3071424811527],[-74.6044157252642,39.3071950132803],[-74.6043793483199,39.3072510650461],[-74.6043512835281,39.3073099289088],[-74.6043318823052,39.3073708649882],[-74.6043181014642,39.3074436255643],[-74.6043118840022,39.3075170117352],[-74.6043132744625,39.307590550533],[-74.6043222652016,39.3076637636301],[-74.6044006412849,39.3079920080283]]}},{"type":"Feature","id":290767,"properties":{"OBJECTID":290767,"PRIMENAME":"Pine Street","ELEVTYP_F":0,"ELEVTYP_T":0},"geometry":{"type":"LineString","coordinates":[[-74.648525321864,39.263578069135],[-74.6494408739508,39.2642805152787]]}},{"type":"Feature","id":290835,"properties":{"OBJECTID":290835,"PRIMENAME":"East 11th Street","ELEVTYP_F":0,"ELEVTYP_T":0},"geometry":{"type":"LineString","coordinates":[[-74.5769418635711,39.2748347851293],[-74.5770532439716,39.2749277367454],[-74.577374049956,39.275192567691]]}},{"type":"Feature","id":291018,"properties":{"OBJECTID":291018,"PRIMENAME":"West Edinburgh Road","ELEVTYP_F":0,"ELEVTYP_T":0},"geometry":{"type":"LineString","coordinates":[[-74.5580854702022,39.2955069558334],[-74.5580803088004,39.2955041028101],[-74.5579407071462,39.2954348984361],[-74.5578360438637,39.2953957972501],[-74.5577511407868,39.2953656637385]]}},{"type":"Feature","id":291197,"properties":{"OBJECTID":291197,"PRIMENAME":"Unnamed Segment","ELEVTYP_F":0,"ELEVTYP_T":0},"geometry":{"type":"LineString","coordinates":[[-74.6051972940095,39.2686788284281],[-74.6053262781824,39.2687921903851]]}},{"type":"Feature","id":291227,"properties":{"OBJECTID":291227,"PRIMENAME":"FR CO ROOSEVELT BLVD to US 9 SB","ELEVTYP_F":0,"ELEVTYP_T":0},"geometry":{"type":"LineString","coordinates":[[-74.6486571994767,39.2655844312015],[-74.6480529174541,39.2651001055987],[-74.6476717131118,39.2648338944036],[-74.647632654437,39.2648022565448],[-74.647564986287,39.2647549787911],[-74.6475192449685,39.2647212369294],[-74.6474942274153,39.2646993029276],[-74.6474735130921,39.2646748375608],[-74.6474636777606,39.2646503304892],[-74.6474592820106,39.2646258444545],[-74.6474613052555,39.2645633220094],[-74.6474787783214,39.2645076163517]]}},{"type":"Feature","id":291333,"properties":{"OBJECTID":291333,"PRIMENAME":"West 4th Street","ELEVTYP_F":0,"ELEVTYP_T":0},"geometry":{"type":"LineString","coordinates":[[-74.5723919133617,39.2867091945645],[-74.5726643778548,39.2869180243097],[-74.5727883024559,39.2870130069326],[-74.5731150226177,39.2872523926573]]}},{"type":"Feature","id":291340,"properties":{"OBJECTID":291340,"PRIMENAME":"Unnamed Segment","ELEVTYP_F":0,"ELEVTYP_T":0},"geometry":{"type":"LineString","coordinates":[[-74.5881617081962,39.2706503531738],[-74.587991779054,39.2707750817878],[-74.5867231565341,39.2717014771803]]}},{"type":"Feature","id":291363,"properties":{"OBJECTID":291363,"PRIMENAME":"Keats Avenue","ELEVTYP_F":0,"ELEVTYP_T":0},"geometry":{"type":"LineString","coordinates":[[-74.6301020463433,39.2784619461258],[-74.6298599560631,39.278679291919],[-74.6296217335484,39.27892573845],[-74.629340286979,39.2792599842581]]}},{"type":"Feature","id":291393,"properties":{"OBJECTID":291393,"PRIMENAME":"Asbury Avenue","ELEVTYP_F":0,"ELEVTYP_T":0},"geometry":{"type":"LineString","coordinates":[[-74.6319147365216,39.2286156821663],[-74.6311042137691,39.2295830954757],[-74.630830720499,39.2299078934607]]}},{"type":"Feature","id":291734,"properties":{"OBJECTID":291734,"PRIMENAME":"Unnamed Segment","ELEVTYP_F":0,"ELEVTYP_T":0},"geometry":{"type":"LineString","coordinates":[[-74.5868002317175,39.2695228045119],[-74.58646933319,39.2697629985531],[-74.5857518103323,39.2702905144819],[-74.5854208677469,39.2705289759663],[-74.5853627394908,39.2705709176901]]}},{"type":"Feature","id":291776,"properties":{"OBJECTID":291776,"PRIMENAME":"West 7th Street","ELEVTYP_F":0,"ELEVTYP_T":0},"geometry":{"type":"LineString","coordinates":[[-74.5774684766343,39.2841082954535],[-74.5772185475923,39.28391672795]]}},{"type":"Feature","id":292060,"properties":{"OBJECTID":292060,"PRIMENAME":"Battersea Road","ELEVTYP_F":0,"ELEVTYP_T":0},"geometry":{"type":"LineString","coordinates":[[-74.5604433267973,39.2888319349411],[-74.5603133976193,39.2886566341513],[-74.5602109074751,39.2885052889633],[-74.5600985629132,39.2883155629943],[-74.5600670659165,39.2882559701367]]}},{"type":"Feature","id":292193,"properties":{"OBJECTID":292193,"PRIMENAME":"Unnamed Segment","ELEVTYP_F":0,"ELEVTYP_T":0},"geometry":{"type":"LineString","coordinates":[[-74.6301686109391,39.2314044560341],[-74.6296418822697,39.2320258814137],[-74.628985496377,39.2327393739975]]}},{"type":"Feature","id":292454,"properties":{"OBJECTID":292454,"PRIMENAME":"Unnamed Segment","ELEVTYP_F":0,"ELEVTYP_T":0},"geometry":{"type":"LineString","coordinates":[[-74.5780890347738,39.2803275325187],[-74.5782286000401,39.280246055882],[-74.5786313059102,39.2799221202054],[-74.5795572853818,39.279245415275]]}},{"type":"Feature","id":292539,"properties":{"OBJECTID":292539,"PRIMENAME":"Spruce Road","ELEVTYP_F":0,"ELEVTYP_T":0},"geometry":{"type":"LineString","coordinates":[[-74.5989595781607,39.2725259510727],[-74.5984107995729,39.2720687610926],[-74.5983655669749,39.2720314845147]]}},{"type":"Feature","id":292541,"properties":{"OBJECTID":292541,"PRIMENAME":"Asbury Avenue","ELEVTYP_F":0,"ELEVTYP_T":0},"geometry":{"type":"LineString","coordinates":[[-74.6072342000192,39.2547744490163],[-74.606595310305,39.2553668212614],[-74.6059614638836,39.2559629472053]]}},{"type":"Feature","id":292639,"properties":{"OBJECTID":292639,"PRIMENAME":"Asbury Avenue","ELEVTYP_F":0,"ELEVTYP_T":0},"geometry":{"type":"LineString","coordinates":[[-74.638374458427,39.2208887152348],[-74.6392943382466,39.2197906141179],[-74.6394577076013,39.2195980804352]]}},{"type":"Feature","id":292816,"properties":{"OBJECTID":292816,"PRIMENAME":"Unnamed Segment","ELEVTYP_F":0,"ELEVTYP_T":0},"geometry":{"type":"LineString","coordinates":[[-74.63924895383,39.2286676992166],[-74.6392475616259,39.2286659379574],[-74.6388746558133,39.2284770134498]]}},{"type":"Feature","id":293019,"properties":{"OBJECTID":293019,"PRIMENAME":"Unnamed Segment","ELEVTYP_F":0,"ELEVTYP_T":0},"geometry":{"type":"LineString","coordinates":[[-74.5788263436209,39.2741423188348],[-74.5792063533082,39.2738683684543],[-74.5802707867221,39.2730927165055]]}},{"type":"Feature","id":293070,"properties":{"OBJECTID":293070,"PRIMENAME":"Fiftyfifth Street","ELEVTYP_F":0,"ELEVTYP_T":0},"geometry":{"type":"LineString","coordinates":[[-74.6343069343712,39.2243333351523],[-74.6338637625415,39.2241080638739]]}},{"type":"Feature","id":293126,"properties":{"OBJECTID":293126,"PRIMENAME":"53rd Street","ELEVTYP_F":0,"ELEVTYP_T":0},"geometry":{"type":"LineString","coordinates":[[-74.6352292155949,39.2284595475528],[-74.634951961091,39.2283195621765],[-74.6347696933714,39.2282277633591]]}},{"type":"Feature","id":293179,"properties":{"OBJECTID":293179,"PRIMENAME":"Atlantic Avenue","ELEVTYP_F":0,"ELEVTYP_T":0},"geometry":{"type":"LineString","coordinates":[[-74.5643495555796,39.2833038843543],[-74.5638836688706,39.283672230069]]}},{"type":"Feature","id":293191,"properties":{"OBJECTID":293191,"PRIMENAME":"Haven Avenue","ELEVTYP_F":0,"ELEVTYP_T":0},"geometry":{"type":"LineString","coordinates":[[-74.6024955742045,39.2617046321617],[-74.6023300108108,39.2618604321569],[-74.6022191494307,39.2619628082491]]}},{"type":"Feature","id":293304,"properties":{"OBJECTID":293304,"PRIMENAME":"Unnamed Segment","ELEVTYP_F":0,"ELEVTYP_T":0},"geometry":{"type":"LineString","coordinates":[[-74.572435059302,39.2824259444775],[-74.57346330763,39.2816168803795],[-74.5738201139919,39.2813261586165]]}},{"type":"Feature","id":293431,"properties":{"OBJECTID":293431,"PRIMENAME":"Access Drive","ELEVTYP_F":0,"ELEVTYP_T":0},"geometry":{"type":"LineString","coordinates":[[-74.6291481933846,39.2865911103425],[-74.6291806383054,39.2858190043348],[-74.6291590909604,39.2855296422587],[-74.6291138563462,39.2851873084382],[-74.6290477306582,39.2848715115976],[-74.6289263592874,39.284474261496],[-74.6285579104821,39.2837430238258],[-74.6282104967643,39.2830586377674],[-74.6280814523602,39.2827673632152],[-74.6279787221005,39.2825167866176],[-74.6278392575595,39.2822418262856],[-74.6277181023606,39.2819362691113],[-74.6275339922379,39.2813327016448]]}},{"type":"Feature","id":293441,"properties":{"OBJECTID":293441,"PRIMENAME":"Boardwalk","ELEVTYP_F":0,"ELEVTYP_T":0},"geometry":{"type":"LineString","coordinates":[[-74.587122110917,39.267541110507],[-74.5875837532625,39.2672440661595],[-74.5887137749381,39.2664991680225],[-74.5898915420298,39.265722057162],[-74.5901460646073,39.2655535666453]]}},{"type":"Feature","id":293515,"properties":{"OBJECTID":293515,"PRIMENAME":"Unnamed Segment","ELEVTYP_F":0,"ELEVTYP_T":0},"geometry":{"type":"LineString","coordinates":[[-74.5864555929028,39.276525505015],[-74.5868090811273,39.2762645692186]]}},{"type":"Feature","id":293548,"properties":{"OBJECTID":293548,"PRIMENAME":"35th Street","ELEVTYP_F":0,"ELEVTYP_T":0},"geometry":{"type":"LineString","coordinates":[[-74.6111517231946,39.2492983022609],[-74.611019373574,39.2492124049637],[-74.6108139882106,39.2490758911195]]}},{"type":"Feature","id":293747,"properties":{"OBJECTID":293747,"PRIMENAME":"13th Street","ELEVTYP_F":0,"ELEVTYP_T":0},"geometry":{"type":"LineString","coordinates":[[-74.5802707867221,39.2730927165055],[-74.5805165288432,39.2732938357498],[-74.5806299249996,39.2733880995781]]}},{"type":"Feature","id":293779,"properties":{"OBJECTID":293779,"PRIMENAME":"Unnamed Segment","ELEVTYP_F":0,"ELEVTYP_T":0},"geometry":{"type":"LineString","coordinates":[[-74.5802789753067,39.2753457336908],[-74.5793278500155,39.2760398153743],[-74.5788355854693,39.2764000030796]]}},{"type":"Feature","id":293850,"properties":{"OBJECTID":293850,"PRIMENAME":"17th Street","ELEVTYP_F":0,"ELEVTYP_T":0},"geometry":{"type":"LineString","coordinates":[[-74.5868002317175,39.2695228045119],[-74.5866332287439,39.2693846272338],[-74.5863939492874,39.2691842852722]]}},{"type":"Feature","id":293911,"properties":{"OBJECTID":293911,"PRIMENAME":"Warwick Road","ELEVTYP_F":0,"ELEVTYP_T":0},"geometry":{"type":"LineString","coordinates":[[-74.5698217532786,39.2868970052948],[-74.5706925653512,39.2862065383462],[-74.571116135206,39.2858672401864],[-74.5712030870337,39.2857982147776]]}},{"type":"Feature","id":294058,"properties":{"OBJECTID":294058,"PRIMENAME":"Unnamed Segment","ELEVTYP_F":0,"ELEVTYP_T":0},"geometry":{"type":"LineString","coordinates":[[-74.5853695960169,39.2773271536118],[-74.5857375011587,39.2770555790249]]}},{"type":"Feature","id":294171,"properties":{"OBJECTID":294171,"PRIMENAME":"3rd Street","ELEVTYP_F":0,"ELEVTYP_T":0},"geometry":{"type":"LineString","coordinates":[[-74.5655991465529,39.2836690250717],[-74.5651592513915,39.2833336088739]]}},{"type":"Feature","id":294285,"properties":{"OBJECTID":294285,"PRIMENAME":"Frederick Avenue","ELEVTYP_F":0,"ELEVTYP_T":0},"geometry":{"type":"LineString","coordinates":[[-74.6456113040097,39.2725391236581],[-74.6462406584883,39.2723369641741]]}},{"type":"Feature","id":294288,"properties":{"OBJECTID":294288,"PRIMENAME":"West Avenue","ELEVTYP_F":0,"ELEVTYP_T":0},"geometry":{"type":"LineString","coordinates":[[-74.6392248900537,39.2213191124739],[-74.6385367631174,39.2221451919319],[-74.6381556464795,39.2226030565843]]}},{"type":"Feature","id":294295,"properties":{"OBJECTID":294295,"PRIMENAME":"Unnamed Segment","ELEVTYP_F":0,"ELEVTYP_T":0},"geometry":{"type":"LineString","coordinates":[[-74.5816831361967,39.2810071014593],[-74.5811495071168,39.2813922578983]]}},{"type":"Feature","id":294456,"properties":{"OBJECTID":294456,"PRIMENAME":"Gardens Parkway","ELEVTYP_F":0,"ELEVTYP_T":0},"geometry":{"type":"LineString","coordinates":[[-74.5582240448368,39.2915630662612],[-74.5582228372679,39.2914277591575],[-74.5582280648578,39.2912967313321],[-74.5582413395085,39.2911552652768],[-74.5582599697327,39.2910387834912],[-74.5583019487829,39.2907855806119]]}},{"type":"Feature","id":294516,"properties":{"OBJECTID":294516,"PRIMENAME":"East 14th Street","ELEVTYP_F":0,"ELEVTYP_T":0},"geometry":{"type":"LineString","coordinates":[[-74.5864618867681,39.2759770219416],[-74.5860736758365,39.2756555672501]]}},{"type":"Feature","id":294560,"properties":{"OBJECTID":294560,"PRIMENAME":"West 7th Street","ELEVTYP_F":0,"ELEVTYP_T":0},"geometry":{"type":"LineString","coordinates":[[-74.5776650479044,39.2842589863157],[-74.5774684766343,39.2841082954535]]}},{"type":"Feature","id":294579,"properties":{"OBJECTID":294579,"PRIMENAME":"Mays Landing Road","ELEVTYP_F":0,"ELEVTYP_T":0},"geometry":{"type":"LineString","coordinates":[[-74.6026931276712,39.3093728295289],[-74.602919426764,39.3094351446061],[-74.6036901865182,39.3096473787293],[-74.6043560873283,39.3098307333025],[-74.604718752236,39.3099307748967],[-74.6060816622305,39.3103067257184],[-74.6061843730793,39.310335057365],[-74.6067871387713,39.3105026831678],[-74.6071991162733,39.3106172496991],[-74.6077099085227,39.3107592937937],[-74.6081625516956,39.3108854911639]]}},{"type":"Feature","id":294718,"properties":{"OBJECTID":294718,"PRIMENAME":"Wistar Avenue","ELEVTYP_F":0,"ELEVTYP_T":0},"geometry":{"type":"LineString","coordinates":[[-74.6450398237397,39.2656550672537],[-74.6445531278493,39.2653457908139],[-74.6443819448469,39.2652348018773]]}},{"type":"Feature","id":294791,"properties":{"OBJECTID":294791,"PRIMENAME":"Unnamed Segment","ELEVTYP_F":0,"ELEVTYP_T":0},"geometry":{"type":"LineString","coordinates":[[-74.6063371815432,39.2562079346797],[-74.6059481411195,39.2565671276831],[-74.6050779349264,39.2573756799274]]}},{"type":"Feature","id":294917,"properties":{"OBJECTID":294917,"PRIMENAME":"Wesley Road","ELEVTYP_F":0,"ELEVTYP_T":0},"geometry":{"type":"LineString","coordinates":[[-74.5572573963188,39.2933865839584],[-74.557951425582,39.292833777573]]}},{"type":"Feature","id":294961,"properties":{"OBJECTID":294961,"PRIMENAME":"Harding Avenue","ELEVTYP_F":0,"ELEVTYP_T":0},"geometry":{"type":"LineString","coordinates":[[-74.6302731515776,39.2843045413542],[-74.631424776371,39.2846509091453],[-74.6315333408795,39.2846845042845],[-74.6315810926579,39.2846945818653],[-74.6316288254854,39.2846945279148]]}},{"type":"Feature","id":295101,"properties":{"OBJECTID":295101,"PRIMENAME":"Haven Avenue","ELEVTYP_F":0,"ELEVTYP_T":0},"geometry":{"type":"LineString","coordinates":[[-74.5680554583924,39.2877018571601],[-74.5692177854063,39.2867921229964],[-74.5694409719478,39.2866058309457]]}},{"type":"Feature","id":295104,"properties":{"OBJECTID":295104,"PRIMENAME":"Wesley Avenue","ELEVTYP_F":0,"ELEVTYP_T":0},"geometry":{"type":"LineString","coordinates":[[-74.5979295531954,39.2607627430281],[-74.5976282322105,39.2609826540529],[-74.5972637498389,39.2612473168868],[-74.5964931840223,39.2618124228056]]}},{"type":"Feature","id":295218,"properties":{"OBJECTID":295218,"PRIMENAME":"Bay Front","ELEVTYP_F":0,"ELEVTYP_T":0},"geometry":{"type":"LineString","coordinates":[[-74.582490182691,39.2794189464841],[-74.5830525478179,39.2790089501407],[-74.5832435476862,39.2788699493209],[-74.5833105494657,39.2788209507279]]}},{"type":"Feature","id":295472,"properties":{"OBJECTID":295472,"PRIMENAME":"32nd Street","ELEVTYP_F":0,"ELEVTYP_T":0},"geometry":{"type":"LineString","coordinates":[[-74.6109810930017,39.2551929287147],[-74.6113959986006,39.2554663367413]]}},{"type":"Feature","id":295551,"properties":{"OBJECTID":295551,"PRIMENAME":"Diane Avenue","ELEVTYP_F":0,"ELEVTYP_T":0},"geometry":{"type":"LineString","coordinates":[[-74.6466450711131,39.2722071055538],[-74.6465762303452,39.2721430248187],[-74.6464806073232,39.272058796602],[-74.6458201088879,39.2716177854906],[-74.6453899130331,39.2713383701683],[-74.6446164704398,39.2708165496766],[-74.6445125143277,39.2707662128259],[-74.6444573404844,39.270750025932],[-74.6444050404747,39.2707404537948],[-74.6443404283263,39.2707383647185],[-74.6442634572545,39.2707554289025],[-74.6441846466894,39.2707887767881],[-74.6441201029095,39.2708376209378],[-74.6440195279489,39.2709204463229],[-74.6436891281554,39.2712084953563]]}},{"type":"Feature","id":295702,"properties":{"OBJECTID":295702,"PRIMENAME":"Starboard Lane","ELEVTYP_F":0,"ELEVTYP_T":0},"geometry":{"type":"LineString","coordinates":[[-74.5584579610979,39.2967473609612],[-74.5585851932735,39.2966845026853],[-74.5587208398301,39.296627214297],[-74.5587712135119,39.2966061015966],[-74.5588021890752,39.2965880191209],[-74.5588177220197,39.2965699174148],[-74.5588176993652,39.2965428441977],[-74.5588060184303,39.2965187432682],[-74.5587827412766,39.2964886343219],[-74.5587051630134,39.2964314534108],[-74.5581621479436,39.2960160815111],[-74.5579914827606,39.2959017256248],[-74.5579604700472,39.2958746408117],[-74.5579372009147,39.2958535651077],[-74.5579254869452,39.2958324836506],[-74.5579254720576,39.295814417721],[-74.5579332565497,39.2957842931429],[-74.5580172785979,39.2956312038534],[-74.5580854702022,39.2955069558334]]}},{"type":"Feature","id":295839,"properties":{"OBJECTID":295839,"PRIMENAME":"Bay Avenue","ELEVTYP_F":0,"ELEVTYP_T":0},"geometry":{"type":"LineString","coordinates":[[-74.5871773833948,39.275453595188],[-74.5868076365866,39.2757242136882]]}},{"type":"Feature","id":295956,"properties":{"OBJECTID":295956,"PRIMENAME":"Sunnyside Court","ELEVTYP_F":0,"ELEVTYP_T":0},"geometry":{"type":"LineString","coordinates":[[-74.6122174439179,39.2565637264928],[-74.6132643940949,39.2572511750733],[-74.6133081139042,39.2572933623347],[-74.6133375527731,39.2573492632294],[-74.6133450809471,39.2573960708926],[-74.613341538771,39.2574557936516],[-74.6133196452544,39.2575013120384],[-74.6132721847267,39.2575496820805],[-74.6129653616322,39.2577575293396],[-74.6129142013779,39.2577888529034],[-74.6128740017081,39.2578059426924],[-74.6128191722717,39.2578173633345],[-74.6127569379166,39.2578145950157],[-74.6126947873544,39.257797577329],[-74.6125849908085,39.2577351086002],[-74.6116344807685,39.2571080772109]]}},{"type":"Feature","id":296027,"properties":{"OBJECTID":296027,"PRIMENAME":"Unnamed Segment","ELEVTYP_F":0,"ELEVTYP_T":0},"geometry":{"type":"LineString","coordinates":[[-74.5601341739916,39.2902102748138],[-74.560109359915,39.2901990030492],[-74.5600917855391,39.2901838828413],[-74.5600754484264,39.2901678017177],[-74.5600617190324,39.2901455954691],[-74.5600306839639,39.2900902857837],[-74.5599996427819,39.2900277551157],[-74.5599779967815,39.2900012695346],[-74.5599532169718,39.289989283368],[-74.5599191446467,39.2899772749541],[-74.559813904842,39.2899580821355],[-74.5596187894161,39.2899148824692],[-74.5592619590383,39.2898377174865]]}},{"type":"Feature","id":296695,"properties":{"OBJECTID":296695,"PRIMENAME":"19th Street","ELEVTYP_F":0,"ELEVTYP_T":0},"geometry":{"type":"LineString","coordinates":[[-74.5907079780655,39.2682668462277],[-74.5903697541316,39.2679867160882]]}},{"type":"Feature","id":296735,"properties":{"OBJECTID":296735,"PRIMENAME":"East 17th Street","ELEVTYP_F":0,"ELEVTYP_T":0},"geometry":{"type":"LineString","coordinates":[[-74.5878287511827,39.2703737817452],[-74.5874869221721,39.2700909832187]]}},{"type":"Feature","id":297068,"properties":{"OBJECTID":297068,"PRIMENAME":"Bay Avenue","ELEVTYP_F":0,"ELEVTYP_T":0},"geometry":{"type":"LineString","coordinates":[[-74.5907887773265,39.2728233244774],[-74.5904992756376,39.2730341460356],[-74.5902482025188,39.2732161053508],[-74.5901913835787,39.2732572818501]]}},{"type":"Feature","id":297103,"properties":{"OBJECTID":297103,"PRIMENAME":"Ventnor Avenue","ELEVTYP_F":0,"ELEVTYP_T":0},"geometry":{"type":"LineString","coordinates":[[-74.6391424735194,39.2744515421413],[-74.638322156393,39.2739067264062]]}},{"type":"Feature","id":297703,"properties":{"OBJECTID":297703,"PRIMENAME":"Moore Avenue","ELEVTYP_F":0,"ELEVTYP_T":0},"geometry":{"type":"LineString","coordinates":[[-74.5770726714028,39.2816320655084],[-74.5769747592733,39.2816521465354],[-74.5769350636031,39.2816661751432],[-74.576907596262,39.2816831620672],[-74.5767582397116,39.2817959993586],[-74.5762385265111,39.2822079226191],[-74.575619647309,39.2826970903695]]}},{"type":"Feature","id":298030,"properties":{"OBJECTID":298030,"PRIMENAME":"East 17th Street","ELEVTYP_F":0,"ELEVTYP_T":0},"geometry":{"type":"LineString","coordinates":[[-74.5888998757702,39.271264941704],[-74.5885549603048,39.2709777833256],[-74.5885193867158,39.2709481561697]]}},{"type":"Feature","id":298302,"properties":{"OBJECTID":298302,"PRIMENAME":"Central Avenue","ELEVTYP_F":0,"ELEVTYP_T":0},"geometry":{"type":"LineString","coordinates":[[-74.5813800776883,39.2740117057018],[-74.5811218874317,39.2742012307173],[-74.5799485731376,39.2750720487482]]}},{"type":"Feature","id":298632,"properties":{"OBJECTID":298632,"PRIMENAME":"Asbury Avenue","ELEVTYP_F":0,"ELEVTYP_T":0},"geometry":{"type":"LineString","coordinates":[[-74.6182081533097,39.243743532037],[-74.6178251932233,39.2441559711201],[-74.617046043627,39.2449963178189]]}},{"type":"Feature","id":298768,"properties":{"OBJECTID":298768,"PRIMENAME":"Tennessee Avenue","ELEVTYP_F":0,"ELEVTYP_T":0},"geometry":{"type":"LineString","coordinates":[[-74.6007992181761,39.2683948728656],[-74.6015044329633,39.2689762698222],[-74.6016924387675,39.2691334625531]]}},{"type":"Feature","id":298979,"properties":{"OBJECTID":298979,"PRIMENAME":"54th Street","ELEVTYP_F":0,"ELEVTYP_T":0},"geometry":{"type":"LineString","coordinates":[[-74.6332291974595,39.2256218293761],[-74.6336518787477,39.2258346608314]]}},{"type":"Feature","id":299219,"properties":{"OBJECTID":299219,"PRIMENAME":"East 14th Street","ELEVTYP_F":0,"ELEVTYP_T":0},"geometry":{"type":"LineString","coordinates":[[-74.5853280645718,39.2750381102235],[-74.5852083648673,39.2749389956743],[-74.5849573671892,39.2747301476579]]}},{"type":"Feature","id":299298,"properties":{"OBJECTID":299298,"PRIMENAME":"West Avenue","ELEVTYP_F":0,"ELEVTYP_T":0},"geometry":{"type":"LineString","coordinates":[[-74.5870800560977,39.2719978852444],[-74.5868670977381,39.2721533137849],[-74.5856394834853,39.2730499033757]]}},{"type":"Feature","id":299378,"properties":{"OBJECTID":299378,"PRIMENAME":"Wesley Road","ELEVTYP_F":0,"ELEVTYP_T":0},"geometry":{"type":"LineString","coordinates":[[-74.5558997416094,39.2962267573053],[-74.5557183830427,39.2961396521148],[-74.5554811959243,39.2959987186611],[-74.555225446675,39.2958434056361],[-74.5549548443413,39.2956708015184],[-74.5547695078613,39.29554137441],[-74.5547028186242,39.2954838280734],[-74.5546879521874,39.2954521775522]]}},{"type":"Feature","id":299661,"properties":{"OBJECTID":299661,"PRIMENAME":"Unnamed Segment","ELEVTYP_F":0,"ELEVTYP_T":0},"geometry":{"type":"LineString","coordinates":[[-74.6241015129735,39.2394642526573],[-74.6252471009485,39.2382162452109]]}},{"type":"Feature","id":300099,"properties":{"OBJECTID":300099,"PRIMENAME":"West 18th Street","ELEVTYP_F":0,"ELEVTYP_T":0},"geometry":{"type":"LineString","coordinates":[[-74.5927556495671,39.2722058014732],[-74.593817071066,39.273090772796]]}},{"type":"Feature","id":300360,"properties":{"OBJECTID":300360,"PRIMENAME":"West Avenue","ELEVTYP_F":0,"ELEVTYP_T":0},"geometry":{"type":"LineString","coordinates":[[-74.5798704043978,39.2772574150444],[-74.5795778509482,39.2774702436569],[-74.5784289394833,39.2783042639737]]}},{"type":"Feature","id":300511,"properties":{"OBJECTID":300511,"PRIMENAME":"Ocean Avenue","ELEVTYP_F":0,"ELEVTYP_T":0},"geometry":{"type":"LineString","coordinates":[[-74.5769418635711,39.2748347851293],[-74.5764583155654,39.275189657561],[-74.5754988913636,39.2758863222319]]}},{"type":"Feature","id":300517,"properties":{"OBJECTID":300517,"PRIMENAME":"Spruce Road","ELEVTYP_F":0,"ELEVTYP_T":0},"geometry":{"type":"LineString","coordinates":[[-74.6013937199222,39.2739941873881],[-74.6009341841603,39.2738586182236]]}},{"type":"Feature","id":300588,"properties":{"OBJECTID":300588,"PRIMENAME":"Unnamed Segment","ELEVTYP_F":0,"ELEVTYP_T":0},"geometry":{"type":"LineString","coordinates":[[-74.6229759705802,39.2406698326685],[-74.6230024567409,39.2406524520543],[-74.6232292048194,39.2404061944897],[-74.6240222904646,39.2395505255606],[-74.6241015129735,39.2394642526573]]}},{"type":"Feature","id":301102,"properties":{"OBJECTID":301102,"PRIMENAME":"Asbury Avenue","ELEVTYP_F":0,"ELEVTYP_T":0},"geometry":{"type":"LineString","coordinates":[[-74.6340678479826,39.2260441491831],[-74.6334172787779,39.2268123843368],[-74.6329863360211,39.2273307497972]]}},{"type":"Feature","id":301116,"properties":{"OBJECTID":301116,"PRIMENAME":"Asbury Avenue","ELEVTYP_F":0,"ELEVTYP_T":0},"geometry":{"type":"LineString","coordinates":[[-74.5849431626148,39.2724745541464],[-74.5846878775943,39.272658895352],[-74.5835083745736,39.2735247291676]]}},{"type":"Feature","id":301120,"properties":{"OBJECTID":301120,"PRIMENAME":"West Avenue","ELEVTYP_F":0,"ELEVTYP_T":0},"geometry":{"type":"LineString","coordinates":[[-74.6327659650201,39.2290475519669],[-74.6324463128751,39.2294328682462],[-74.6316861226503,39.2303395195361]]}},{"type":"Feature","id":301601,"properties":{"OBJECTID":301601,"PRIMENAME":"East 10th Street","ELEVTYP_F":0,"ELEVTYP_T":0},"geometry":{"type":"LineString","coordinates":[[-74.5803040602903,39.279867025662],[-74.5799266055316,39.279553999288]]}},{"type":"Feature","id":301790,"properties":{"OBJECTID":301790,"PRIMENAME":"Bark Drive","ELEVTYP_F":0,"ELEVTYP_T":0},"geometry":{"type":"LineString","coordinates":[[-74.6398342488489,39.2279659742574],[-74.63924895383,39.2286676992166]]}},{"type":"Feature","id":302065,"properties":{"OBJECTID":302065,"PRIMENAME":"East 11th Street","ELEVTYP_F":0,"ELEVTYP_T":0},"geometry":{"type":"LineString","coordinates":[[-74.5777435833139,39.2754975896523],[-74.5781476309602,39.2758311154173]]}},{"type":"Feature","id":302153,"properties":{"OBJECTID":302153,"PRIMENAME":"Asbury Avenue","ELEVTYP_F":0,"ELEVTYP_T":0},"geometry":{"type":"LineString","coordinates":[[-74.6205119325225,39.2412517846083],[-74.6201303717932,39.241661264461],[-74.619533809855,39.2423101948748],[-74.6193575277183,39.2425019501542]]}},{"type":"Feature","id":302312,"properties":{"OBJECTID":302312,"PRIMENAME":"Ocean Avenue","ELEVTYP_F":0,"ELEVTYP_T":0},"geometry":{"type":"LineString","coordinates":[[-74.5812714353361,39.2716746844078],[-74.5804874961535,39.2722479858083],[-74.5798255213547,39.272728255012]]}},{"type":"Feature","id":302714,"properties":{"OBJECTID":302714,"PRIMENAME":"Central Avenue","ELEVTYP_F":0,"ELEVTYP_T":0},"geometry":{"type":"LineString","coordinates":[[-74.5914705088808,39.2666476224367],[-74.5909465057729,39.2670303182157],[-74.5900262300831,39.2677022245578]]}},{"type":"Feature","id":303520,"properties":{"OBJECTID":303520,"PRIMENAME":"East 10th Street","ELEVTYP_F":0,"ELEVTYP_T":0},"geometry":{"type":"LineString","coordinates":[[-74.5773879807182,39.2774508520931],[-74.5772504319933,39.277338039755],[-74.5770487063636,39.2771708492515]]}},{"type":"Feature","id":303614,"properties":{"OBJECTID":303614,"PRIMENAME":"Bay Avenue","ELEVTYP_F":0,"ELEVTYP_T":0},"geometry":{"type":"LineString","coordinates":[[-74.6146130016496,39.2531590866943],[-74.6149325685436,39.2528550402761]]}},{"type":"Feature","id":303628,"properties":{"OBJECTID":303628,"PRIMENAME":"Asbury Avenue","ELEVTYP_F":0,"ELEVTYP_T":0},"geometry":{"type":"LineString","coordinates":[[-74.6297553722061,39.2311935501318],[-74.6293867704717,39.2316420091839],[-74.628930522632,39.2321395754939],[-74.6285839487256,39.232514531433]]}},{"type":"Feature","id":303779,"properties":{"OBJECTID":303779,"PRIMENAME":"Asbury Avenue","ELEVTYP_F":0,"ELEVTYP_T":0},"geometry":{"type":"LineString","coordinates":[[-74.5651448696008,39.2876398763277],[-74.5650554010062,39.2877101345253],[-74.5640614398895,39.2885052933384],[-74.563762381166,39.2887409563475]]}},{"type":"Feature","id":303837,"properties":{"OBJECTID":303837,"PRIMENAME":"Cardiff Road","ELEVTYP_F":0,"ELEVTYP_T":0},"geometry":{"type":"LineString","coordinates":[[-74.5585129032255,39.294828470515],[-74.5587487426391,39.2949967014456],[-74.5590236667986,39.295173547343],[-74.5593890545113,39.2954402437729],[-74.5595038342949,39.2955208688802]]}},{"type":"Feature","id":303851,"properties":{"OBJECTID":303851,"PRIMENAME":"East 52nd Street","ELEVTYP_F":0,"ELEVTYP_T":0},"geometry":{"type":"LineString","coordinates":[[-74.6350719506147,39.23021397925],[-74.6354280914118,39.2303954161462],[-74.6355100327766,39.2304327728272],[-74.6355482289688,39.2304496964062]]}},{"type":"Feature","id":303879,"properties":{"OBJECTID":303879,"PRIMENAME":"Fairview Drive","ELEVTYP_F":0,"ELEVTYP_T":0},"geometry":{"type":"LineString","coordinates":[[-74.6046991084478,39.3100945476164],[-74.6045505284747,39.3104249441329],[-74.6052188817893,39.310617351958]]}},{"type":"Feature","id":303978,"properties":{"OBJECTID":303978,"PRIMENAME":"Asbury Avenue","ELEVTYP_F":0,"ELEVTYP_T":0},"geometry":{"type":"LineString","coordinates":[[-74.5693102817616,39.2843504742381],[-74.5681643119553,39.2852534727878],[-74.5679197222504,39.2854469688795]]}},{"type":"Feature","id":304013,"properties":{"OBJECTID":304013,"PRIMENAME":"Roosevelt Boulevard","ELEVTYP_F":0,"ELEVTYP_T":0},"geometry":{"type":"LineString","coordinates":[[-74.6486571994767,39.2655844312015],[-74.6483488494689,39.2653823678709],[-74.6483487055378,39.2653822563521],[-74.6481369102189,39.2652434567821],[-74.6475503499193,39.2648664463682],[-74.6472326852459,39.2646879375903]]}},{"type":"Feature","id":304333,"properties":{"OBJECTID":304333,"PRIMENAME":"Unnamed Segment","ELEVTYP_F":0,"ELEVTYP_T":0},"geometry":{"type":"LineString","coordinates":[[-74.5723989622422,39.2802395850661],[-74.5727918829044,39.2799253135537],[-74.5737837664776,39.2791436990514]]}},{"type":"Feature","id":304341,"properties":{"OBJECTID":304341,"PRIMENAME":"West 12th Street","ELEVTYP_F":0,"ELEVTYP_T":0},"geometry":{"type":"LineString","coordinates":[[-74.5839386968058,39.278367582443],[-74.5842533208969,39.2786271271101]]}},{"type":"Feature","id":304827,"properties":{"OBJECTID":304827,"PRIMENAME":"FR CO 623 NB to US 9 NB","ELEVTYP_F":0,"ELEVTYP_T":0},"geometry":{"type":"LineString","coordinates":[[-74.6464987799027,39.264279201747],[-74.6468856224586,39.2646214077117],[-74.6469276340968,39.2646622656329],[-74.6469549704402,39.2646948229495],[-74.6469814274307,39.264746326597],[-74.6469903104111,39.2648054031276],[-74.6469831070219,39.2649079926396]]}},{"type":"Feature","id":304899,"properties":{"OBJECTID":304899,"PRIMENAME":"Unnamed Segment","ELEVTYP_F":0,"ELEVTYP_T":0},"geometry":{"type":"LineString","coordinates":[[-74.6355609082137,39.2249655436888],[-74.6345532679265,39.2261659672382],[-74.6344811347474,39.2262522941982]]}},{"type":"Feature","id":304925,"properties":{"OBJECTID":304925,"PRIMENAME":"57th Street","ELEVTYP_F":0,"ELEVTYP_T":0},"geometry":{"type":"LineString","coordinates":[[-74.6373011828918,39.22217284917],[-74.6377182726444,39.2223828448849]]}},{"type":"Feature","id":304989,"properties":{"OBJECTID":304989,"PRIMENAME":"West 30th Street","ELEVTYP_F":0,"ELEVTYP_T":0},"geometry":{"type":"LineString","coordinates":[[-74.6100543245959,39.258583896088],[-74.609674491106,39.2583426855387]]}},{"type":"Feature","id":305097,"properties":{"OBJECTID":305097,"PRIMENAME":"Bay Avenue","ELEVTYP_F":0,"ELEVTYP_T":0},"geometry":{"type":"LineString","coordinates":[[-74.5875469528627,39.2751843196629],[-74.5872456435783,39.2754035988538],[-74.5871773833948,39.275453595188]]}},{"type":"Feature","id":305181,"properties":{"OBJECTID":305181,"PRIMENAME":"Gilbert Lane","ELEVTYP_F":0,"ELEVTYP_T":0},"geometry":{"type":"LineString","coordinates":[[-74.6016924387675,39.2691334625531],[-74.6004398112348,39.270056148868]]}},{"type":"Feature","id":305262,"properties":{"OBJECTID":305262,"PRIMENAME":"Central Avenue","ELEVTYP_F":0,"ELEVTYP_T":0},"geometry":{"type":"LineString","coordinates":[[-74.6262474421921,39.233723726082],[-74.6259069115423,39.2340943290241],[-74.6258697346679,39.2341342651109]]}},{"type":"Feature","id":305350,"properties":{"OBJECTID":305350,"PRIMENAME":"Atlantic Avenue","ELEVTYP_F":0,"ELEVTYP_T":0},"geometry":{"type":"LineString","coordinates":[[-74.5722311103609,39.2770712201626],[-74.5716598689009,39.2775241489969]]}},{"type":"Feature","id":305587,"properties":{"OBJECTID":305587,"PRIMENAME":"Asbury Avenue","ELEVTYP_F":0,"ELEVTYP_T":0},"geometry":{"type":"LineString","coordinates":[[-74.5720794318477,39.2821555205113],[-74.5719448277677,39.282261423278],[-74.5707012497224,39.2832467965132]]}},{"type":"Feature","id":305659,"properties":{"OBJECTID":305659,"PRIMENAME":"Central Avenue","ELEVTYP_F":0,"ELEVTYP_T":0},"geometry":{"type":"LineString","coordinates":[[-74.5828209760905,39.2729558963631],[-74.5824123636325,39.2732536848717],[-74.5813800776883,39.2740117057018]]}},{"type":"Feature","id":305899,"properties":{"OBJECTID":305899,"PRIMENAME":"Walnut Drive","ELEVTYP_F":0,"ELEVTYP_T":0},"geometry":{"type":"LineString","coordinates":[[-74.5998579644044,39.274938666882],[-74.6003161646852,39.2750753935687]]}},{"type":"Feature","id":306110,"properties":{"OBJECTID":306110,"PRIMENAME":"Ocean Road","ELEVTYP_F":0,"ELEVTYP_T":0},"geometry":{"type":"LineString","coordinates":[[-74.5558235870569,39.2873818445635],[-74.5557707249118,39.287375719091],[-74.5556948680763,39.2873788587294],[-74.5556111333004,39.2873820011804],[-74.5554954665153,39.2873975694051],[-74.5553917466442,39.2874193096615],[-74.5552880724035,39.2874534613142],[-74.5551803880122,39.2875093047405],[-74.5550846876643,39.2875744785052],[-74.5550049623487,39.2876458224743],[-74.5549411737327,39.2877202333706],[-74.5548854091463,39.2877977708012],[-74.5548455886126,39.2878877113034],[-74.5548018142817,39.2880272141105],[-74.5547381424176,39.2882969822363],[-74.5546229494309,39.2888798403196],[-74.5545401058368,39.2893064249386]]}},{"type":"Feature","id":306201,"properties":{"OBJECTID":306201,"PRIMENAME":"Unnamed Segment","ELEVTYP_F":0,"ELEVTYP_T":0},"geometry":{"type":"LineString","coordinates":[[-74.5640684535993,39.2868188483748],[-74.5637618831628,39.2870617915128],[-74.5632661460866,39.2874666422219],[-74.5626948988587,39.2879138700555]]}},{"type":"Feature","id":306502,"properties":{"OBJECTID":306502,"PRIMENAME":"Corinthian Avenue","ELEVTYP_F":0,"ELEVTYP_T":0},"geometry":{"type":"LineString","coordinates":[[-74.5620423145354,39.2809601076396],[-74.5623827193202,39.2806899674548]]}},{"type":"Feature","id":306512,"properties":{"OBJECTID":306512,"PRIMENAME":"Central Avenue","ELEVTYP_F":0,"ELEVTYP_T":0},"geometry":{"type":"LineString","coordinates":[[-74.5755186647395,39.2783126404016],[-74.5742379887242,39.2793484320497],[-74.5741467044292,39.2794204010386]]}},{"type":"Feature","id":306700,"properties":{"OBJECTID":306700,"PRIMENAME":"Unnamed Segment","ELEVTYP_F":0,"ELEVTYP_T":0},"geometry":{"type":"LineString","coordinates":[[-74.5586642512326,39.2908517350388],[-74.5586761404556,39.2908724046767],[-74.5586801842803,39.2908908532412],[-74.5586808050362,39.2909151255328],[-74.5586537950579,39.291024445584],[-74.5586167744586,39.2911640003952],[-74.5585999011144,39.291226281696]]}},{"type":"Feature","id":306910,"properties":{"OBJECTID":306910,"PRIMENAME":"12th Street","ELEVTYP_F":0,"ELEVTYP_T":0},"geometry":{"type":"LineString","coordinates":[[-74.5802789753067,39.2753457336908],[-74.5803567311246,39.2754101771606],[-74.5806261016985,39.2756311032854]]}},{"type":"Feature","id":307104,"properties":{"OBJECTID":307104,"PRIMENAME":"Wesley Avenue","ELEVTYP_F":0,"ELEVTYP_T":0},"geometry":{"type":"LineString","coordinates":[[-74.5733590993763,39.2788199452471],[-74.5720538267508,39.2798541095125],[-74.5719744013148,39.2799167603595]]}},{"type":"Feature","id":307193,"properties":{"OBJECTID":307193,"PRIMENAME":"Bayland Drive","ELEVTYP_F":0,"ELEVTYP_T":0},"geometry":{"type":"LineString","coordinates":[[-74.6116344807685,39.2571080772109],[-74.6117975077915,39.2569540499445],[-74.6122174439179,39.2565637264928]]}},{"type":"Feature","id":307245,"properties":{"OBJECTID":307245,"PRIMENAME":"Burning Tree Lane","ELEVTYP_F":0,"ELEVTYP_T":0},"geometry":{"type":"LineString","coordinates":[[-74.6554961854755,39.2690109246024],[-74.6549001034426,39.2675183791986],[-74.6546998044233,39.266994762567]]}},{"type":"Feature","id":307295,"properties":{"OBJECTID":307295,"PRIMENAME":"Unnamed Segment","ELEVTYP_F":0,"ELEVTYP_T":0},"geometry":{"type":"LineString","coordinates":[[-74.5816976968803,39.2765098348557],[-74.5828976943521,39.2756473274451],[-74.5831444521965,39.2754691471592]]}},{"type":"Feature","id":307347,"properties":{"OBJECTID":307347,"PRIMENAME":"Unnamed Segment","ELEVTYP_F":0,"ELEVTYP_T":0},"geometry":{"type":"LineString","coordinates":[[-74.6403355616102,39.2257229383588],[-74.6415375624333,39.226338938131],[-74.6417075640118,39.2262809387009]]}},{"type":"Feature","id":307412,"properties":{"OBJECTID":307412,"PRIMENAME":"East 9th Street","ELEVTYP_F":0,"ELEVTYP_T":0},"geometry":{"type":"LineString","coordinates":[[-74.5765866860022,39.2791427125736],[-74.5763695674452,39.2789569705306],[-74.5762364125464,39.2788559053677]]}},{"type":"Feature","id":307551,"properties":{"OBJECTID":307551,"PRIMENAME":"Roosevelt Boulevard","ELEVTYP_F":0,"ELEVTYP_T":0},"geometry":{"type":"LineString","coordinates":[[-74.6427118786179,39.2619256345892],[-74.6422814925611,39.2616559553276]]}},{"type":"Feature","id":307979,"properties":{"OBJECTID":307979,"PRIMENAME":"East 14th Street","ELEVTYP_F":0,"ELEVTYP_T":0},"geometry":{"type":"LineString","coordinates":[[-74.5860736758365,39.2756555672501],[-74.5857016296428,39.2753474702601]]}},{"type":"Feature","id":308004,"properties":{"OBJECTID":308004,"PRIMENAME":"Bartram Lane","ELEVTYP_F":0,"ELEVTYP_T":0},"geometry":{"type":"LineString","coordinates":[[-74.6179170763367,39.251159236066],[-74.6181426293971,39.2512858870534],[-74.6182418567766,39.2513243092861],[-74.6183339577931,39.2513462634646],[-74.6184508982116,39.251354409669],[-74.6186208969678,39.2513514630032],[-74.6192867009509,39.251301223116],[-74.6195447442745,39.2512811340524]]}},{"type":"Feature","id":308031,"properties":{"OBJECTID":308031,"PRIMENAME":"Highland Avenue","ELEVTYP_F":0,"ELEVTYP_T":0},"geometry":{"type":"LineString","coordinates":[[-74.6307532313884,39.2768373480934],[-74.6302417054109,39.2762335083859]]}},{"type":"Feature","id":308176,"properties":{"OBJECTID":308176,"PRIMENAME":"18th Street","ELEVTYP_F":0,"ELEVTYP_T":0},"geometry":{"type":"LineString","coordinates":[[-74.587840680661,39.2681307147896],[-74.588244772259,39.2684671984449]]}},{"type":"Feature","id":308245,"properties":{"OBJECTID":308245,"PRIMENAME":"Unnamed Segment","ELEVTYP_F":0,"ELEVTYP_T":0},"geometry":{"type":"LineString","coordinates":[[-74.6255267860588,39.236479077763],[-74.6259430644743,39.2360299212243],[-74.6266883640321,39.2352302969252]]}},{"type":"Feature","id":308261,"properties":{"OBJECTID":308261,"PRIMENAME":"Valmar Court","ELEVTYP_F":0,"ELEVTYP_T":0},"geometry":{"type":"LineString","coordinates":[[-74.6081014933218,39.2604077572176],[-74.6085852112527,39.2607213077123],[-74.6086474168793,39.2607496950396],[-74.6087132694513,39.2607610010925],[-74.6087717623417,39.260763802089],[-74.6088193287762,39.2607580464226],[-74.608881432642,39.2607437931779],[-74.6089618367833,39.2606868543114],[-74.6092358245112,39.2604932716201],[-74.6092650162328,39.2604591146842],[-74.6092868785261,39.2604135971104],[-74.6092977917604,39.2603681177342],[-74.6092867240201,39.2603140930426],[-74.6092647028047,39.2602572221112],[-74.6092207488947,39.2602004546229],[-74.6091255336435,39.2601351403924],[-74.6086870093462,39.2598574090787]]}},{"type":"Feature","id":309018,"properties":{"OBJECTID":309018,"PRIMENAME":"Unnamed Segment","ELEVTYP_F":0,"ELEVTYP_T":0},"geometry":{"type":"LineString","coordinates":[[-74.5802548153667,39.2775781245524],[-74.5816247717322,39.2765622472061],[-74.5816976968803,39.2765098348557]]}},{"type":"Feature","id":309293,"properties":{"OBJECTID":309293,"PRIMENAME":"Unnamed Segment","ELEVTYP_F":0,"ELEVTYP_T":0},"geometry":{"type":"LineString","coordinates":[[-74.583845680305,39.27380515348],[-74.582863729752,39.2745238338212],[-74.582403433956,39.274858670192]]}},{"type":"Feature","id":309562,"properties":{"OBJECTID":309562,"PRIMENAME":"Seaview Avenue","ELEVTYP_F":0,"ELEVTYP_T":0},"geometry":{"type":"LineString","coordinates":[[-74.6389372071595,39.2724191908787],[-74.6384528374147,39.2720989856834],[-74.6375577408942,39.2715030459294],[-74.6375143036867,39.2714727295904],[-74.6374795880578,39.2714592897656]]}},{"type":"Feature","id":310182,"properties":{"OBJECTID":310182,"PRIMENAME":"West 52nd Street","ELEVTYP_F":0,"ELEVTYP_T":0},"geometry":{"type":"LineString","coordinates":[[-74.6382660039808,39.2308840348442],[-74.6387085849643,39.2309598124896]]}},{"type":"Feature","id":310358,"properties":{"OBJECTID":310358,"PRIMENAME":"Tuckahoe Road","ELEVTYP_F":0,"ELEVTYP_T":0},"geometry":{"type":"LineString","coordinates":[[-74.6549936143669,39.2665777923541],[-74.6549908894549,39.2665754898725],[-74.6546249675891,39.2662608222822],[-74.6542772132532,39.2659659268575],[-74.6535086949092,39.2653081358376],[-74.6532342360968,39.265075687503],[-74.6528219431849,39.2647236792619]]}},{"type":"Feature","id":310367,"properties":{"OBJECTID":310367,"PRIMENAME":"Central Avenue","ELEVTYP_F":0,"ELEVTYP_T":0},"geometry":{"type":"LineString","coordinates":[[-74.5644328779258,39.2870968144805],[-74.5651865257652,39.2864958816017],[-74.5658167004591,39.2859955056454]]}},{"type":"Feature","id":310419,"properties":{"OBJECTID":310419,"PRIMENAME":"15th Street","ELEVTYP_F":0,"ELEVTYP_T":0},"geometry":{"type":"LineString","coordinates":[[-74.5863974508025,39.2736758874592],[-74.5860241408948,39.2733676004535]]}},{"type":"Feature","id":310508,"properties":{"OBJECTID":310508,"PRIMENAME":"East Atlantic Boulevard","ELEVTYP_F":0,"ELEVTYP_T":0},"geometry":{"type":"LineString","coordinates":[[-74.5534852668171,39.289176630395],[-74.5534451332475,39.2894162941337],[-74.5534106332158,39.2897229781156],[-74.5534065457893,39.2900633649356],[-74.5534284572903,39.2903936362056],[-74.5534546744209,39.2905789868935],[-74.5534938346009,39.2907777853761],[-74.5535286529391,39.2909361687278],[-74.5535895245683,39.2911080496786],[-74.5536633268129,39.2912326703021],[-74.5537761720507,39.2913539515251],[-74.5538846831017,39.2914448941142],[-74.5540148142648,39.2915290713213],[-74.5541073515206,39.2915693085322]]}},{"type":"Feature","id":310558,"properties":{"OBJECTID":310558,"PRIMENAME":"FR RAMP A102510 TO CO 623 WB","ELEVTYP_F":0,"ELEVTYP_T":0},"geometry":{"type":"LineString","coordinates":[[-74.642246297023,39.2612110540963],[-74.6419892386822,39.2614716898553]]}},{"type":"Feature","id":310666,"properties":{"OBJECTID":310666,"PRIMENAME":"Unnamed Segment","ELEVTYP_F":0,"ELEVTYP_T":0},"geometry":{"type":"LineString","coordinates":[[-74.6119247892586,39.2498000023999],[-74.611420455573,39.2502785707863],[-74.6106589885596,39.2509798135861]]}},{"type":"Feature","id":310712,"properties":{"OBJECTID":310712,"PRIMENAME":"East 7th Street","ELEVTYP_F":0,"ELEVTYP_T":0},"geometry":{"type":"LineString","coordinates":[[-74.5715918480261,39.279625895556],[-74.5712169698194,39.2793407918493],[-74.57114318205,39.2792843851367]]}},{"type":"Feature","id":310843,"properties":{"OBJECTID":310843,"PRIMENAME":"East Golden Oak Lane","ELEVTYP_F":0,"ELEVTYP_T":0},"geometry":{"type":"LineString","coordinates":[[-74.6346581683582,39.2732974365338],[-74.6349131548643,39.273485661955]]}},{"type":"Feature","id":310967,"properties":{"OBJECTID":310967,"PRIMENAME":"Ocean Avenue","ELEVTYP_F":0,"ELEVTYP_T":0},"geometry":{"type":"LineString","coordinates":[[-74.566983632744,39.2825755538305],[-74.5660315188033,39.2833246605651],[-74.5655991465529,39.2836690250717]]}},{"type":"Feature","id":311132,"properties":{"OBJECTID":311132,"PRIMENAME":"West Avenue","ELEVTYP_F":0,"ELEVTYP_T":0},"geometry":{"type":"LineString","coordinates":[[-74.5971720666625,39.2646277572779],[-74.5963128238967,39.2652572950344],[-74.5957330361877,39.2656827278871]]}},{"type":"Feature","id":311211,"properties":{"OBJECTID":311211,"PRIMENAME":"Old Tuckahoe Road","ELEVTYP_F":0,"ELEVTYP_T":0},"geometry":{"type":"LineString","coordinates":[[-74.6467656026239,39.2688723113946],[-74.6462446650284,39.2689961669717],[-74.6457020848305,39.2691253189154]]}},{"type":"Feature","id":311240,"properties":{"OBJECTID":311240,"PRIMENAME":"East 8th Street","ELEVTYP_F":0,"ELEVTYP_T":0},"geometry":{"type":"LineString","coordinates":[[-74.5752118452941,39.2802324476358],[-74.5754474351355,39.280412029918],[-74.5755820759635,39.280512462614]]}},{"type":"Feature","id":311490,"properties":{"OBJECTID":311490,"PRIMENAME":"East Road","ELEVTYP_F":0,"ELEVTYP_T":0},"geometry":{"type":"LineString","coordinates":[[-74.6293504546114,39.2824642159199],[-74.6293159260843,39.2825350939574],[-74.6292201033721,39.282742391031]]}},{"type":"Feature","id":311518,"properties":{"OBJECTID":311518,"PRIMENAME":"Unnamed Segment","ELEVTYP_F":0,"ELEVTYP_T":0},"geometry":{"type":"LineString","coordinates":[[-74.6457020848305,39.2691253189154],[-74.645792818295,39.2692761716177],[-74.6470626103672,39.270157560891],[-74.6472470088159,39.2703500904924],[-74.6472593466342,39.2705117492028],[-74.6470875764721,39.270620784811],[-74.6469315431441,39.2706023275497],[-74.6461944817831,39.2700840343202]]}},{"type":"Feature","id":311615,"properties":{"OBJECTID":311615,"PRIMENAME":"Simpson Avenue","ELEVTYP_F":0,"ELEVTYP_T":0},"geometry":{"type":"LineString","coordinates":[[-74.5688293949054,39.2882892301123],[-74.5679174087394,39.2890138642333],[-74.5674445449364,39.2893855501347]]}},{"type":"Feature","id":311630,"properties":{"OBJECTID":311630,"PRIMENAME":"North Street","ELEVTYP_F":0,"ELEVTYP_T":0},"geometry":{"type":"LineString","coordinates":[[-74.5645064902044,39.2893090174334],[-74.5649099653085,39.2896170539925]]}},{"type":"Feature","id":311634,"properties":{"OBJECTID":311634,"PRIMENAME":"Unnamed Segment","ELEVTYP_F":0,"ELEVTYP_T":0},"geometry":{"type":"LineString","coordinates":[[-74.5903697541316,39.2679867160882],[-74.5898204688564,39.2683892786886],[-74.589204967386,39.2688357937591],[-74.588929629134,39.2690369078425]]}},{"type":"Feature","id":311698,"properties":{"OBJECTID":311698,"PRIMENAME":"Bayland Drive","ELEVTYP_F":0,"ELEVTYP_T":0},"geometry":{"type":"LineString","coordinates":[[-74.611053423162,39.2576570623973],[-74.6116344807685,39.2571080772109]]}},{"type":"Feature","id":311764,"properties":{"OBJECTID":311764,"PRIMENAME":"Ventnor Avenue","ELEVTYP_F":0,"ELEVTYP_T":0},"geometry":{"type":"LineString","coordinates":[[-74.6376438330296,39.2734562171598],[-74.6376179415394,39.2734390051154],[-74.6361796257112,39.2724524583844]]}},{"type":"Feature","id":311894,"properties":{"OBJECTID":311894,"PRIMENAME":"Asbury Avenue","ELEVTYP_F":0,"ELEVTYP_T":0},"geometry":{"type":"LineString","coordinates":[[-74.6216687073575,39.2400071512952],[-74.6210710493614,39.2406517299898],[-74.6205119325225,39.2412517846083]]}},{"type":"Feature","id":312041,"properties":{"OBJECTID":312041,"PRIMENAME":"Coolidge Road","ELEVTYP_F":0,"ELEVTYP_T":0},"geometry":{"type":"LineString","coordinates":[[-74.5780503950388,39.2809412523353],[-74.577221385528,39.2815788644374],[-74.5771949080622,39.2815968119498],[-74.577169413378,39.2816083053178],[-74.5770726714028,39.2816320655084]]}},{"type":"Feature","id":312069,"properties":{"OBJECTID":312069,"PRIMENAME":"Bay Avenue","ELEVTYP_F":0,"ELEVTYP_T":0},"geometry":{"type":"LineString","coordinates":[[-74.5864618867681,39.2759770219416],[-74.5857411206942,39.27650399017]]}},{"type":"Feature","id":312228,"properties":{"OBJECTID":312228,"PRIMENAME":"Haven Avenue","ELEVTYP_F":0,"ELEVTYP_T":0},"geometry":{"type":"LineString","coordinates":[[-74.6050232327214,39.2593430107808],[-74.6046987843197,39.2596436019486],[-74.6038613099968,39.2604337186205],[-74.6037626931604,39.2605251573779]]}},{"type":"Feature","id":312412,"properties":{"OBJECTID":312412,"PRIMENAME":"Braddock Avenue","ELEVTYP_F":0,"ELEVTYP_T":0},"geometry":{"type":"LineString","coordinates":[[-74.5998259794675,39.3104630583627],[-74.5997781839284,39.3104313040952],[-74.5997362122714,39.3103933120648],[-74.5997132072689,39.3103712022971],[-74.5996967233162,39.3103618533213],[-74.5987290518202,39.3099697136087]]}},{"type":"Feature","id":312468,"properties":{"OBJECTID":312468,"PRIMENAME":"East 11th Street","ELEVTYP_F":0,"ELEVTYP_T":0},"geometry":{"type":"LineString","coordinates":[[-74.5802548153667,39.2775781245524],[-74.5806214075419,39.2778839635268]]}},{"type":"Feature","id":312849,"properties":{"OBJECTID":312849,"PRIMENAME":"Reef Drive","ELEVTYP_F":0,"ELEVTYP_T":0},"geometry":{"type":"LineString","coordinates":[[-74.6057218986152,39.268655838152],[-74.6057585550371,39.2686539482695],[-74.6058595532513,39.268655948213],[-74.6059675537346,39.2686619494613],[-74.6060670417126,39.2686753379101],[-74.6061696534383,39.2686706195744],[-74.6062853712706,39.2686384131666],[-74.606428564807,39.2685247524871],[-74.6064863757936,39.2684066403964],[-74.6065082434674,39.2682585114795],[-74.6064965543562,39.2681639482977],[-74.6064975512643,39.2681618277479]]}},{"type":"Feature","id":312964,"properties":{"OBJECTID":312964,"PRIMENAME":"Ventnor Avenue","ELEVTYP_F":0,"ELEVTYP_T":0},"geometry":{"type":"LineString","coordinates":[[-74.638322156393,39.2739067264062],[-74.6376438330296,39.2734562171598]]}},{"type":"Feature","id":313004,"properties":{"OBJECTID":313004,"PRIMENAME":"Wesley Avenue","ELEVTYP_F":0,"ELEVTYP_T":0},"geometry":{"type":"LineString","coordinates":[[-74.5936061014201,39.2639252760154],[-74.5931054892173,39.2642909670188],[-74.592599324446,39.2646548496077],[-74.5921616234382,39.2649766379498]]}},{"type":"Feature","id":313137,"properties":{"OBJECTID":313137,"PRIMENAME":"Unnamed Segment","ELEVTYP_F":0,"ELEVTYP_T":0},"geometry":{"type":"LineString","coordinates":[[-74.5845845145961,39.2744199063786],[-74.5850518139027,39.2740747598455],[-74.5860241408948,39.2733676004535]]}},{"type":"Feature","id":313437,"properties":{"OBJECTID":313437,"PRIMENAME":"20th Street","ELEVTYP_F":0,"ELEVTYP_T":0},"geometry":{"type":"LineString","coordinates":[[-74.5918121610362,39.2669313428311],[-74.5921524377735,39.2672139651923]]}},{"type":"Feature","id":313659,"properties":{"OBJECTID":313659,"PRIMENAME":"West 13th Street","ELEVTYP_F":0,"ELEVTYP_T":0},"geometry":{"type":"LineString","coordinates":[[-74.5850171686826,39.2770343334025],[-74.5853695960169,39.2773271536118]]}},{"type":"Feature","id":313821,"properties":{"OBJECTID":313821,"PRIMENAME":"Central Avenue","ELEVTYP_F":0,"ELEVTYP_T":0},"geometry":{"type":"LineString","coordinates":[[-74.6220218696341,39.2382974281652],[-74.6211081612157,39.2392768775258],[-74.6208571634781,39.2395499810323]]}},{"type":"Feature","id":313970,"properties":{"OBJECTID":313970,"PRIMENAME":"14th Street","ELEVTYP_F":0,"ELEVTYP_T":0},"geometry":{"type":"LineString","coordinates":[[-74.5828209760905,39.2729558963631],[-74.582483079045,39.2726762108349]]}},{"type":"Feature","id":314322,"properties":{"OBJECTID":314322,"PRIMENAME":"Whelk Drive","ELEVTYP_F":0,"ELEVTYP_T":0},"geometry":{"type":"LineString","coordinates":[[-74.6271011804752,39.2518575543989],[-74.6270575852095,39.2517317160285],[-74.626868417312,39.2516662466219],[-74.6262085432088,39.2515241132718]]}},{"type":"Feature","id":314535,"properties":{"OBJECTID":314535,"PRIMENAME":"Unnamed Segment","ELEVTYP_F":0,"ELEVTYP_T":0},"geometry":{"type":"LineString","coordinates":[[-74.6398705640869,39.2289592186952],[-74.639875479155,39.2289245425676],[-74.6399056611162,39.2286920796882],[-74.6399245162916,39.2285341506253],[-74.639932053414,39.2284894955562],[-74.6399626366383,39.2284417382658],[-74.6402053766285,39.2281560545152]]}},{"type":"Feature","id":314756,"properties":{"OBJECTID":314756,"PRIMENAME":"Bay Avenue","ELEVTYP_F":0,"ELEVTYP_T":0},"geometry":{"type":"LineString","coordinates":[[-74.6023207414725,39.2644011364414],[-74.6019924259708,39.2646401365707],[-74.6016970624476,39.2648538469823],[-74.6013946087934,39.2650757729227],[-74.6008869395621,39.2654482307891]]}},{"type":"Feature","id":315317,"properties":{"OBJECTID":315317,"PRIMENAME":"Unnamed Segment","ELEVTYP_F":0,"ELEVTYP_T":0},"geometry":{"type":"LineString","coordinates":[[-74.608020724857,39.2572814447868],[-74.6082655474785,39.2570537347221],[-74.6088326589861,39.256519328348],[-74.6092833594633,39.2560999638903]]}},{"type":"Feature","id":315615,"properties":{"OBJECTID":315615,"PRIMENAME":"West Avenue","ELEVTYP_F":0,"ELEVTYP_T":0},"geometry":{"type":"LineString","coordinates":[[-74.6316861226503,39.2303395195361],[-74.631269121402,39.2308367759746],[-74.6306069377003,39.2316263143419]]}},{"type":"Feature","id":315856,"properties":{"OBJECTID":315856,"PRIMENAME":"Unnamed Segment","ELEVTYP_F":0,"ELEVTYP_T":0},"geometry":{"type":"LineString","coordinates":[[-74.6022768413242,39.2575735589977],[-74.6019148597687,39.2579070150449],[-74.6014975812779,39.258299605084],[-74.6010195900081,39.2587438662675]]}},{"type":"Feature","id":316173,"properties":{"OBJECTID":316173,"PRIMENAME":"Unnamed Segment","ELEVTYP_F":0,"ELEVTYP_T":0},"geometry":{"type":"LineString","coordinates":[[-74.614340300146,39.247268376184],[-74.6140542770156,39.2475779348051],[-74.6131863908916,39.2485165565252]]}},{"type":"Feature","id":316208,"properties":{"OBJECTID":316208,"PRIMENAME":"West 10th Street","ELEVTYP_F":0,"ELEVTYP_T":0},"geometry":{"type":"LineString","coordinates":[[-74.5816831361967,39.2810071014593],[-74.5813569111397,39.2807378931433]]}},{"type":"Feature","id":316358,"properties":{"OBJECTID":316358,"PRIMENAME":"15th Street","ELEVTYP_F":0,"ELEVTYP_T":0},"geometry":{"type":"LineString","coordinates":[[-74.5849431626148,39.2724745541464],[-74.5845996373085,39.2721899918785]]}},{"type":"Feature","id":316361,"properties":{"OBJECTID":316361,"PRIMENAME":"East 9th Street","ELEVTYP_F":0,"ELEVTYP_T":0},"geometry":{"type":"LineString","coordinates":[[-74.5773272113249,39.2797492637191],[-74.577048720384,39.2795378722591],[-74.5769354205261,39.279440969176]]}},{"type":"Feature","id":316483,"properties":{"OBJECTID":316483,"PRIMENAME":"34th Street","ELEVTYP_F":0,"ELEVTYP_T":0},"geometry":{"type":"LineString","coordinates":[[-74.613534284358,39.2528242865294],[-74.6135328349629,39.2528236015129],[-74.6133506923023,39.2527222153015],[-74.6130899363878,39.2525532495268]]}},{"type":"Feature","id":316730,"properties":{"OBJECTID":316730,"PRIMENAME":"Ocean Avenue","ELEVTYP_F":0,"ELEVTYP_T":0},"geometry":{"type":"LineString","coordinates":[[-74.5683763014068,39.2814754445936],[-74.56792894721,39.2818292987918],[-74.5671237535127,39.2824652882404],[-74.566983632744,39.2825755538305]]}},{"type":"Feature","id":316905,"properties":{"OBJECTID":316905,"PRIMENAME":"Bay Avenue","ELEVTYP_F":0,"ELEVTYP_T":0},"geometry":{"type":"LineString","coordinates":[[-74.5814126485602,39.2796585974521],[-74.5806898288515,39.2801869633459]]}},{"type":"Feature","id":317101,"properties":{"OBJECTID":317101,"PRIMENAME":"Gull Road","ELEVTYP_F":0,"ELEVTYP_T":0},"geometry":{"type":"LineString","coordinates":[[-74.5553828633844,39.2892835399293],[-74.5555602168057,39.2891676684537],[-74.5556535627974,39.2890725404521],[-74.5557185516687,39.2889966449568],[-74.5557691331856,39.2889320147827],[-74.5558160309042,39.2888561008706],[-74.5558521512554,39.2887802470591],[-74.5558625492816,39.2887478701782]]}},{"type":"Feature","id":317139,"properties":{"OBJECTID":317139,"PRIMENAME":"Haven Avenue","ELEVTYP_F":0,"ELEVTYP_T":0},"geometry":{"type":"LineString","coordinates":[[-74.5993612476548,39.2641876382528],[-74.5992145934262,39.2642617335772],[-74.5989414171738,39.2644591906631],[-74.5983489399868,39.2648874201058],[-74.5978860294197,39.2652244904702]]}},{"type":"Feature","id":317225,"properties":{"OBJECTID":317225,"PRIMENAME":"Wesley Avenue","ELEVTYP_F":0,"ELEVTYP_T":0},"geometry":{"type":"LineString","coordinates":[[-74.6098875455248,39.2504798061795],[-74.6091591035576,39.2511505582624],[-74.6086722970544,39.251609082764],[-74.6086159121078,39.2516624570681]]}},{"type":"Feature","id":317255,"properties":{"OBJECTID":317255,"PRIMENAME":"20th Street","ELEVTYP_F":0,"ELEVTYP_T":0},"geometry":{"type":"LineString","coordinates":[[-74.5914705088808,39.2666476224367],[-74.5918121610362,39.2669313428311]]}},{"type":"Feature","id":317275,"properties":{"OBJECTID":317275,"PRIMENAME":"Reef Drive","ELEVTYP_F":0,"ELEVTYP_T":0},"geometry":{"type":"LineString","coordinates":[[-74.6039965535825,39.2694319477667],[-74.6040485547239,39.2694279476007],[-74.6042065529102,39.2693989493418],[-74.6042655530215,39.2693889478353],[-74.6044245533803,39.2693489484275]]}},{"type":"Feature","id":318004,"properties":{"OBJECTID":318004,"PRIMENAME":"East 7th Street","ELEVTYP_F":0,"ELEVTYP_T":0},"geometry":{"type":"LineString","coordinates":[[-74.5687476761572,39.2774531985043],[-74.5681199705688,39.276973809196]]}},{"type":"Feature","id":318496,"properties":{"OBJECTID":318496,"PRIMENAME":"Waterway Road","ELEVTYP_F":0,"ELEVTYP_T":0},"geometry":{"type":"LineString","coordinates":[[-74.6120779899024,39.2555074167643],[-74.6124544318279,39.2557522748175]]}},{"type":"Feature","id":318526,"properties":{"OBJECTID":318526,"PRIMENAME":"East Seaspray Road","ELEVTYP_F":0,"ELEVTYP_T":0},"geometry":{"type":"LineString","coordinates":[[-74.5580249690301,39.2907483772716],[-74.55816444783,39.2907671159052]]}},{"type":"Feature","id":318726,"properties":{"OBJECTID":318726,"PRIMENAME":"13th Street","ELEVTYP_F":0,"ELEVTYP_T":0},"geometry":{"type":"LineString","coordinates":[[-74.582403433956,39.274858670192],[-74.5827209005656,39.2751201944582],[-74.5827605049032,39.2751528400573]]}},{"type":"Feature","id":319180,"properties":{"OBJECTID":319180,"PRIMENAME":"Unnamed Segment","ELEVTYP_F":0,"ELEVTYP_T":0},"geometry":{"type":"LineString","coordinates":[[-74.5661800660416,39.2862726985197],[-74.5667338685248,39.2858356778816],[-74.5675664359697,39.2851836959371]]}},{"type":"Feature","id":319417,"properties":{"OBJECTID":319417,"PRIMENAME":"Unnamed Segment","ELEVTYP_F":0,"ELEVTYP_T":0},"geometry":{"type":"LineString","coordinates":[[-74.6154896133596,39.2460202706954],[-74.6151535880525,39.2463879813863],[-74.614340300146,39.247268376184]]}},{"type":"Feature","id":319571,"properties":{"OBJECTID":319571,"PRIMENAME":"3rd Street","ELEVTYP_F":0,"ELEVTYP_T":0},"geometry":{"type":"LineString","coordinates":[[-74.5679197222504,39.2854469688795],[-74.5677857254963,39.2853529787148],[-74.5675664359697,39.2851836959371]]}},{"type":"Feature","id":319862,"properties":{"OBJECTID":319862,"PRIMENAME":"Central Avenue","ELEVTYP_F":0,"ELEVTYP_T":0},"geometry":{"type":"LineString","coordinates":[[-74.5770487063636,39.2771708492515],[-74.5765600888467,39.2775241056439],[-74.5755186647395,39.2783126404016]]}},{"type":"Feature","id":319957,"properties":{"OBJECTID":319957,"PRIMENAME":"Easterly Drive","ELEVTYP_F":0,"ELEVTYP_T":0},"geometry":{"type":"LineString","coordinates":[[-74.6064975512643,39.2681618277479],[-74.6061754092641,39.2681227793373],[-74.606083057907,39.268122863503],[-74.605639920238,39.2683088612414]]}},{"type":"Feature","id":319998,"properties":{"OBJECTID":319998,"PRIMENAME":"Anchorage Drive","ELEVTYP_F":0,"ELEVTYP_T":0},"geometry":{"type":"LineString","coordinates":[[-74.6393246201492,39.2272881961882],[-74.6395814014375,39.2269811625341]]}},{"type":"Feature","id":320041,"properties":{"OBJECTID":320041,"PRIMENAME":"West Avenue","ELEVTYP_F":0,"ELEVTYP_T":0},"geometry":{"type":"LineString","coordinates":[[-74.592846577443,39.2677901788994],[-74.5924862765967,39.2680523242734],[-74.5914025416594,39.2688439743368]]}},{"type":"Feature","id":320116,"properties":{"OBJECTID":320116,"PRIMENAME":"36th Street","ELEVTYP_F":0,"ELEVTYP_T":0},"geometry":{"type":"LineString","coordinates":[[-74.613985438616,39.2489656915006],[-74.6144118756841,39.249201186335]]}},{"type":"Feature","id":320118,"properties":{"OBJECTID":320118,"PRIMENAME":"Wesley Road","ELEVTYP_F":0,"ELEVTYP_T":0},"geometry":{"type":"LineString","coordinates":[[-74.5557193559183,39.2946041991176],[-74.5557505382506,39.2945794458772],[-74.5559397501175,39.2944297965124]]}},{"type":"Feature","id":320266,"properties":{"OBJECTID":320266,"PRIMENAME":"33rd Street","ELEVTYP_F":0,"ELEVTYP_T":0},"geometry":{"type":"LineString","coordinates":[[-74.6093907969223,39.2521700473106],[-74.60976746139,39.2524168084307]]}},{"type":"Feature","id":321659,"properties":{"OBJECTID":321659,"PRIMENAME":"Unnamed Segment","ELEVTYP_F":0,"ELEVTYP_T":0},"geometry":{"type":"LineString","coordinates":[[-74.6030506059764,39.2580751788739],[-74.6029892728532,39.258133112953],[-74.6025920894499,39.258497381593],[-74.6022546204653,39.2588096746823],[-74.6017938551769,39.2592459335592]]}},{"type":"Feature","id":321910,"properties":{"OBJECTID":321910,"PRIMENAME":"Wesley Avenue","ELEVTYP_F":0,"ELEVTYP_T":0},"geometry":{"type":"LineString","coordinates":[[-74.5650429520243,39.2854053116639],[-74.5642074670618,39.2860630973613],[-74.5636516331514,39.286500931333]]}},{"type":"Feature","id":322059,"properties":{"OBJECTID":322059,"PRIMENAME":"Pine Road","ELEVTYP_F":0,"ELEVTYP_T":0},"geometry":{"type":"LineString","coordinates":[[-74.5976954334434,39.270361968312],[-74.5969921014885,39.2697759616603]]}},{"type":"Feature","id":322672,"properties":{"OBJECTID":322672,"PRIMENAME":"East 4th Street","ELEVTYP_F":0,"ELEVTYP_T":0},"geometry":{"type":"LineString","coordinates":[[-74.57160006662,39.2861023335565],[-74.5719889163246,39.2864003322106]]}},{"type":"Feature","id":322869,"properties":{"OBJECTID":322869,"PRIMENAME":"1st Street","ELEVTYP_F":0,"ELEVTYP_T":0},"geometry":{"type":"LineString","coordinates":[[-74.5640684535993,39.2868188483748],[-74.5636516331514,39.286500931333]]}},{"type":"Feature","id":322900,"properties":{"OBJECTID":322900,"PRIMENAME":"2nd Street","ELEVTYP_F":0,"ELEVTYP_T":0},"geometry":{"type":"LineString","coordinates":[[-74.5637748011703,39.2844365033846],[-74.5642118332761,39.2847703886259]]}},{"type":"Feature","id":322992,"properties":{"OBJECTID":322992,"PRIMENAME":"Unnamed Segment","ELEVTYP_F":0,"ELEVTYP_T":0},"geometry":{"type":"LineString","coordinates":[[-74.6151406477245,39.2477167057269],[-74.6152882434589,39.2475590105182],[-74.6155698045085,39.2472454166912],[-74.6162353516138,39.2465269385651],[-74.616293830769,39.2464638664415]]}},{"type":"Feature","id":323425,"properties":{"OBJECTID":323425,"PRIMENAME":"West Avenue","ELEVTYP_F":0,"ELEVTYP_T":0},"geometry":{"type":"LineString","coordinates":[[-74.6092708010486,39.2541073222621],[-74.6088174306221,39.2545272388075],[-74.6082071335442,39.2551012785063],[-74.6080157448664,39.2552789944985]]}},{"type":"Feature","id":323476,"properties":{"OBJECTID":323476,"PRIMENAME":"Unnamed Segment","ELEVTYP_F":0,"ELEVTYP_T":0},"geometry":{"type":"LineString","coordinates":[[-74.5810369467252,39.2737264462942],[-74.5806327651609,39.2740166188909],[-74.5801749794495,39.274358638718],[-74.5796614658625,39.2747199157201],[-74.5795891795717,39.2747743027798]]}},{"type":"Feature","id":323646,"properties":{"OBJECTID":323646,"PRIMENAME":"Central Avenue","ELEVTYP_F":0,"ELEVTYP_T":0},"geometry":{"type":"LineString","coordinates":[[-74.6150788178828,39.2457953074967],[-74.6139923418982,39.2469693778981],[-74.6139275158214,39.2470394301731]]}},{"type":"Feature","id":323751,"properties":{"OBJECTID":323751,"PRIMENAME":"East 8th Street","ELEVTYP_F":0,"ELEVTYP_T":0},"geometry":{"type":"LineString","coordinates":[[-74.5729820971409,39.2785325144921],[-74.5733590993763,39.2788199452471]]}},{"type":"Feature","id":323845,"properties":{"OBJECTID":323845,"PRIMENAME":"Tuckahoe Road","ELEVTYP_F":0,"ELEVTYP_T":0},"geometry":{"type":"LineString","coordinates":[[-74.6558044185908,39.2667310196576],[-74.6556379267547,39.2667705605358],[-74.6553129985345,39.266850510939]]}},{"type":"Feature","id":323890,"properties":{"OBJECTID":323890,"PRIMENAME":"East 10th Street","ELEVTYP_F":0,"ELEVTYP_T":0},"geometry":{"type":"LineString","coordinates":[[-74.5799266055316,39.279553999288],[-74.5799113644864,39.2795414072484],[-74.5795572853818,39.279245415275]]}},{"type":"Feature","id":323954,"properties":{"OBJECTID":323954,"PRIMENAME":"Broadway","ELEVTYP_F":0,"ELEVTYP_T":0},"geometry":{"type":"LineString","coordinates":[[-74.6102825874953,39.306655014182],[-74.610555934467,39.3065721850751],[-74.6105683217571,39.3065678647002],[-74.610579649208,39.3065620463699],[-74.6105896155846,39.306554882609],[-74.6105979602921,39.3065465619363],[-74.6106044668471,39.3065373043574],[-74.6106089617014,39.3065273505556],[-74.6106113258383,39.3065169627823],[-74.6106115017154,39.3065064158417],[-74.610596279981,39.3063335507739],[-74.6105928428787,39.3063164141803],[-74.6105856581935,39.3062999909907],[-74.6105749470119,39.3062847746426],[-74.6105610254328,39.3062712161445],[-74.6105443103563,39.3062597186657],[-74.6105252974351,39.306250625847],[-74.6105045575779,39.3062442109938],[-74.6104827033006,39.3062406617948],[-74.6104603933728,39.3062400857227],[-74.6103229947162,39.3062652623428],[-74.6103010330214,39.3062708411976],[-74.610280592344,39.3062792093408],[-74.6102622543795,39.306290125704],[-74.6102465357831,39.3063032799175],[-74.6102338893418,39.3063183004166],[-74.6102246715165,39.3063347598776],[-74.6102191436186,39.306352186025],[-74.6102174637338,39.3063700877642],[-74.6102196832405,39.3063879533823],[-74.6102825874953,39.306655014182]]}},{"type":"Feature","id":324532,"properties":{"OBJECTID":324532,"PRIMENAME":"Unnamed Segment","ELEVTYP_F":0,"ELEVTYP_T":0},"geometry":{"type":"LineString","coordinates":[[-74.6387918994671,39.221099970603],[-74.6380040982674,39.2220415404438],[-74.6377182726444,39.2223828448849]]}},{"type":"Feature","id":324707,"properties":{"OBJECTID":324707,"PRIMENAME":"Unnamed Segment","ELEVTYP_F":0,"ELEVTYP_T":0},"geometry":{"type":"LineString","coordinates":[[-74.5706031965192,39.2874944115922],[-74.5694130300247,39.2884367956922],[-74.5692220607669,39.2885868518885]]}},{"type":"Feature","id":325016,"properties":{"OBJECTID":325016,"PRIMENAME":"5th Street","ELEVTYP_F":0,"ELEVTYP_T":0},"geometry":{"type":"LineString","coordinates":[[-74.5696296821172,39.2824324329394],[-74.5693556333633,39.2822241148398],[-74.5692038835586,39.2821081162409]]}},{"type":"Feature","id":325078,"properties":{"OBJECTID":325078,"PRIMENAME":"Anchorage Drive","ELEVTYP_F":0,"ELEVTYP_T":0},"geometry":{"type":"LineString","coordinates":[[-74.6365458168791,39.230615526993],[-74.6373885414274,39.2295925190328],[-74.6384761800918,39.2283025485312],[-74.6384920464471,39.2282835789153]]}},{"type":"Feature","id":325192,"properties":{"OBJECTID":325192,"PRIMENAME":"Asbury Avenue","ELEVTYP_F":0,"ELEVTYP_T":0},"geometry":{"type":"LineString","coordinates":[[-74.6274353631318,39.2337588412823],[-74.6271101632095,39.2341114738413],[-74.6270533617791,39.234173397529]]}},{"type":"Feature","id":325202,"properties":{"OBJECTID":325202,"PRIMENAME":"West 52nd Street","ELEVTYP_F":0,"ELEVTYP_T":0},"geometry":{"type":"LineString","coordinates":[[-74.6372905127705,39.2307200603789],[-74.6374696299173,39.2307486513398],[-74.6378251908092,39.2308091047075]]}},{"type":"Feature","id":325277,"properties":{"OBJECTID":325277,"PRIMENAME":"53rd Street","ELEVTYP_F":0,"ELEVTYP_T":0},"geometry":{"type":"LineString","coordinates":[[-74.6347696933714,39.2282277633591],[-74.6343037068528,39.2279930471893]]}},{"type":"Feature","id":325443,"properties":{"OBJECTID":325443,"PRIMENAME":"West Avenue","ELEVTYP_F":0,"ELEVTYP_T":0},"geometry":{"type":"LineString","coordinates":[[-74.6067406756026,39.2564635765634],[-74.6056942459225,39.2574369008196],[-74.6054809482957,39.2576385205477]]}},{"type":"Feature","id":325526,"properties":{"OBJECTID":325526,"PRIMENAME":"East 12th Street","ELEVTYP_F":0,"ELEVTYP_T":0},"geometry":{"type":"LineString","coordinates":[[-74.5806261016985,39.2756311032854],[-74.5809617751938,39.2759063752669]]}},{"type":"Feature","id":325612,"properties":{"OBJECTID":325612,"PRIMENAME":"Bay Avenue","ELEVTYP_F":0,"ELEVTYP_T":0},"geometry":{"type":"LineString","coordinates":[[-74.5696280966953,39.2888947057593],[-74.5690817714865,39.2893251459959],[-74.5682379838077,39.289992905652]]}},{"type":"Feature","id":325708,"properties":{"OBJECTID":325708,"PRIMENAME":"Wesley Avenue","ELEVTYP_F":0,"ELEVTYP_T":0},"geometry":{"type":"LineString","coordinates":[[-74.6135131148826,39.246812845332],[-74.6134590028197,39.2468700915601],[-74.6131980065547,39.2471537321516],[-74.6127947046686,39.247594565604],[-74.6123672397941,39.2480551346363]]}},{"type":"Feature","id":325743,"properties":{"OBJECTID":325743,"PRIMENAME":"35th Street","ELEVTYP_F":0,"ELEVTYP_T":0},"geometry":{"type":"LineString","coordinates":[[-74.6130922023361,39.2505558156677],[-74.612678847754,39.2502891942631]]}},{"type":"Feature","id":326068,"properties":{"OBJECTID":326068,"PRIMENAME":"West Newcastle Road","ELEVTYP_F":0,"ELEVTYP_T":0},"geometry":{"type":"LineString","coordinates":[[-74.5576642243455,39.2971462405712],[-74.5574862464092,39.2969937495974],[-74.5572860815259,39.2968470354116],[-74.5571118721043,39.296720462182],[-74.5570428936001,39.2966772233342]]}},{"type":"Feature","id":326718,"properties":{"OBJECTID":326718,"PRIMENAME":"Bay Road","ELEVTYP_F":0,"ELEVTYP_T":0},"geometry":{"type":"LineString","coordinates":[[-74.5610061893972,39.295546827684],[-74.5610220496001,39.295547380583],[-74.5611065692628,39.295541351208],[-74.5611987423781,39.2955174698096],[-74.5612986023934,39.2954756273526],[-74.5613984414017,39.2954098707618],[-74.5618936846157,39.2950095869509],[-74.5620920662784,39.2948532233308],[-74.5621893145211,39.2947765657164],[-74.5623387562727,39.2946618420705]]}},{"type":"Feature","id":327197,"properties":{"OBJECTID":327197,"PRIMENAME":"Pembroke Lane","ELEVTYP_F":0,"ELEVTYP_T":0},"geometry":{"type":"LineString","coordinates":[[-74.6195447442745,39.2512811340524],[-74.6195339258104,39.2509621193506],[-74.6195547865895,39.2508312096844],[-74.6195840256035,39.2507265126609],[-74.6196216936925,39.2506152174265],[-74.6196929819103,39.2504842550221],[-74.6198273853789,39.250317259457],[-74.6201969996489,39.2499144650318],[-74.620549839078,39.2495345587561],[-74.6209703507122,39.2490813529308]]}},{"type":"Feature","id":327420,"properties":{"OBJECTID":327420,"PRIMENAME":"East 10th Street","ELEVTYP_F":0,"ELEVTYP_T":0},"geometry":{"type":"LineString","coordinates":[[-74.5759346477512,39.2762472651396],[-74.5757722111695,39.2761126105993],[-74.5754988913636,39.2758863222319]]}},{"type":"Feature","id":327792,"properties":{"OBJECTID":327792,"PRIMENAME":"Waterview Boulevard","ELEVTYP_F":0,"ELEVTYP_T":0},"geometry":{"type":"LineString","coordinates":[[-74.623410303362,39.2509437162517],[-74.6231250096671,39.250605992165],[-74.6229013707565,39.2503253408264],[-74.622833913555,39.250240019961],[-74.622798382786,39.2501767410479],[-74.6227699625692,39.250099644059],[-74.6227626899424,39.2500198060791],[-74.6227696648726,39.2499289152541],[-74.6227752180135,39.2499076796248],[-74.6227977631694,39.2498214728938],[-74.6228507018291,39.2497222685069],[-74.6229319281602,39.2496037871821],[-74.6230026586714,39.2495211211318],[-74.6230462336236,39.2494798343673]]}},{"type":"Feature","id":327861,"properties":{"OBJECTID":327861,"PRIMENAME":"West 14th Street","ELEVTYP_F":0,"ELEVTYP_T":0},"geometry":{"type":"LineString","coordinates":[[-74.5868090811273,39.2762645692186],[-74.5864618867681,39.2759770219416]]}},{"type":"Feature","id":327876,"properties":{"OBJECTID":327876,"PRIMENAME":"West Edinburgh Road","ELEVTYP_F":0,"ELEVTYP_T":0},"geometry":{"type":"LineString","coordinates":[[-74.5596511517473,39.2966568611647],[-74.5591391749294,39.2962655847643],[-74.558968494907,39.2961361569097],[-74.5587047404121,39.2959254479771],[-74.5585068782323,39.2957840062981],[-74.5584060676873,39.2957057495668],[-74.5583091198428,39.2956395437791],[-74.5582005438551,39.2955703241758],[-74.5580854702022,39.2955069558334]]}},{"type":"Feature","id":327961,"properties":{"OBJECTID":327961,"PRIMENAME":"20th Street","ELEVTYP_F":0,"ELEVTYP_T":0},"geometry":{"type":"LineString","coordinates":[[-74.595113790701,39.2696651557718],[-74.5947284765408,39.2693467747055]]}},{"type":"Feature","id":328005,"properties":{"OBJECTID":328005,"PRIMENAME":"Spruce Road","ELEVTYP_F":0,"ELEVTYP_T":0},"geometry":{"type":"LineString","coordinates":[[-74.5971654522729,39.271042003661],[-74.5969834309772,39.2708919647363]]}},{"type":"Feature","id":328101,"properties":{"OBJECTID":328101,"PRIMENAME":"West Seaspray Road","ELEVTYP_F":0,"ELEVTYP_T":0},"geometry":{"type":"LineString","coordinates":[[-74.5583019487829,39.2907855806119],[-74.5584078228791,39.2907998055507],[-74.5586642512326,39.2908517350388]]}},{"type":"Feature","id":328488,"properties":{"OBJECTID":328488,"PRIMENAME":"Unnamed Segment","ELEVTYP_F":0,"ELEVTYP_T":0},"geometry":{"type":"LineString","coordinates":[[-74.5698789342172,39.2856421462097],[-74.5704350927603,39.2852105240534]]}},{"type":"Feature","id":328741,"properties":{"OBJECTID":328741,"PRIMENAME":"Simpson Avenue","ELEVTYP_F":0,"ELEVTYP_T":0},"geometry":{"type":"LineString","coordinates":[[-74.5885850813477,39.2732414091767],[-74.5894408926998,39.2726159954863],[-74.590024586895,39.2721884222283]]}},{"type":"Feature","id":328819,"properties":{"OBJECTID":328819,"PRIMENAME":"2nd Street","ELEVTYP_F":0,"ELEVTYP_T":0},"geometry":{"type":"LineString","coordinates":[[-74.5650429520243,39.2854053116639],[-74.5654594892365,39.2857230311686]]}},{"type":"Feature","id":328934,"properties":{"OBJECTID":328934,"PRIMENAME":"1st Street","ELEVTYP_F":0,"ELEVTYP_T":0},"geometry":{"type":"LineString","coordinates":[[-74.5666680586617,39.2887931717956],[-74.56627349349,39.2884946092451]]}},{"type":"Feature","id":328968,"properties":{"OBJECTID":328968,"PRIMENAME":"East 7th Street","ELEVTYP_F":0,"ELEVTYP_T":0},"geometry":{"type":"LineString","coordinates":[[-74.5749786288529,39.282211679206],[-74.5746846955385,39.2819891084243],[-74.5745865048788,39.2819138014145]]}},{"type":"Feature","id":329043,"properties":{"OBJECTID":329043,"PRIMENAME":"Unnamed Segment","ELEVTYP_F":0,"ELEVTYP_T":0},"geometry":{"type":"LineString","coordinates":[[-74.594674378872,39.2670505766895],[-74.5949644100089,39.2668405125205],[-74.5961116587365,39.2660003150314]]}},{"type":"Feature","id":329086,"properties":{"OBJECTID":329086,"PRIMENAME":"53rd Street","ELEVTYP_F":0,"ELEVTYP_T":0},"geometry":{"type":"LineString","coordinates":[[-74.6338394194712,39.2277591505501],[-74.6334040417203,39.2275398267998]]}},{"type":"Feature","id":329420,"properties":{"OBJECTID":329420,"PRIMENAME":"56th Street","ELEVTYP_F":0,"ELEVTYP_T":0},"geometry":{"type":"LineString","coordinates":[[-74.6389172704658,39.2248367135995],[-74.6384565454177,39.2245981358574]]}},{"type":"Feature","id":329797,"properties":{"OBJECTID":329797,"PRIMENAME":"Harbor Road","ELEVTYP_F":0,"ELEVTYP_T":0},"geometry":{"type":"LineString","coordinates":[[-74.6240533723094,39.287633616059],[-74.6240488931704,39.2876296914519],[-74.6239729345003,39.2875728260814],[-74.6238779243723,39.2875126316807],[-74.6236911433581,39.2874251596914],[-74.6229093414719,39.2871021867211],[-74.6217930989913,39.2866412566879],[-74.6215237769869,39.2865268771249],[-74.6214282167495,39.2864729969409],[-74.6213629471957,39.2864056025255],[-74.6212782722227,39.2863122044759],[-74.6212499168184,39.2862809277832],[-74.6211977569332,39.2862337835837],[-74.6211499649027,39.2862000885741],[-74.6210239328417,39.2861158992113],[-74.6184955596078,39.2849149516795]]}},{"type":"Feature","id":329933,"properties":{"OBJECTID":329933,"PRIMENAME":"Haven Avenue","ELEVTYP_F":0,"ELEVTYP_T":0},"geometry":{"type":"LineString","coordinates":[[-74.6101240941425,39.2546438566076],[-74.6097807199896,39.2549633712659],[-74.6088529467548,39.2558218686581]]}},{"type":"Feature","id":330146,"properties":{"OBJECTID":330146,"PRIMENAME":"Unnamed Segment","ELEVTYP_F":0,"ELEVTYP_T":0},"geometry":{"type":"LineString","coordinates":[[-74.5767025018537,39.2768838217553],[-74.5765278701059,39.2770055170599],[-74.5760792854492,39.2773330996155],[-74.5755287126329,39.2777665391993],[-74.5751843298359,39.2780562971696]]}},{"type":"Feature","id":330202,"properties":{"OBJECTID":330202,"PRIMENAME":"Wistar Avenue","ELEVTYP_F":0,"ELEVTYP_T":0},"geometry":{"type":"LineString","coordinates":[[-74.643078366386,39.2643975392194],[-74.6427805637744,39.2642180597152],[-74.6426458639354,39.2641203952975],[-74.6425806376549,39.2640563896516],[-74.6425414226039,39.2639822484907],[-74.6425089524996,39.2639244084817]]}},{"type":"Feature","id":330227,"properties":{"OBJECTID":330227,"PRIMENAME":"Unnamed Segment","ELEVTYP_F":0,"ELEVTYP_T":0},"geometry":{"type":"LineString","coordinates":[[-74.5733781475299,39.2852922856171],[-74.5722353691383,39.2862057832988],[-74.5719889163246,39.2864003322106]]}},{"type":"Feature","id":330312,"properties":{"OBJECTID":330312,"PRIMENAME":"Bay Avenue","ELEVTYP_F":0,"ELEVTYP_T":0},"geometry":{"type":"LineString","coordinates":[[-74.5765599968096,39.2834119254256],[-74.5762487878809,39.2836562504422],[-74.5762237603635,39.2836760912055]]}},{"type":"Feature","id":330438,"properties":{"OBJECTID":330438,"PRIMENAME":"East 6th Street","ELEVTYP_F":0,"ELEVTYP_T":0},"geometry":{"type":"LineString","coordinates":[[-74.574769976871,39.2842116776171],[-74.575167313386,39.2845129284825]]}},{"type":"Feature","id":330672,"properties":{"OBJECTID":330672,"PRIMENAME":"Chelsea Avenue","ELEVTYP_F":0,"ELEVTYP_T":0},"geometry":{"type":"LineString","coordinates":[[-74.6370172997116,39.2739643362759],[-74.6376884417886,39.2744267187531]]}},{"type":"Feature","id":330695,"properties":{"OBJECTID":330695,"PRIMENAME":"Asbury Avenue","ELEVTYP_F":0,"ELEVTYP_T":0},"geometry":{"type":"LineString","coordinates":[[-74.6147456682777,39.2474954606143],[-74.6145324427748,39.2477290846251],[-74.6135908102506,39.2487444151524]]}},{"type":"Feature","id":330749,"properties":{"OBJECTID":330749,"PRIMENAME":"Broadway","ELEVTYP_F":0,"ELEVTYP_T":0},"geometry":{"type":"LineString","coordinates":[[-74.6006223753597,39.3088004027187],[-74.6006727273241,39.3087425627434],[-74.6007482062496,39.308707846606],[-74.6008639227914,39.3086820496899]]}},{"type":"Feature","id":330825,"properties":{"OBJECTID":330825,"PRIMENAME":"Plymouth Place","ELEVTYP_F":0,"ELEVTYP_T":0},"geometry":{"type":"LineString","coordinates":[[-74.5717131643278,39.2788273961356],[-74.570842474181,39.2781701108871]]}},{"type":"Feature","id":330963,"properties":{"OBJECTID":330963,"PRIMENAME":"Saint George Place","ELEVTYP_F":0,"ELEVTYP_T":0},"geometry":{"type":"LineString","coordinates":[[-74.6442075301922,39.2681834767819],[-74.6457020848305,39.2691253189154]]}},{"type":"Feature","id":331152,"properties":{"OBJECTID":331152,"PRIMENAME":"Unnamed Segment","ELEVTYP_F":0,"ELEVTYP_T":0},"geometry":{"type":"LineString","coordinates":[[-74.5738201139919,39.2813261586165],[-74.5740207193224,39.2811627438009],[-74.5752118452941,39.2802324476358]]}},{"type":"Feature","id":331340,"properties":{"OBJECTID":331340,"PRIMENAME":"East Hollywood Lane","ELEVTYP_F":0,"ELEVTYP_T":0},"geometry":{"type":"LineString","coordinates":[[-74.6355980484409,39.2750989061769],[-74.634986184166,39.2746327361158],[-74.6342073691993,39.2740509960301]]}},{"type":"Feature","id":331348,"properties":{"OBJECTID":331348,"PRIMENAME":"35th Street","ELEVTYP_F":0,"ELEVTYP_T":0},"geometry":{"type":"LineString","coordinates":[[-74.6119247892586,39.2498000023999],[-74.6115390145218,39.2495496598674]]}},{"type":"Feature","id":331373,"properties":{"OBJECTID":331373,"PRIMENAME":"Asbury Avenue","ELEVTYP_F":0,"ELEVTYP_T":0},"geometry":{"type":"LineString","coordinates":[[-74.6047076274247,39.2571359552066],[-74.6040059864319,39.2577869897333],[-74.6034331051821,39.2583206371549]]}},{"type":"Feature","id":331425,"properties":{"OBJECTID":331425,"PRIMENAME":"Marine Place","ELEVTYP_F":0,"ELEVTYP_T":0},"geometry":{"type":"LineString","coordinates":[[-74.5857411206942,39.27650399017],[-74.5860911440842,39.2767945300106]]}},{"type":"Feature","id":331556,"properties":{"OBJECTID":331556,"PRIMENAME":"Fowlers Court","ELEVTYP_F":0,"ELEVTYP_T":0},"geometry":{"type":"LineString","coordinates":[[-74.6076401288341,39.2614809164367],[-74.6079445026895,39.2612351293456]]}},{"type":"Feature","id":331557,"properties":{"OBJECTID":331557,"PRIMENAME":"2nd Street","ELEVTYP_F":0,"ELEVTYP_T":0},"geometry":{"type":"LineString","coordinates":[[-74.5606603993046,39.2820561819352],[-74.5616679365507,39.2828221456137],[-74.5632119087781,39.2840064204014],[-74.5633384099822,39.2841030557348]]}},{"type":"Feature","id":331703,"properties":{"OBJECTID":331703,"PRIMENAME":"56th Street","ELEVTYP_F":0,"ELEVTYP_T":0},"geometry":{"type":"LineString","coordinates":[[-74.6375404543917,39.2241311551329],[-74.637075013944,39.2238952691407]]}},{"type":"Feature","id":331798,"properties":{"OBJECTID":331798,"PRIMENAME":"Bay Road","ELEVTYP_F":0,"ELEVTYP_T":0},"geometry":{"type":"LineString","coordinates":[[-74.5639791498447,39.2933607619716],[-74.5643882157949,39.2930365709738],[-74.5650632629015,39.2925017436717]]}},{"type":"Feature","id":331816,"properties":{"OBJECTID":331816,"PRIMENAME":"Saint Davids Place","ELEVTYP_F":0,"ELEVTYP_T":0},"geometry":{"type":"LineString","coordinates":[[-74.6258697346679,39.2341342651109],[-74.6254952279927,39.2339258561846]]}},{"type":"Feature","id":331849,"properties":{"OBJECTID":331849,"PRIMENAME":"West Avenue","ELEVTYP_F":0,"ELEVTYP_T":0},"geometry":{"type":"LineString","coordinates":[[-74.6363046306807,39.2271720002533],[-74.6357821958418,39.2277972097413],[-74.6352292155949,39.2284595475528]]}},{"type":"Feature","id":332104,"properties":{"OBJECTID":332104,"PRIMENAME":"Unnamed Segment","ELEVTYP_F":0,"ELEVTYP_T":0},"geometry":{"type":"LineString","coordinates":[[-74.612678847754,39.2502891942631],[-74.6128818248441,39.250107890162],[-74.6130391302604,39.2499653169316],[-74.6132549423591,39.2497514618606],[-74.6134524428306,39.2495490196771],[-74.61362795128,39.2493523368754],[-74.613985438616,39.2489656915006]]}},{"type":"Feature","id":332358,"properties":{"OBJECTID":332358,"PRIMENAME":"West Avenue","ELEVTYP_F":0,"ELEVTYP_T":0},"geometry":{"type":"LineString","coordinates":[[-74.6278746655484,39.2346316394764],[-74.6275139048589,39.235019320149],[-74.627495756916,39.2350390276255]]}},{"type":"Feature","id":332417,"properties":{"OBJECTID":332417,"PRIMENAME":"East 17th Street","ELEVTYP_F":0,"ELEVTYP_T":0},"geometry":{"type":"LineString","coordinates":[[-74.5892721658682,39.271574895014],[-74.5899572567602,39.2721324619797],[-74.590024586895,39.2721884222283]]}},{"type":"Feature","id":332456,"properties":{"OBJECTID":332456,"PRIMENAME":"Central Avenue","ELEVTYP_F":0,"ELEVTYP_T":0},"geometry":{"type":"LineString","coordinates":[[-74.6243195373345,39.2358003100827],[-74.6233518439943,39.2368440848232],[-74.6231654630656,39.2370491961946]]}},{"type":"Feature","id":332833,"properties":{"OBJECTID":332833,"PRIMENAME":"Pennlyn Place","ELEVTYP_F":0,"ELEVTYP_T":0},"geometry":{"type":"LineString","coordinates":[[-74.5638836688706,39.283672230069],[-74.5641040037797,39.2838409706546],[-74.5643178314428,39.2840024375774]]}},{"type":"Feature","id":333113,"properties":{"OBJECTID":333113,"PRIMENAME":"Pleasure Avenue","ELEVTYP_F":0,"ELEVTYP_T":0},"geometry":{"type":"LineString","coordinates":[[-74.5779354264264,39.2837410468725],[-74.5777063279396,39.2839194518227],[-74.5774684766343,39.2841082954535]]}},{"type":"Feature","id":333139,"properties":{"OBJECTID":333139,"PRIMENAME":"Jones Avenue","ELEVTYP_F":0,"ELEVTYP_T":0},"geometry":{"type":"LineString","coordinates":[[-74.6351969536195,39.3077141404876],[-74.6351980802238,39.3076934095706],[-74.6352026734167,39.307674266372],[-74.6352212920448,39.3076525539671],[-74.6352509988769,39.3076258039186],[-74.6353348155981,39.3075624457143],[-74.6354159530443,39.3075023848545],[-74.6354890272261,39.3074580940229],[-74.6355499205458,39.3074391050736]]}},{"type":"Feature","id":333163,"properties":{"OBJECTID":333163,"PRIMENAME":"Landing Road","ELEVTYP_F":0,"ELEVTYP_T":0},"geometry":{"type":"LineString","coordinates":[[-74.5622074670382,39.2932475287114],[-74.5618556261405,39.2929199338913]]}},{"type":"Feature","id":333414,"properties":{"OBJECTID":333414,"PRIMENAME":"Garden State Parkway","ELEVTYP_F":0,"ELEVTYP_T":1},"geometry":{"type":"LineString","coordinates":[[-74.623163168763,39.2923507690821],[-74.6233197483921,39.2919971171378],[-74.6238311436622,39.2907128599865],[-74.6242456872568,39.2896228791103],[-74.6247080576124,39.2883824074377],[-74.624813308379,39.2880994055162],[-74.6248467270993,39.2880006893105]]}},{"type":"Feature","id":333720,"properties":{"OBJECTID":333720,"PRIMENAME":"19th Street","ELEVTYP_F":0,"ELEVTYP_T":0},"geometry":{"type":"LineString","coordinates":[[-74.5892786522191,39.2670830089498],[-74.5891275965858,39.2669579749927],[-74.5889409987362,39.2667977673906]]}},{"type":"Feature","id":333887,"properties":{"OBJECTID":333887,"PRIMENAME":"Central Avenue","ELEVTYP_F":0,"ELEVTYP_T":0},"geometry":{"type":"LineString","coordinates":[[-74.5727596365055,39.2805138488019],[-74.5713685381861,39.2816130493813]]}},{"type":"Feature","id":334004,"properties":{"OBJECTID":334004,"PRIMENAME":"Haven Avenue","ELEVTYP_F":0,"ELEVTYP_T":0},"geometry":{"type":"LineString","coordinates":[[-74.6075889645921,39.2570010400777],[-74.6072398551817,39.2573274986883],[-74.6064516796189,39.2580536690149],[-74.6062994270682,39.2581723134446]]}},{"type":"Feature","id":334954,"properties":{"OBJECTID":334954,"PRIMENAME":"Ocean Avenue","ELEVTYP_F":0,"ELEVTYP_T":0},"geometry":{"type":"LineString","coordinates":[[-74.5697577306856,39.2803786204453],[-74.5693479508118,39.2807031061614],[-74.5684192294141,39.281441482718],[-74.5683763014068,39.2814754445936]]}},{"type":"Feature","id":335247,"properties":{"OBJECTID":335247,"PRIMENAME":"Bay Avenue","ELEVTYP_F":0,"ELEVTYP_T":0},"geometry":{"type":"LineString","coordinates":[[-74.6475419220286,39.21585046334],[-74.647506758289,39.2158868275939],[-74.6473092314551,39.2161033869911],[-74.6471158619046,39.2163166185299],[-74.6469805275891,39.216478346266],[-74.6469099590163,39.2165626765284],[-74.6467376877819,39.2167726405248],[-74.6465486189353,39.2170186496364],[-74.6463091452699,39.2173335299433],[-74.6461074777125,39.2175992967569],[-74.6458721868499,39.2179076353602],[-74.6454688218592,39.2184291714814],[-74.6450612517937,39.2189507384243],[-74.644838528198,39.2192295705216],[-74.6442670419585,39.2199512561055],[-74.6438047907685,39.2205318645268],[-74.6431072122008,39.2214011730509],[-74.6427499556628,39.2218243180582],[-74.641942971738,39.2227888099831],[-74.641325111982,39.2235269017109],[-74.6408585721263,39.2240878715227],[-74.6405115555657,39.2244999349085],[-74.640076740697,39.2250162415113],[-74.6398450772364,39.225292521592]]}},{"type":"Feature","id":335312,"properties":{"OBJECTID":335312,"PRIMENAME":"3rd Street","ELEVTYP_F":0,"ELEVTYP_T":0},"geometry":{"type":"LineString","coordinates":[[-74.5620423145354,39.2809601076396],[-74.5612025784734,39.2803181110677]]}},{"type":"Feature","id":335317,"properties":{"OBJECTID":335317,"PRIMENAME":"32nd Street","ELEVTYP_F":0,"ELEVTYP_T":0},"geometry":{"type":"LineString","coordinates":[[-74.6097040567715,39.2543797300485],[-74.6093121972671,39.2541333407025],[-74.6092708010486,39.2541073222621]]}},{"type":"Feature","id":335377,"properties":{"OBJECTID":335377,"PRIMENAME":"East 52nd Street","ELEVTYP_F":0,"ELEVTYP_T":0},"geometry":{"type":"LineString","coordinates":[[-74.6315019352788,39.228406072746],[-74.6319147365216,39.2286156821663]]}},{"type":"Feature","id":335495,"properties":{"OBJECTID":335495,"PRIMENAME":"East 11th Street","ELEVTYP_F":0,"ELEVTYP_T":0},"geometry":{"type":"LineString","coordinates":[[-74.5813684571277,39.2785029312392],[-74.5817491960908,39.2788138085352]]}},{"type":"Feature","id":335571,"properties":{"OBJECTID":335571,"PRIMENAME":"Asbury Avenue","ELEVTYP_F":0,"ELEVTYP_T":0},"geometry":{"type":"LineString","coordinates":[[-74.6262892133862,39.2350062943253],[-74.6260672868133,39.2352481595008],[-74.6252152246799,39.2361741700867],[-74.625136147949,39.2362594554282]]}},{"type":"Feature","id":335582,"properties":{"OBJECTID":335582,"PRIMENAME":"Ocean Avenue","ELEVTYP_F":0,"ELEVTYP_T":0},"geometry":{"type":"LineString","coordinates":[[-74.5731047690406,39.277729344566],[-74.5729749063642,39.2778331863444],[-74.5725269605925,39.2781855490077]]}},{"type":"Feature","id":335708,"properties":{"OBJECTID":335708,"PRIMENAME":"East 17th Street","ELEVTYP_F":0,"ELEVTYP_T":0},"geometry":{"type":"LineString","coordinates":[[-74.5904013759097,39.2725014167823],[-74.5907887773265,39.2728233244774]]}},{"type":"Feature","id":335737,"properties":{"OBJECTID":335737,"PRIMENAME":"18th Street","ELEVTYP_F":0,"ELEVTYP_T":0},"geometry":{"type":"LineString","coordinates":[[-74.5903478150334,39.2702120809052],[-74.5904838165261,39.2703247692104],[-74.5907128892613,39.2705139080349]]}},{"type":"Feature","id":335839,"properties":{"OBJECTID":335839,"PRIMENAME":"Harbor Road","ELEVTYP_F":0,"ELEVTYP_T":0},"geometry":{"type":"LineString","coordinates":[[-74.6245150783597,39.2879322650009],[-74.624472231263,39.2879189660588],[-74.6243647147703,39.2878797898598],[-74.6243044070628,39.287842512547],[-74.6242523275949,39.2878033319968],[-74.6241647488278,39.2877294842731],[-74.624108096118,39.287681576881],[-74.6240533723094,39.287633616059]]}},{"type":"Feature","id":335940,"properties":{"OBJECTID":335940,"PRIMENAME":"Merion Place","ELEVTYP_F":0,"ELEVTYP_T":0},"geometry":{"type":"LineString","coordinates":[[-74.6262474421921,39.233723726082],[-74.6270533617791,39.234173397529]]}},{"type":"Feature","id":336071,"properties":{"OBJECTID":336071,"PRIMENAME":"13th Street","ELEVTYP_F":0,"ELEVTYP_T":0},"geometry":{"type":"LineString","coordinates":[[-74.5791966126734,39.2722134505395],[-74.5798255213547,39.272728255012]]}},{"type":"Feature","id":336094,"properties":{"OBJECTID":336094,"PRIMENAME":"Roosevelt Boulevard","ELEVTYP_F":0,"ELEVTYP_T":0},"geometry":{"type":"LineString","coordinates":[[-74.6451543601597,39.263491464305],[-74.6448238156972,39.2632784237581],[-74.6444883297737,39.2630659378978]]}},{"type":"Feature","id":336201,"properties":{"OBJECTID":336201,"PRIMENAME":"Roosevelt Boulevard","ELEVTYP_F":0,"ELEVTYP_T":1},"geometry":{"type":"LineString","coordinates":[[-74.6276304163413,39.2530972346079],[-74.627097494071,39.2529365785852],[-74.6270914011102,39.2529348169131],[-74.6267473383344,39.2528353677433],[-74.62668025438,39.2528191042535],[-74.6266766517797,39.2528182307677],[-74.6264345915576,39.2527595419533],[-74.6262176646929,39.252718273497],[-74.6262174688201,39.2527182376762],[-74.6261312013945,39.2527018262037],[-74.6258744473655,39.252654932237],[-74.6257876220699,39.252643301796]]}},{"type":"Feature","id":336493,"properties":{"OBJECTID":336493,"PRIMENAME":"East 7th Street","ELEVTYP_F":0,"ELEVTYP_T":0},"geometry":{"type":"LineString","coordinates":[[-74.5765599968096,39.2834119254256],[-74.5762610284165,39.2831827445482],[-74.5761200864153,39.2830760290709]]}},{"type":"Feature","id":336611,"properties":{"OBJECTID":336611,"PRIMENAME":"1st Street","ELEVTYP_F":0,"ELEVTYP_T":0},"geometry":{"type":"LineString","coordinates":[[-74.5623874024008,39.2855299647315],[-74.5619550039554,39.2851974160466]]}},{"type":"Feature","id":336807,"properties":{"OBJECTID":336807,"PRIMENAME":"Simpson Avenue","ELEVTYP_F":0,"ELEVTYP_T":0},"geometry":{"type":"LineString","coordinates":[[-74.6122396448706,39.2540081519797],[-74.6131332046256,39.2531728622852],[-74.613534284358,39.2528242865294]]}},{"type":"Feature","id":336974,"properties":{"OBJECTID":336974,"PRIMENAME":"East 10th Street","ELEVTYP_F":0,"ELEVTYP_T":0},"geometry":{"type":"LineString","coordinates":[[-74.5767025018537,39.2768838217553],[-74.5762996912266,39.2765498785497]]}},{"type":"Feature","id":336977,"properties":{"OBJECTID":336977,"PRIMENAME":"East 9th Street","ELEVTYP_F":0,"ELEVTYP_T":0},"geometry":{"type":"LineString","coordinates":[[-74.5785012475008,39.2806392505033],[-74.5781819222797,39.2803980351717],[-74.5780890347738,39.2803275325187]]}},{"type":"Feature","id":337060,"properties":{"OBJECTID":337060,"PRIMENAME":"West Avenue","ELEVTYP_F":0,"ELEVTYP_T":0},"geometry":{"type":"LineString","coordinates":[[-74.6155637631902,39.2479537373912],[-74.615113295631,39.2484388859137],[-74.6144118756841,39.249201186335]]}},{"type":"Feature","id":337171,"properties":{"OBJECTID":337171,"PRIMENAME":"Pleasure Avenue","ELEVTYP_F":0,"ELEVTYP_T":0},"geometry":{"type":"LineString","coordinates":[[-74.5842533208969,39.2786271271101],[-74.5856053221359,39.2776349392761],[-74.5856540819226,39.2776121684657],[-74.585692604357,39.2775955019345]]}},{"type":"Feature","id":337470,"properties":{"OBJECTID":337470,"PRIMENAME":"18th Street","ELEVTYP_F":0,"ELEVTYP_T":0},"geometry":{"type":"LineString","coordinates":[[-74.588244772259,39.2684671984449],[-74.5885870232966,39.2687521636901]]}},{"type":"Feature","id":337832,"properties":{"OBJECTID":337832,"PRIMENAME":"Reef Drive","ELEVTYP_F":0,"ELEVTYP_T":0},"geometry":{"type":"LineString","coordinates":[[-74.6047805540423,39.2691989478124],[-74.6048565526686,39.2691609466274],[-74.6049035553623,39.2691329463359],[-74.6049495542421,39.2691009481743],[-74.6049925538432,39.2690689472938],[-74.6050705535431,39.2690029474693],[-74.6051395524297,39.2689349495849],[-74.6052245526968,39.2688619484401],[-74.6052835545006,39.2688209472751],[-74.6053262781824,39.2687921903851]]}},{"type":"Feature","id":337897,"properties":{"OBJECTID":337897,"PRIMENAME":"East 11th Street","ELEVTYP_F":0,"ELEVTYP_T":0},"geometry":{"type":"LineString","coordinates":[[-74.579176138069,39.2766820033111],[-74.5795155250472,39.276962933151]]}},{"type":"Feature","id":337911,"properties":{"OBJECTID":337911,"PRIMENAME":"Haven Avenue","ELEVTYP_F":0,"ELEVTYP_T":0},"geometry":{"type":"LineString","coordinates":[[-74.5978860294197,39.2652244904702],[-74.5974931571182,39.2655105119156],[-74.5965874154227,39.2661972910493],[-74.5964614643124,39.2662843213616]]}},{"type":"Feature","id":338034,"properties":{"OBJECTID":338034,"PRIMENAME":"Michigan Avenue","ELEVTYP_F":0,"ELEVTYP_T":0},"geometry":{"type":"LineString","coordinates":[[-74.5944879426131,39.2725967162836],[-74.5941003497506,39.2722750948933],[-74.5928977416269,39.2712815625264]]}},{"type":"Feature","id":338072,"properties":{"OBJECTID":338072,"PRIMENAME":"Pleasure Avenue","ELEVTYP_F":0,"ELEVTYP_T":0},"geometry":{"type":"LineString","coordinates":[[-74.5867532173797,39.2773441699624],[-74.5871265992014,39.2772623163151],[-74.587623933344,39.2771444542748],[-74.5878148519433,39.2770955462335]]}},{"type":"Feature","id":338377,"properties":{"OBJECTID":338377,"PRIMENAME":"West 55th Street","ELEVTYP_F":0,"ELEVTYP_T":0},"geometry":{"type":"LineString","coordinates":[[-74.6412039897293,39.2274524614458],[-74.6411874412579,39.2274577144248],[-74.6411096852828,39.2274823949905],[-74.6410266643936,39.2275049550195],[-74.6409328284373,39.2275219276164],[-74.6408390058953,39.2275276703781],[-74.6407379299842,39.2275249918634],[-74.6406404201026,39.2275054220013],[-74.6405537432989,39.2274830671335],[-74.6403767107538,39.2273990962703],[-74.6396720714845,39.227023722556],[-74.6395814014375,39.2269811625341]]}},{"type":"Feature","id":338475,"properties":{"OBJECTID":338475,"PRIMENAME":"50th Street","ELEVTYP_F":0,"ELEVTYP_T":0},"geometry":{"type":"LineString","coordinates":[[-74.6297553722061,39.2311935501318],[-74.6301686109391,39.2314044560341]]}},{"type":"Feature","id":338482,"properties":{"OBJECTID":338482,"PRIMENAME":"Richmond Drive","ELEVTYP_F":0,"ELEVTYP_T":0},"geometry":{"type":"LineString","coordinates":[[-74.5944879426131,39.2725967162836],[-74.595153476491,39.2721065310667]]}},{"type":"Feature","id":338648,"properties":{"OBJECTID":338648,"PRIMENAME":"Waterview Boulevard","ELEVTYP_F":0,"ELEVTYP_T":0},"geometry":{"type":"LineString","coordinates":[[-74.6235618786241,39.2511286176724],[-74.6234550696446,39.2509967166618],[-74.623410303362,39.2509437162517]]}},{"type":"Feature","id":338730,"properties":{"OBJECTID":338730,"PRIMENAME":"Battersea Road","ELEVTYP_F":0,"ELEVTYP_T":0},"geometry":{"type":"LineString","coordinates":[[-74.5630209744814,39.2909376784031],[-74.5626464938992,39.290651420525]]}},{"type":"Feature","id":338983,"properties":{"OBJECTID":338983,"PRIMENAME":"Roberts Avenue","ELEVTYP_F":0,"ELEVTYP_T":0},"geometry":{"type":"LineString","coordinates":[[-74.6493000695881,39.2628911441237],[-74.6492587548969,39.2628626959069]]}},{"type":"Feature","id":339029,"properties":{"OBJECTID":339029,"PRIMENAME":"Harbor Road","ELEVTYP_F":0,"ELEVTYP_T":0},"geometry":{"type":"LineString","coordinates":[[-74.5602569900317,39.2949447676628],[-74.560310888978,39.2950820526042],[-74.5603762827677,39.2951894855993],[-74.5604762660695,39.295290914647],[-74.5606223773704,39.2954072840138],[-74.5607492274862,39.2954788537754]]}},{"type":"Feature","id":339184,"properties":{"OBJECTID":339184,"PRIMENAME":"Unnamed Segment","ELEVTYP_F":0,"ELEVTYP_T":0},"geometry":{"type":"LineString","coordinates":[[-74.5689497417363,39.2840752666708],[-74.5693206684619,39.2837761755095],[-74.5703468974337,39.2829774646202]]}},{"type":"Feature","id":339752,"properties":{"OBJECTID":339752,"PRIMENAME":"West 28th Street","ELEVTYP_F":0,"ELEVTYP_T":0},"geometry":{"type":"LineString","coordinates":[[-74.6075159682691,39.2609581843483],[-74.6071307154999,39.2607092009922]]}},{"type":"Feature","id":339773,"properties":{"OBJECTID":339773,"PRIMENAME":"Walnut Road","ELEVTYP_F":0,"ELEVTYP_T":0},"geometry":{"type":"LineString","coordinates":[[-74.597630761997,39.2725566170442],[-74.5988394023896,39.2735570414023],[-74.5995305723324,39.2741310623425],[-74.5995960484247,39.2741854394761],[-74.6000500278538,39.2745624211621]]}},{"type":"Feature","id":339861,"properties":{"OBJECTID":339861,"PRIMENAME":"38th Street","ELEVTYP_F":0,"ELEVTYP_T":0},"geometry":{"type":"LineString","coordinates":[[-74.6158938738358,39.2462416689608],[-74.6161200388138,39.2463654677517],[-74.616293830769,39.2464638664415]]}},{"type":"Feature","id":339872,"properties":{"OBJECTID":339872,"PRIMENAME":"Central Avenue","ELEVTYP_F":0,"ELEVTYP_T":0},"geometry":{"type":"LineString","coordinates":[[-74.592909627523,39.265596080859],[-74.5926490290557,39.26578689656],[-74.5914705088808,39.2666476224367]]}},{"type":"Feature","id":339873,"properties":{"OBJECTID":339873,"PRIMENAME":"Thirtyfourth Street","ELEVTYP_F":0,"ELEVTYP_T":0},"geometry":{"type":"LineString","coordinates":[[-74.6098875455248,39.2504798061795],[-74.6096701089104,39.2503385795866]]}},{"type":"Feature","id":339961,"properties":{"OBJECTID":339961,"PRIMENAME":"33rd Street","ELEVTYP_F":0,"ELEVTYP_T":0},"geometry":{"type":"LineString","coordinates":[[-74.6118193092873,39.25373686724],[-74.6117581512257,39.2536974418449],[-74.6113875666443,39.2534633947652]]}},{"type":"Feature","id":339971,"properties":{"OBJECTID":339971,"PRIMENAME":"Asbury Avenue","ELEVTYP_F":0,"ELEVTYP_T":0},"geometry":{"type":"LineString","coordinates":[[-74.6270533617791,39.234173397529],[-74.6266771036765,39.2345834979575]]}},{"type":"Feature","id":340134,"properties":{"OBJECTID":340134,"PRIMENAME":"Walnut Road","ELEVTYP_F":0,"ELEVTYP_T":0},"geometry":{"type":"LineString","coordinates":[[-74.5962658084426,39.2714261349235],[-74.5969824072365,39.2720199322675],[-74.597630761997,39.2725566170442]]}},{"type":"Feature","id":340299,"properties":{"OBJECTID":340299,"PRIMENAME":"Roosevelt Boulevard","ELEVTYP_F":0,"ELEVTYP_T":0},"geometry":{"type":"LineString","coordinates":[[-74.6211715738008,39.2526359771126],[-74.6205135223137,39.2526827056254],[-74.6196635618559,39.2527474758251],[-74.6183403915953,39.2528413579756],[-74.6181335055812,39.2528568892599]]}},{"type":"Feature","id":340304,"properties":{"OBJECTID":340304,"PRIMENAME":"Waterview Boulevard","ELEVTYP_F":0,"ELEVTYP_T":0},"geometry":{"type":"LineString","coordinates":[[-74.6251575257898,39.252341485972],[-74.6246791446669,39.252377340285]]}},{"type":"Feature","id":340383,"properties":{"OBJECTID":340383,"PRIMENAME":"Unnamed Segment","ELEVTYP_F":0,"ELEVTYP_T":0},"geometry":{"type":"LineString","coordinates":[[-74.6304175645709,39.2296998733116],[-74.6304763906123,39.2296295985855],[-74.6312828707016,39.2286663677472],[-74.6315019352788,39.228406072746]]}},{"type":"Feature","id":340452,"properties":{"OBJECTID":340452,"PRIMENAME":"34th Street","ELEVTYP_F":0,"ELEVTYP_T":0},"geometry":{"type":"LineString","coordinates":[[-74.6130899363878,39.2525532495268],[-74.6129816891049,39.2524831189826],[-74.6126749433684,39.2522844606076]]}},{"type":"Feature","id":340735,"properties":{"OBJECTID":340735,"PRIMENAME":"East Station Road","ELEVTYP_F":0,"ELEVTYP_T":0},"geometry":{"type":"LineString","coordinates":[[-74.5644336521437,39.289253430292],[-74.5643118263752,39.2893348804808],[-74.5638222885174,39.2897330026507],[-74.5626464938992,39.290651420525]]}},{"type":"Feature","id":340856,"properties":{"OBJECTID":340856,"PRIMENAME":"East 4th Street","ELEVTYP_F":0,"ELEVTYP_T":0},"geometry":{"type":"LineString","coordinates":[[-74.5661118732295,39.2819113438643],[-74.5665363491715,39.2822347664141]]}},{"type":"Feature","id":340867,"properties":{"OBJECTID":340867,"PRIMENAME":"West 16th Street","ELEVTYP_F":0,"ELEVTYP_T":0},"geometry":{"type":"LineString","coordinates":[[-74.591548841878,39.2757052614697],[-74.5915921622013,39.275685705677],[-74.5917335505266,39.2756401253589],[-74.5918652972316,39.2755965847315],[-74.5919173282242,39.2755661760412],[-74.5919374395264,39.275546830313],[-74.5919480155425,39.2755300450423],[-74.5919528358355,39.2754883619757],[-74.5919455986038,39.2754650012529],[-74.5919266339213,39.2754420344395],[-74.5918893363767,39.2754201531694],[-74.5917185790075,39.2753747638211],[-74.5915429570656,39.275337038642],[-74.5913429046376,39.2752840940485],[-74.5911233637887,39.2752122732112],[-74.5908250071394,39.2751102287032]]}},{"type":"Feature","id":340887,"properties":{"OBJECTID":340887,"PRIMENAME":"Alexandria Court","ELEVTYP_F":0,"ELEVTYP_T":0},"geometry":{"type":"LineString","coordinates":[[-74.6410080186674,39.2747571748295],[-74.6410143094793,39.2748819590389],[-74.6410189384491,39.2750235780245],[-74.6410277481662,39.2751011335653],[-74.6410539731909,39.2751955269002],[-74.6410975787481,39.2752899541189],[-74.6411999434875,39.2754524672003],[-74.6412674051807,39.2755595688168]]}},{"type":"Feature","id":341149,"properties":{"OBJECTID":341149,"PRIMENAME":"Unnamed Segment","ELEVTYP_F":0,"ELEVTYP_T":0},"geometry":{"type":"LineString","coordinates":[[-74.5857375011587,39.2770555790249],[-74.5860911440842,39.2767945300106]]}},{"type":"Feature","id":341806,"properties":{"OBJECTID":341806,"PRIMENAME":"32nd Street","ELEVTYP_F":0,"ELEVTYP_T":0},"geometry":{"type":"LineString","coordinates":[[-74.608876060944,39.2538461074454],[-74.6085009086315,39.253597859337]]}},{"type":"Feature","id":341824,"properties":{"OBJECTID":341824,"PRIMENAME":"Unnamed Segment","ELEVTYP_F":0,"ELEVTYP_T":0},"geometry":{"type":"LineString","coordinates":[[-74.5824557415493,39.277139551953],[-74.5816016429896,39.2777587627492],[-74.5809965950133,39.2781969064422]]}},{"type":"Feature","id":341937,"properties":{"OBJECTID":341937,"PRIMENAME":"Bayou Terrace","ELEVTYP_F":0,"ELEVTYP_T":0},"geometry":{"type":"LineString","coordinates":[[-74.6237922380324,39.251564783687],[-74.6245845579987,39.2515019430669]]}},{"type":"Feature","id":342000,"properties":{"OBJECTID":342000,"PRIMENAME":"East 14th Street","ELEVTYP_F":0,"ELEVTYP_T":0},"geometry":{"type":"LineString","coordinates":[[-74.5831718874966,39.2732463076101],[-74.5828209760905,39.2729558963631]]}},{"type":"Feature","id":342646,"properties":{"OBJECTID":342646,"PRIMENAME":"Cove Road","ELEVTYP_F":0,"ELEVTYP_T":0},"geometry":{"type":"LineString","coordinates":[[-74.6240533723094,39.287633616059],[-74.6241810035626,39.2874513728283],[-74.6242947683641,39.2871730447145],[-74.6245600867576,39.2864506092986],[-74.6249997669608,39.2852662803161],[-74.6252870671175,39.2840643565146],[-74.6253778136699,39.2836972625165],[-74.6254381510978,39.2834565503671]]}},{"type":"Feature","id":342703,"properties":{"OBJECTID":342703,"PRIMENAME":"Norwood Road","ELEVTYP_F":0,"ELEVTYP_T":0},"geometry":{"type":"LineString","coordinates":[[-74.6443819448469,39.2652348018773],[-74.6431061575925,39.2664268918231],[-74.6430193283712,39.2665097535608]]}},{"type":"Feature","id":342721,"properties":{"OBJECTID":342721,"PRIMENAME":"Staples Court","ELEVTYP_F":0,"ELEVTYP_T":0},"geometry":{"type":"LineString","coordinates":[[-74.6314763964127,39.2818165107675],[-74.6295912478849,39.2812092418044],[-74.6285677950323,39.2808482821256],[-74.6284186870805,39.2807956918541]]}},{"type":"Feature","id":343107,"properties":{"OBJECTID":343107,"PRIMENAME":"Unnamed Segment","ELEVTYP_F":0,"ELEVTYP_T":0},"geometry":{"type":"LineString","coordinates":[[-74.6081206325928,39.2533462384695],[-74.6077729854013,39.253668359139],[-74.6068524125421,39.2545282619349]]}},{"type":"Feature","id":343404,"properties":{"OBJECTID":343404,"PRIMENAME":"Unnamed Segment","ELEVTYP_F":0,"ELEVTYP_T":0},"geometry":{"type":"LineString","coordinates":[[-74.5637718925128,39.2795928253489],[-74.5635519256111,39.2794244963833],[-74.5631660814529,39.2791251217161]]}},{"type":"Feature","id":343705,"properties":{"OBJECTID":343705,"PRIMENAME":"Saint Albans Place","ELEVTYP_F":0,"ELEVTYP_T":0},"geometry":{"type":"LineString","coordinates":[[-74.587244580168,39.2685649590888],[-74.5868202366955,39.2682153890901]]}},{"type":"Feature","id":343796,"properties":{"OBJECTID":343796,"PRIMENAME":"West 8th Street","ELEVTYP_F":0,"ELEVTYP_T":0},"geometry":{"type":"LineString","coordinates":[[-74.5788834405729,39.2830029113629],[-74.5791927725182,39.283236278994]]}},{"type":"Feature","id":344107,"properties":{"OBJECTID":344107,"PRIMENAME":"Tennessee Avenue","ELEVTYP_F":0,"ELEVTYP_T":0},"geometry":{"type":"LineString","coordinates":[[-74.6034365118176,39.2705864418765],[-74.6036917563649,39.2707976074715]]}},{"type":"Feature","id":344305,"properties":{"OBJECTID":344305,"PRIMENAME":"Unnamed Segment","ELEVTYP_F":0,"ELEVTYP_T":0},"geometry":{"type":"LineString","coordinates":[[-74.6055783964444,39.2557121710602],[-74.6045745423182,39.2566540079702],[-74.6043236078814,39.2568882782846]]}},{"type":"Feature","id":344336,"properties":{"OBJECTID":344336,"PRIMENAME":"Corinthian Avenue","ELEVTYP_F":0,"ELEVTYP_T":0},"geometry":{"type":"LineString","coordinates":[[-74.5588082911884,39.2835222977295],[-74.5592740621695,39.2831540543389]]}},{"type":"Feature","id":344443,"properties":{"OBJECTID":344443,"PRIMENAME":"Wistar Avenue","ELEVTYP_F":0,"ELEVTYP_T":0},"geometry":{"type":"LineString","coordinates":[[-74.6437371813125,39.2648167947455],[-74.6432497416011,39.2645007872722],[-74.643078366386,39.2643975392194]]}},{"type":"Feature","id":344785,"properties":{"OBJECTID":344785,"PRIMENAME":"Waterview Boulevard","ELEVTYP_F":0,"ELEVTYP_T":0},"geometry":{"type":"LineString","coordinates":[[-74.6257735678523,39.2524461189648],[-74.6257737648859,39.2524461565867],[-74.6265518118413,39.2525683395479],[-74.6267408983121,39.2526028400509],[-74.6267558588036,39.2526055694868],[-74.6268352665554,39.2526164929293],[-74.626882173945,39.2526128043001],[-74.6268919038862,39.2526120379064],[-74.6269457393068,39.2526009693435],[-74.6269655428502,39.2525767029264],[-74.6269710979296,39.2525436383595],[-74.6269661460914,39.2525270100067],[-74.6269625709399,39.2525150094975],[-74.6269323496195,39.2524901183865],[-74.6269171594829,39.2524776071544],[-74.6266930444989,39.2523368583913],[-74.6266023111991,39.2522928886508],[-74.6265541338589,39.2522686961812],[-74.6265144157777,39.2522555323235],[-74.6264661955367,39.2522467710133],[-74.6264066781187,39.2522402460847],[-74.6263816040517,39.2522420064858]]}},{"type":"Feature","id":344868,"properties":{"OBJECTID":344868,"PRIMENAME":"Unnamed Segment","ELEVTYP_F":0,"ELEVTYP_T":0},"geometry":{"type":"LineString","coordinates":[[-74.6321539558347,39.2305763591307],[-74.6324540888833,39.2302083366236],[-74.6330083275005,39.2295552640458],[-74.6332383506074,39.229286056715]]}},{"type":"Feature","id":344900,"properties":{"OBJECTID":344900,"PRIMENAME":"Garden State Parkway","ELEVTYP_F":0,"ELEVTYP_T":1},"geometry":{"type":"LineString","coordinates":[[-74.6412789114395,39.2651932656737],[-74.6416715677542,39.2645911292489],[-74.6419741719243,39.2641224241237],[-74.6424051668626,39.2634640512715],[-74.642918597224,39.2626697457318],[-74.643199361866,39.2622382681232]]}},{"type":"Feature","id":345055,"properties":{"OBJECTID":345055,"PRIMENAME":"East 11th Street","ELEVTYP_F":0,"ELEVTYP_T":0},"geometry":{"type":"LineString","coordinates":[[-74.578500587886,39.2761226922791],[-74.5788355854693,39.2764000030796]]}},{"type":"Feature","id":345082,"properties":{"OBJECTID":345082,"PRIMENAME":"Haven Avenue","ELEVTYP_F":0,"ELEVTYP_T":0},"geometry":{"type":"LineString","coordinates":[[-74.573580987238,39.2833020406202],[-74.5749786288529,39.282211679206]]}},{"type":"Feature","id":345100,"properties":{"OBJECTID":345100,"PRIMENAME":"East 12th Street","ELEVTYP_F":0,"ELEVTYP_T":0},"geometry":{"type":"LineString","coordinates":[[-74.5831998317035,39.2777580984126],[-74.5835876509998,39.278077998122]]}},{"type":"Feature","id":345250,"properties":{"OBJECTID":345250,"PRIMENAME":"East Golden Oak Lane","ELEVTYP_F":0,"ELEVTYP_T":0},"geometry":{"type":"LineString","coordinates":[[-74.6363147677548,39.2745254237562],[-74.6369353211607,39.2749947664348],[-74.6376654817847,39.2755469969194],[-74.6376891288414,39.2755652772733],[-74.6377246017673,39.2755926977922]]}},{"type":"Feature","id":345387,"properties":{"OBJECTID":345387,"PRIMENAME":"Unnamed Segment","ELEVTYP_F":0,"ELEVTYP_T":0},"geometry":{"type":"LineString","coordinates":[[-74.6298652888876,39.2332318876502],[-74.6302639161024,39.2328087636757],[-74.6306615110968,39.2323643889095],[-74.6310322737947,39.2319230354968],[-74.6310794371379,39.2318639763225]]}},{"type":"Feature","id":345389,"properties":{"OBJECTID":345389,"PRIMENAME":"Unnamed Segment","ELEVTYP_F":0,"ELEVTYP_T":0},"geometry":{"type":"LineString","coordinates":[[-74.6287134525519,39.2344686628204],[-74.6289143056037,39.234255207323],[-74.6294265923743,39.233697529744],[-74.6298652888876,39.2332318876502]]}},{"type":"Feature","id":345398,"properties":{"OBJECTID":345398,"PRIMENAME":"Unnamed Segment","ELEVTYP_F":0,"ELEVTYP_T":0},"geometry":{"type":"LineString","coordinates":[[-74.6310794371379,39.2318639763225],[-74.6314488492021,39.2314011788297],[-74.6321062983846,39.2306347319797],[-74.6321539558347,39.2305763591307]]}},{"type":"Feature","id":345707,"properties":{"OBJECTID":345707,"PRIMENAME":"Waterview Boulevard","ELEVTYP_F":0,"ELEVTYP_T":0},"geometry":{"type":"LineString","coordinates":[[-74.6263816040517,39.2522420064858],[-74.6262792074571,39.2522491980494],[-74.6260453303155,39.2522712712092]]}},{"type":"Feature","id":345965,"properties":{"OBJECTID":345965,"PRIMENAME":"Lincoln Avenue","ELEVTYP_F":0,"ELEVTYP_T":0},"geometry":{"type":"LineString","coordinates":[[-74.6317710099508,39.2837585473896],[-74.6320772063124,39.2830918991157]]}},{"type":"Feature","id":346007,"properties":{"OBJECTID":346007,"PRIMENAME":"Somerset Lane","ELEVTYP_F":0,"ELEVTYP_T":0},"geometry":{"type":"LineString","coordinates":[[-74.6209703507122,39.2490813529308],[-74.6211248187038,39.2491677924443],[-74.6212383229048,39.249233763482],[-74.6213340794913,39.2493080179821],[-74.6214298885576,39.2494125851587],[-74.62162805703,39.2496720416021]]}},{"type":"Feature","id":346268,"properties":{"OBJECTID":346268,"PRIMENAME":"Unnamed Segment","ELEVTYP_F":0,"ELEVTYP_T":0},"geometry":{"type":"LineString","coordinates":[[-74.6364714230922,39.2254165936482],[-74.6368072041707,39.2250132899911],[-74.637246688043,39.2244973990537],[-74.6375404543917,39.2241311551329]]}},{"type":"Feature","id":346284,"properties":{"OBJECTID":346284,"PRIMENAME":"Morris Avenue","ELEVTYP_F":0,"ELEVTYP_T":0},"geometry":{"type":"LineString","coordinates":[[-74.6381812217021,39.3098602007456],[-74.6381551124698,39.3098382256748],[-74.6379312491482,39.3096427778185],[-74.6376748594025,39.3094410523661],[-74.6374225736003,39.3092582674818],[-74.6372206361811,39.309121880551]]}},{"type":"Feature","id":346456,"properties":{"OBJECTID":346456,"PRIMENAME":"Garden State Parkway","ELEVTYP_F":1,"ELEVTYP_T":0},"geometry":{"type":"LineString","coordinates":[[-74.643199361866,39.2622382681232],[-74.6435146277355,39.2617537824243],[-74.6438539020684,39.2612492498602],[-74.6440649072421,39.2609593982705],[-74.644326313729,39.260619456541],[-74.6445143698544,39.2603868259009],[-74.6447299920431,39.2601291186694],[-74.6449318544098,39.2598965251287],[-74.6451475105484,39.2596567479781],[-74.6453081379036,39.2594849396588],[-74.645434419372,39.2593568315811],[-74.6456334474791,39.2591549953948]]}},{"type":"Feature","id":346569,"properties":{"OBJECTID":346569,"PRIMENAME":"Bay Road","ELEVTYP_F":0,"ELEVTYP_T":0},"geometry":{"type":"LineString","coordinates":[[-74.5668502680962,39.2910926791264],[-74.5657952208652,39.2919266838652],[-74.5650632629015,39.2925017436717]]}},{"type":"Feature","id":346579,"properties":{"OBJECTID":346579,"PRIMENAME":"Brittany Drive","ELEVTYP_F":0,"ELEVTYP_T":0},"geometry":{"type":"LineString","coordinates":[[-74.5601221272613,39.2960026392581],[-74.5601590169456,39.295953123771],[-74.5601899078126,39.2959194721033],[-74.5607492274862,39.2954788537754]]}},{"type":"Feature","id":346627,"properties":{"OBJECTID":346627,"PRIMENAME":"Pinewood Drive","ELEVTYP_F":0,"ELEVTYP_T":0},"geometry":{"type":"LineString","coordinates":[[-74.5968576046232,39.2744568297301],[-74.5974710445,39.2740260092395]]}},{"type":"Feature","id":346647,"properties":{"OBJECTID":346647,"PRIMENAME":"Garden State Parkway","ELEVTYP_F":0,"ELEVTYP_T":0},"geometry":{"type":"LineString","coordinates":[[-74.6208122900536,39.2976586431958],[-74.6209709491721,39.2973072166856],[-74.6211553018343,39.2968967415366],[-74.6213347148485,39.2964843542725],[-74.6214699101297,39.2961870456588],[-74.6216222711208,39.2958283677459],[-74.6217623826101,39.2955214680062],[-74.6218975609402,39.2952164892902],[-74.6220376766699,39.2949134230712],[-74.6221581159394,39.2946468046519],[-74.6222858986644,39.2943475849326],[-74.6224210602838,39.294034937791],[-74.6225562262288,39.29372612436],[-74.6227675745278,39.2932427642054],[-74.6228658812107,39.2930221812851],[-74.623163168763,39.2923507690821]]}},{"type":"Feature","id":346897,"properties":{"OBJECTID":346897,"PRIMENAME":"Unnamed Segment","ELEVTYP_F":0,"ELEVTYP_T":0},"geometry":{"type":"LineString","coordinates":[[-74.6332383506074,39.229286056715],[-74.6335510443296,39.2289200212838],[-74.6339332707145,39.2284547849781],[-74.6342733788364,39.228028337925],[-74.6343037068528,39.2279930471893]]}},{"type":"Feature","id":347105,"properties":{"OBJECTID":347105,"PRIMENAME":"Garden State Parkway","ELEVTYP_F":0,"ELEVTYP_T":0},"geometry":{"type":"LineString","coordinates":[[-74.6456334474791,39.2591549953948],[-74.645645498539,39.2591427741483],[-74.6457669859876,39.2590195712847],[-74.646102080836,39.2586938383084],[-74.6464279362059,39.2583930751245],[-74.6466666061949,39.2581854454349],[-74.6470706733528,39.2578452077463],[-74.6474562626919,39.2575373091333],[-74.6479474710494,39.2571398745195],[-74.6482091589686,39.2569321574357],[-74.6490355296941,39.256273283392],[-74.649797558537,39.2556573744894],[-74.6508453886259,39.254820864129],[-74.6509727893151,39.2547191535003],[-74.6514134710423,39.2543611158439],[-74.6519505307805,39.2539242042299],[-74.6524875452529,39.2534694691371],[-74.6528960036485,39.2531114139407],[-74.6529747292985,39.2530414542332],[-74.6530934234361,39.252935977333],[-74.6534605484742,39.2526065837784],[-74.6538230717094,39.252273571106],[-74.654240648228,39.2518762068642],[-74.6546260825522,39.2515110369585],[-74.6548876040266,39.2512461114766],[-74.6551766835901,39.2509561345462],[-74.6554886370908,39.2506304058953],[-74.6556859564048,39.250415591656],[-74.6561492276152,39.2499323547785],[-74.6564794310414,39.2495601136196],[-74.6568371936729,39.2491484601801],[-74.6570435599489,39.24890864519],[-74.6574700774795,39.2483896491552],[-74.6578368672009,39.2479458550929],[-74.6581532781189,39.2475414754655],[-74.6585795770735,39.2469795322506],[-74.6589646510578,39.2464606419569],[-74.6594321227671,39.2457950154227],[-74.6598949458243,39.2451079500419],[-74.6602248743518,39.2446177134582],[-74.6605685190953,39.2441059866826],[-74.6608526376505,39.2436765748754],[-74.6609127688076,39.2435884341687],[-74.6611871078712,39.2431863021573],[-74.6615583271783,39.2426638251473],[-74.6618929721985,39.242223577524],[-74.6622505490209,39.2417762128602],[-74.662800790921,39.2411247621219],[-74.6632730775562,39.2406021381674],[-74.6635227075452,39.2403375824608],[-74.6636659475276,39.2401857737955],[-74.6639422098828,39.2399022083175],[-74.6640206593398,39.239821685493],[-74.664456465492,39.2394099260233],[-74.6648830418534,39.2390089131277],[-74.6656401076944,39.2383428514901],[-74.6665210766678,39.2376265794125],[-74.6674847994687,39.2368851413151],[-74.668017228674,39.2364741545166],[-74.6682713254204,39.2362780134349]]}},{"type":"Feature","id":347202,"properties":{"OBJECTID":347202,"PRIMENAME":"Wesley Avenue","ELEVTYP_F":0,"ELEVTYP_T":0},"geometry":{"type":"LineString","coordinates":[[-74.574749269167,39.2777254719189],[-74.5745462310171,39.2778835351523],[-74.5734451938295,39.278751687926],[-74.5733590993763,39.2788199452471]]}},{"type":"Feature","id":347235,"properties":{"OBJECTID":347235,"PRIMENAME":"Spruce Road","ELEVTYP_F":0,"ELEVTYP_T":0},"geometry":{"type":"LineString","coordinates":[[-74.5983655669749,39.2720314845147],[-74.5980646072553,39.2717833886221]]}},{"type":"Feature","id":347375,"properties":{"OBJECTID":347375,"PRIMENAME":"Unnamed Segment","ELEVTYP_F":0,"ELEVTYP_T":0},"geometry":{"type":"LineString","coordinates":[[-74.6353883879708,39.2267096431748],[-74.6357906434565,39.2262270786927],[-74.6364714230922,39.2254165936482]]}},{"type":"Feature","id":347377,"properties":{"OBJECTID":347377,"PRIMENAME":"Unnamed Segment","ELEVTYP_F":0,"ELEVTYP_T":0},"geometry":{"type":"LineString","coordinates":[[-74.6343037068528,39.2279930471893],[-74.6348161130485,39.2273961095778],[-74.6353883879708,39.2267096431748]]}},{"type":"Feature","id":347404,"properties":{"OBJECTID":347404,"PRIMENAME":"East Dundee Road","ELEVTYP_F":0,"ELEVTYP_T":0},"geometry":{"type":"LineString","coordinates":[[-74.5581356277826,39.2939440490483],[-74.5580522062794,39.2939091100352],[-74.5578852452963,39.2938237747191],[-74.5576978844737,39.2937258179765],[-74.5575391152268,39.2936310330043],[-74.557380266754,39.2935267198803],[-74.5572947220234,39.2934445279563],[-74.5572573963188,39.2933865839584]]}},{"type":"Feature","id":347456,"properties":{"OBJECTID":347456,"PRIMENAME":"East 12th Street","ELEVTYP_F":0,"ELEVTYP_T":0},"geometry":{"type":"LineString","coordinates":[[-74.5788263436209,39.2741423188348],[-74.5791878872652,39.2744418232353]]}},{"type":"Feature","id":348199,"properties":{"OBJECTID":348199,"PRIMENAME":"31st Street","ELEVTYP_F":0,"ELEVTYP_T":0},"geometry":{"type":"LineString","coordinates":[[-74.6101329809665,39.2566448754936],[-74.6101566675672,39.2566600374049],[-74.6105570520173,39.2569260753149]]}},{"type":"Feature","id":348522,"properties":{"OBJECTID":348522,"PRIMENAME":"US Highway 9","ELEVTYP_F":0,"ELEVTYP_T":0},"geometry":{"type":"LineString","coordinates":[[-74.6186758583334,39.3080214524898],[-74.6188740150419,39.3078139470115],[-74.6190569589389,39.3076606787524],[-74.6191398746846,39.3075989257665],[-74.6192408199606,39.3075399548975],[-74.6193561981052,39.3074893701682],[-74.6194788506093,39.3074556096338],[-74.6196267509911,39.3074302249539],[-74.6197385917242,39.3074188803874],[-74.6198721102949,39.307415942344],[-74.6200381431412,39.3074326021427],[-74.6201753253897,39.3074632946972],[-74.6203161404022,39.30751081511],[-74.620460590557,39.3075751345389],[-74.6205762251347,39.3076535138677],[-74.6206629396655,39.3077263226762],[-74.6207316293385,39.3077991221877],[-74.6207931344783,39.307885987269],[-74.6208473770851,39.3079840344952],[-74.6208837352825,39.3081017597046],[-74.6208983483291,39.3082139062018],[-74.6208913359975,39.3083288208444],[-74.6208698591455,39.3084381771459],[-74.6208231673099,39.3085391567894],[-74.6207691356247,39.3086261146982],[-74.620689923728,39.3087243282758],[-74.6205926322957,39.3088113300383],[-74.6204700452859,39.3088843546927],[-74.6203510701963,39.3089405455146],[-74.6202357060044,39.3089799277396],[-74.6200949551725,39.3090137077351],[-74.6199506375198,39.3090278597253],[-74.6198207150153,39.3090279935176],[-74.6196908093721,39.3090169245843],[-74.6195427743352,39.3089862426132],[-74.6193839209256,39.3089331393966],[-74.6192069506336,39.3088464188989],[-74.6190768131249,39.3087400196275],[-74.618979241124,39.3086419879533],[-74.6187514665787,39.3083982926952]]}},{"type":"Feature","id":349606,"properties":{"OBJECTID":349606,"PRIMENAME":"22nd Street","ELEVTYP_F":0,"ELEVTYP_T":0},"geometry":{"type":"LineString","coordinates":[[-74.5953740112758,39.2653843713541],[-74.5956954819537,39.2656515127684],[-74.5957330361877,39.2656827278871]]}},{"type":"Feature","id":349861,"properties":{"OBJECTID":349861,"PRIMENAME":"47th Street","ELEVTYP_F":0,"ELEVTYP_T":0},"geometry":{"type":"LineString","coordinates":[[-74.6258886147792,39.23478149558],[-74.6262892133862,39.2350062943253]]}},{"type":"Feature","id":349921,"properties":{"OBJECTID":349921,"PRIMENAME":"Wovern Place","ELEVTYP_F":0,"ELEVTYP_T":0},"geometry":{"type":"LineString","coordinates":[[-74.589406411254,39.2761705398759],[-74.5892269470479,39.2763078259561],[-74.5891793984668,39.2763363085539],[-74.5891245639706,39.2763590845936],[-74.589033127508,39.2763790609172],[-74.5888392896157,39.2764076272116],[-74.5887937840355,39.2764203986497],[-74.5887478601791,39.2764332865949],[-74.5886638111223,39.2764845308516],[-74.5884569560306,39.2766690351835]]}},{"type":"Feature","id":350086,"properties":{"OBJECTID":350086,"PRIMENAME":"28th Street","ELEVTYP_F":0,"ELEVTYP_T":0},"geometry":{"type":"LineString","coordinates":[[-74.6042127484165,39.2588207612587],[-74.6042548515568,39.2588477960726],[-74.6044407326031,39.2589670410965],[-74.6046395882691,39.2590953896128]]}},{"type":"Feature","id":350232,"properties":{"OBJECTID":350232,"PRIMENAME":"24th Street","ELEVTYP_F":0,"ELEVTYP_T":0},"geometry":{"type":"LineString","coordinates":[[-74.6001236991476,39.2648191593638],[-74.6004624421668,39.2650997824471],[-74.6004958952093,39.2651272377283]]}},{"type":"Feature","id":350394,"properties":{"OBJECTID":350394,"PRIMENAME":"Ibis Lane","ELEVTYP_F":0,"ELEVTYP_T":0},"geometry":{"type":"LineString","coordinates":[[-74.6553324578716,39.2548065332837],[-74.6540916163055,39.2532915941653]]}},{"type":"Feature","id":350435,"properties":{"OBJECTID":350435,"PRIMENAME":"29th Street","ELEVTYP_F":0,"ELEVTYP_T":0},"geometry":{"type":"LineString","coordinates":[[-74.6067481572663,39.2584630866307],[-74.6064421112167,39.2582653446616],[-74.6062994270682,39.2581723134446]]}},{"type":"Feature","id":350485,"properties":{"OBJECTID":350485,"PRIMENAME":"North Shore Road","ELEVTYP_F":0,"ELEVTYP_T":0},"geometry":{"type":"LineString","coordinates":[[-74.6303789532466,39.2840870728373],[-74.6302731515776,39.2843045413542]]}},{"type":"Feature","id":350490,"properties":{"OBJECTID":350490,"PRIMENAME":"24th Street","ELEVTYP_F":0,"ELEVTYP_T":0},"geometry":{"type":"LineString","coordinates":[[-74.5972360073727,39.2624363737024],[-74.5974978569809,39.2626563613429],[-74.5975784070078,39.2627223279211]]}},{"type":"Feature","id":350548,"properties":{"OBJECTID":350548,"PRIMENAME":"North Shore Road","ELEVTYP_F":0,"ELEVTYP_T":0},"geometry":{"type":"LineString","coordinates":[[-74.630801718055,39.2832106078196],[-74.6306973320414,39.2834281030884]]}},{"type":"Feature","id":350557,"properties":{"OBJECTID":350557,"PRIMENAME":"Harbor Road","ELEVTYP_F":0,"ELEVTYP_T":0},"geometry":{"type":"LineString","coordinates":[[-74.5601194621991,39.2940374384784],[-74.5601179483273,39.2940851052422],[-74.560128496667,39.2942311983606]]}},{"type":"Feature","id":350648,"properties":{"OBJECTID":350648,"PRIMENAME":"47th Street","ELEVTYP_F":0,"ELEVTYP_T":0},"geometry":{"type":"LineString","coordinates":[[-74.6262892133862,39.2350062943253],[-74.6266883640321,39.2352302969252]]}},{"type":"Feature","id":350682,"properties":{"OBJECTID":350682,"PRIMENAME":"Garden State Parkway","ELEVTYP_F":0,"ELEVTYP_T":0},"geometry":{"type":"LineString","coordinates":[[-74.6204699180923,39.2975312077742],[-74.6203403189723,39.2978337638545],[-74.6200640146229,39.2984968347495],[-74.6198082960347,39.2991116683096],[-74.6194742234216,39.2998906099481],[-74.6190164127808,39.3009785686569],[-74.6189159347967,39.3012335714287],[-74.618859263054,39.3013940092138],[-74.6188238465526,39.3014972773555],[-74.6187648352922,39.3016779948972],[-74.6187129228364,39.3018476440167],[-74.6186586130153,39.3020025482547],[-74.6185996009089,39.3021832656982],[-74.6185288183153,39.3024192972254],[-74.6184650785428,39.3026110805484],[-74.6183801357597,39.3028932122354],[-74.6183282102292,39.3030554879653],[-74.6182857548677,39.3032066929002],[-74.6182338556425,39.3033855589203],[-74.6181796241885,39.303588392644],[-74.6181561107259,39.3037156138255],[-74.6181278235745,39.3038262485762],[-74.6180897227289,39.3039942627702],[-74.61798717959,39.3045928188619],[-74.6179522304353,39.304930637573],[-74.617931752376,39.3051045684162],[-74.6179204146945,39.3052247039612],[-74.6179109859125,39.3053948329585],[-74.6179143333555,39.3055350850991],[-74.6179083920404,39.3057043646869],[-74.6179118461574,39.3059074901873],[-74.6179152382666,39.3060743425166],[-74.6179217761434,39.3062605367144],[-74.6179282324932,39.3064686028411],[-74.6179700338612,39.3067163321821],[-74.6180426181019,39.307189474296]]}},{"type":"Feature","id":350724,"properties":{"OBJECTID":350724,"PRIMENAME":"South Shore Road","ELEVTYP_F":0,"ELEVTYP_T":0},"geometry":{"type":"LineString","coordinates":[[-74.647931757843,39.2640223768948],[-74.6476039901555,39.264304714672],[-74.6472592550913,39.2646072072872],[-74.6472326852459,39.2646879375903]]}},{"type":"Feature","id":350818,"properties":{"OBJECTID":350818,"PRIMENAME":"21st Street","ELEVTYP_F":0,"ELEVTYP_T":0},"geometry":{"type":"LineString","coordinates":[[-74.5925641944634,39.2653101974391],[-74.5921616234382,39.2649766379498]]}},{"type":"Feature","id":350995,"properties":{"OBJECTID":350995,"PRIMENAME":"45th Street","ELEVTYP_F":0,"ELEVTYP_T":0},"geometry":{"type":"LineString","coordinates":[[-74.6239815092504,39.2375042036167],[-74.6243752225192,39.2377237174912]]}},{"type":"Feature","id":351161,"properties":{"OBJECTID":351161,"PRIMENAME":"Garden State Parkway","ELEVTYP_F":0,"ELEVTYP_T":0},"geometry":{"type":"LineString","coordinates":[[-74.6227618950684,39.2923451654788],[-74.6224256987451,39.2931629152014],[-74.6222276454813,39.2935922224198],[-74.6219855956905,39.2941274189693],[-74.6218059038655,39.2945338199432],[-74.6216041758038,39.2949717110539],[-74.6214244560806,39.2953638091026],[-74.621296124316,39.2956671721679],[-74.6211091158198,39.2961050470028],[-74.6209661329153,39.2964541955292],[-74.620812094748,39.2967976342296],[-74.6206580539198,39.2971410727093],[-74.6204699180923,39.2975312077742]]}},{"type":"Feature","id":351419,"properties":{"OBJECTID":351419,"PRIMENAME":"26th Street","ELEVTYP_F":0,"ELEVTYP_T":0},"geometry":{"type":"LineString","coordinates":[[-74.6021105483565,39.2614564824032],[-74.6017272917348,39.2612095107958],[-74.6016826769159,39.2611807476888]]}},{"type":"Feature","id":351521,"properties":{"OBJECTID":351521,"PRIMENAME":"Wesley Avenue","ELEVTYP_F":0,"ELEVTYP_T":0},"geometry":{"type":"LineString","coordinates":[[-74.6031913989103,39.2561588157214],[-74.6031577234523,39.2561458034028],[-74.6031198179498,39.2561393294086],[-74.6030777612544,39.2561426069096],[-74.6030357621086,39.2561622478405],[-74.6030016298074,39.2561901747986],[-74.6029517384752,39.2562309929799],[-74.6018170649872,39.2572723718511]]}},{"type":"Feature","id":351657,"properties":{"OBJECTID":351657,"PRIMENAME":"46th Street","ELEVTYP_F":0,"ELEVTYP_T":0},"geometry":{"type":"LineString","coordinates":[[-74.625136147949,39.2362594554282],[-74.6247268522147,39.2360293075563]]}},{"type":"Feature","id":351724,"properties":{"OBJECTID":351724,"PRIMENAME":"South Shore Road","ELEVTYP_F":0,"ELEVTYP_T":0},"geometry":{"type":"LineString","coordinates":[[-74.6532746003385,39.2593393116654],[-74.6532340817082,39.2593755781387],[-74.6527792891296,39.2597839699747],[-74.6526440122895,39.2599030535108],[-74.65201119114,39.2604601196989],[-74.6516378059165,39.2607914658067],[-74.6511658515885,39.2612098673456],[-74.6503805573187,39.2619027225661],[-74.6499456720345,39.2622870524889]]}},{"type":"Feature","id":351844,"properties":{"OBJECTID":351844,"PRIMENAME":"27th Street","ELEVTYP_F":0,"ELEVTYP_T":0},"geometry":{"type":"LineString","coordinates":[[-74.6017938551769,39.2592459335592],[-74.602174734496,39.2594932368235]]}},{"type":"Feature","id":351881,"properties":{"OBJECTID":351881,"PRIMENAME":"26th Street","ELEVTYP_F":0,"ELEVTYP_T":0},"geometry":{"type":"LineString","coordinates":[[-74.6005216805593,39.26042918132],[-74.6001376543639,39.2601791296805]]}},{"type":"Feature","id":351966,"properties":{"OBJECTID":351966,"PRIMENAME":"2nd Avenue","ELEVTYP_F":0,"ELEVTYP_T":0},"geometry":{"type":"LineString","coordinates":[[-74.6374795880578,39.2714592897656],[-74.6374231397504,39.2714593563949],[-74.6373711303554,39.2714897845019],[-74.637050531211,39.2717465022345],[-74.6368241478683,39.2719348503598]]}},{"type":"Feature","id":351973,"properties":{"OBJECTID":351973,"PRIMENAME":"42nd Street","ELEVTYP_F":0,"ELEVTYP_T":0},"geometry":{"type":"LineString","coordinates":[[-74.6209082018325,39.2414730910492],[-74.6205119325225,39.2412517846083]]}},{"type":"Feature","id":352137,"properties":{"OBJECTID":352137,"PRIMENAME":"2nd Avenue","ELEVTYP_F":0,"ELEVTYP_T":0},"geometry":{"type":"LineString","coordinates":[[-74.6342073691993,39.2740509960301],[-74.633506447796,39.2746161832772]]}},{"type":"Feature","id":352194,"properties":{"OBJECTID":352194,"PRIMENAME":"North Shore Road","ELEVTYP_F":0,"ELEVTYP_T":0},"geometry":{"type":"LineString","coordinates":[[-74.6291481933846,39.2865911103425],[-74.6289615470462,39.2869755982887]]}},{"type":"Feature","id":352243,"properties":{"OBJECTID":352243,"PRIMENAME":"New Road","ELEVTYP_F":1,"ELEVTYP_T":1},"geometry":{"type":"LineString","coordinates":[[-74.6186068898849,39.308112091857],[-74.6185297655391,39.3082133493132],[-74.6183328773907,39.3084696402693]]}},{"type":"Feature","id":352313,"properties":{"OBJECTID":352313,"PRIMENAME":"North Point Road","ELEVTYP_F":0,"ELEVTYP_T":0},"geometry":{"type":"LineString","coordinates":[[-74.5624925624611,39.2944898345599],[-74.5624733291616,39.2944778729868],[-74.5624272055352,39.2944659816828],[-74.562369615052,39.2944749360687],[-74.5622554961875,39.2945114082813],[-74.5622197969317,39.2945228191316],[-74.5620776822388,39.2945706429443],[-74.5619596933278,39.2946085141012],[-74.5619471170742,39.2946125294413],[-74.5618357253562,39.2946394411921],[-74.5616782282632,39.2946753566413],[-74.5614861690209,39.2947083237355],[-74.5612864325369,39.294729296536],[-74.5611404332177,39.2947413172664],[-74.5610290228221,39.2947473067161],[-74.5609368260161,39.2947414240102],[-74.5608215488664,39.2947295403188],[-74.5606563266163,39.2946997805534],[-74.5606140506539,39.2946848660782],[-74.5605718118077,39.2946699515683],[-74.5605251143288,39.2946443826631],[-74.5604411120716,39.2945983845023],[-74.5602912104916,39.2945088973167],[-74.5601571822854,39.2943877982748]]}},{"type":"Feature","id":352337,"properties":{"OBJECTID":352337,"PRIMENAME":"22nd Street","ELEVTYP_F":0,"ELEVTYP_T":0},"geometry":{"type":"LineString","coordinates":[[-74.5947007722383,39.2648247937012],[-74.5950406968018,39.2651073260363]]}},{"type":"Feature","id":352349,"properties":{"OBJECTID":352349,"PRIMENAME":"North Shore Road","ELEVTYP_F":0,"ELEVTYP_T":0},"geometry":{"type":"LineString","coordinates":[[-74.642537456545,39.2713177896874],[-74.6424719963767,39.2714379945306],[-74.6424189187595,39.2715327593659]]}},{"type":"Feature","id":352624,"properties":{"OBJECTID":352624,"PRIMENAME":"24th Street","ELEVTYP_F":0,"ELEVTYP_T":0},"geometry":{"type":"LineString","coordinates":[[-74.6004958952093,39.2651272377283],[-74.6008869395621,39.2654482307891]]}},{"type":"Feature","id":352841,"properties":{"OBJECTID":352841,"PRIMENAME":"23rd Street","ELEVTYP_F":0,"ELEVTYP_T":0},"geometry":{"type":"LineString","coordinates":[[-74.5990492722207,39.2661797577753],[-74.5994409155546,39.266501166801]]}},{"type":"Feature","id":353112,"properties":{"OBJECTID":353112,"PRIMENAME":"29th Street","ELEVTYP_F":0,"ELEVTYP_T":0},"geometry":{"type":"LineString","coordinates":[[-74.6054809482957,39.2576385205477],[-74.605437747542,39.2576103332079],[-74.6050779349264,39.2573756799274]]}},{"type":"Feature","id":353275,"properties":{"OBJECTID":353275,"PRIMENAME":"43rd Street","ELEVTYP_F":0,"ELEVTYP_T":0},"geometry":{"type":"LineString","coordinates":[[-74.6216687073575,39.2400071512952],[-74.622062113753,39.2402288144787]]}},{"type":"Feature","id":353329,"properties":{"OBJECTID":353329,"PRIMENAME":"27th Street","ELEVTYP_F":0,"ELEVTYP_T":0},"geometry":{"type":"LineString","coordinates":[[-74.602174734496,39.2594932368235],[-74.6025482992096,39.259735905122]]}},{"type":"Feature","id":353371,"properties":{"OBJECTID":353371,"PRIMENAME":"27th Street","ELEVTYP_F":0,"ELEVTYP_T":0},"geometry":{"type":"LineString","coordinates":[[-74.6033747315393,39.2602728408416],[-74.6037626931604,39.2605251573779]]}},{"type":"Feature","id":353610,"properties":{"OBJECTID":353610,"PRIMENAME":"24th Street","ELEVTYP_F":0,"ELEVTYP_T":0},"geometry":{"type":"LineString","coordinates":[[-74.5993612476548,39.2641876382528],[-74.5993624148224,39.264188626362],[-74.5997480058156,39.2645080073736]]}},{"type":"Feature","id":353890,"properties":{"OBJECTID":353890,"PRIMENAME":"24th Street","ELEVTYP_F":0,"ELEVTYP_T":0},"geometry":{"type":"LineString","coordinates":[[-74.5960547875867,39.2614441722504],[-74.5964931840223,39.2618124228056]]}},{"type":"Feature","id":354034,"properties":{"OBJECTID":354034,"PRIMENAME":"29th Street","ELEVTYP_F":0,"ELEVTYP_T":0},"geometry":{"type":"LineString","coordinates":[[-74.6043236078814,39.2568882782846],[-74.6039336876547,39.256636789454]]}},{"type":"Feature","id":354328,"properties":{"OBJECTID":354328,"PRIMENAME":"45th Street","ELEVTYP_F":0,"ELEVTYP_T":0},"geometry":{"type":"LineString","coordinates":[[-74.6243752225192,39.2377237174912],[-74.6246728769043,39.2378897074798],[-74.6247982746381,39.2379610169761]]}},{"type":"Feature","id":355418,"properties":{"OBJECTID":355418,"PRIMENAME":"25th Street","ELEVTYP_F":0,"ELEVTYP_T":0},"geometry":{"type":"LineString","coordinates":[[-74.5983335419514,39.2610969140014],[-74.5986806735537,39.2613840150069]]}},{"type":"Feature","id":355495,"properties":{"OBJECTID":355495,"PRIMENAME":"22nd Street","ELEVTYP_F":0,"ELEVTYP_T":0},"geometry":{"type":"LineString","coordinates":[[-74.5943552666741,39.2645401515473],[-74.594596563925,39.2647381965838],[-74.5947007722383,39.2648247937012]]}},{"type":"Feature","id":356322,"properties":{"OBJECTID":356322,"PRIMENAME":"24th Street","ELEVTYP_F":0,"ELEVTYP_T":0},"geometry":{"type":"LineString","coordinates":[[-74.5964931840223,39.2618124228056],[-74.5968936070918,39.2621487699532]]}},{"type":"Feature","id":357071,"properties":{"OBJECTID":357071,"PRIMENAME":"25th Street","ELEVTYP_F":0,"ELEVTYP_T":0},"geometry":{"type":"LineString","coordinates":[[-74.6019415243231,39.2640760462407],[-74.6023207414725,39.2644011364414]]}},{"type":"Feature","id":357441,"properties":{"OBJECTID":357441,"PRIMENAME":"21st Street","ELEVTYP_F":0,"ELEVTYP_T":0},"geometry":{"type":"LineString","coordinates":[[-74.594674378872,39.2670505766895],[-74.5943272386819,39.2667657701433],[-74.5942923011423,39.2667371053933]]}},{"type":"Feature","id":358243,"properties":{"OBJECTID":358243,"PRIMENAME":"North Shore Road","ELEVTYP_F":0,"ELEVTYP_T":0},"geometry":{"type":"LineString","coordinates":[[-74.6449578481372,39.2668233890197],[-74.6448320678759,39.2670133022083],[-74.6447292770576,39.267200632851],[-74.6445729826044,39.2674966772562]]}},{"type":"Feature","id":358302,"properties":{"OBJECTID":358302,"PRIMENAME":"West 9th Street","ELEVTYP_F":0,"ELEVTYP_T":0},"geometry":{"type":"LineString","coordinates":[[-74.5806660184006,39.2822359070733],[-74.580576917641,39.2821706357774],[-74.5800463888959,39.281743704153]]}},{"type":"Feature","id":358309,"properties":{"OBJECTID":358309,"PRIMENAME":"North Shore Road","ELEVTYP_F":0,"ELEVTYP_T":0},"geometry":{"type":"LineString","coordinates":[[-74.645681543973,39.2660627465699],[-74.6453810079608,39.2663275616482],[-74.6452825581755,39.2664289244813],[-74.6452737510471,39.2664379914487],[-74.6451579583007,39.2665717694269],[-74.6450550379048,39.2666955095911],[-74.6449649611175,39.2668126441497],[-74.6449578481372,39.2668233890197]]}},{"type":"Feature","id":358530,"properties":{"OBJECTID":358530,"PRIMENAME":"Harbor Road","ELEVTYP_F":0,"ELEVTYP_T":0},"geometry":{"type":"LineString","coordinates":[[-74.560128496667,39.2942311983606],[-74.5601296051364,39.2942462991318],[-74.5601571822854,39.2943877982748]]}},{"type":"Feature","id":359428,"properties":{"OBJECTID":359428,"PRIMENAME":"North Shore Road","ELEVTYP_F":0,"ELEVTYP_T":0},"geometry":{"type":"LineString","coordinates":[[-74.6397717855611,39.2739428858278],[-74.6395104075707,39.2741554979147],[-74.6391424735194,39.2744515421413]]}},{"type":"Feature","id":359631,"properties":{"OBJECTID":359631,"PRIMENAME":"23rd Street","ELEVTYP_F":0,"ELEVTYP_T":0},"geometry":{"type":"LineString","coordinates":[[-74.5957919713612,39.2634913495982],[-74.5956384741817,39.2633657765161],[-74.5954446302818,39.2632051464869]]}},{"type":"Feature","id":360859,"properties":{"OBJECTID":360859,"PRIMENAME":"43rd Street","ELEVTYP_F":0,"ELEVTYP_T":0},"geometry":{"type":"LineString","coordinates":[[-74.6204929581337,39.2393447858133],[-74.6208571634781,39.2395499810323]]}},{"type":"Feature","id":360882,"properties":{"OBJECTID":360882,"PRIMENAME":"South Shore Road","ELEVTYP_F":0,"ELEVTYP_T":0},"geometry":{"type":"LineString","coordinates":[[-74.6492587548969,39.2628626959069],[-74.6491165413061,39.2629889340221],[-74.6487588946202,39.2633098713238],[-74.6487042648763,39.2633569307827]]}},{"type":"Feature","id":361003,"properties":{"OBJECTID":361003,"PRIMENAME":"24th Street","ELEVTYP_F":0,"ELEVTYP_T":0},"geometry":{"type":"LineString","coordinates":[[-74.5979203075652,39.2630023793353],[-74.5982613269151,39.2632817710711]]}},{"type":"Feature","id":361187,"properties":{"OBJECTID":361187,"PRIMENAME":"25th Street","ELEVTYP_F":0,"ELEVTYP_T":0},"geometry":{"type":"LineString","coordinates":[[-74.5993604162064,39.2619473803286],[-74.5997016179184,39.2622307484858]]}},{"type":"Feature","id":361249,"properties":{"OBJECTID":361249,"PRIMENAME":"North Shore Road","ELEVTYP_F":0,"ELEVTYP_T":0},"geometry":{"type":"LineString","coordinates":[[-74.6306973320414,39.2834281030884],[-74.6305454689294,39.2837446616421],[-74.6303789532466,39.2840870728373]]}},{"type":"Feature","id":361871,"properties":{"OBJECTID":361871,"PRIMENAME":"North Shore Road","ELEVTYP_F":0,"ELEVTYP_T":0},"geometry":{"type":"LineString","coordinates":[[-74.6370105050427,39.2761704691084],[-74.6364535984773,39.2766190307481],[-74.6362968139403,39.2767452979392]]}},{"type":"Feature","id":361958,"properties":{"OBJECTID":361958,"PRIMENAME":"North Shore Road","ELEVTYP_F":0,"ELEVTYP_T":0},"geometry":{"type":"LineString","coordinates":[[-74.6472326852459,39.2646879375903],[-74.6470203371483,39.2648748872084],[-74.6469831070219,39.2649079926396]]}},{"type":"Feature","id":362848,"properties":{"OBJECTID":362848,"PRIMENAME":"44th Street","ELEVTYP_F":0,"ELEVTYP_T":0},"geometry":{"type":"LineString","coordinates":[[-74.6232203106272,39.2389753773927],[-74.6228255992687,39.2387520997587]]}},{"type":"Feature","id":363155,"properties":{"OBJECTID":363155,"PRIMENAME":"Egret Lane","ELEVTYP_F":0,"ELEVTYP_T":0},"geometry":{"type":"LineString","coordinates":[[-74.6557747700409,39.2545992256001],[-74.6544381928959,39.2529734913631]]}},{"type":"Feature","id":363797,"properties":{"OBJECTID":363797,"PRIMENAME":"24th Street","ELEVTYP_F":0,"ELEVTYP_T":0},"geometry":{"type":"LineString","coordinates":[[-74.598618472514,39.263574300175],[-74.5986564509021,39.2636054041023],[-74.5988955986291,39.2638013008208],[-74.5989981133278,39.2638863578362]]}},{"type":"Feature","id":364090,"properties":{"OBJECTID":364090,"PRIMENAME":"47th Street","ELEVTYP_F":0,"ELEVTYP_T":0},"geometry":{"type":"LineString","coordinates":[[-74.6251065462461,39.2343426094594],[-74.6254803151578,39.2345524212034]]}},{"type":"Feature","id":364462,"properties":{"OBJECTID":364462,"PRIMENAME":"46th Street","ELEVTYP_F":0,"ELEVTYP_T":0},"geometry":{"type":"LineString","coordinates":[[-74.6247268522147,39.2360293075563],[-74.6243195373345,39.2358003100827]]}},{"type":"Feature","id":364977,"properties":{"OBJECTID":364977,"PRIMENAME":"27th Street","ELEVTYP_F":0,"ELEVTYP_T":0},"geometry":{"type":"LineString","coordinates":[[-74.6029509601792,39.2599974358912],[-74.6029952920702,39.2600262266941],[-74.6032141243757,39.2601683713994],[-74.6033747315393,39.2602728408416]]}},{"type":"Feature","id":365354,"properties":{"OBJECTID":365354,"PRIMENAME":"27th Street","ELEVTYP_F":0,"ELEVTYP_T":0},"geometry":{"type":"LineString","coordinates":[[-74.6014089832979,39.2589962714518],[-74.6016603313041,39.2591591755236],[-74.6017938551769,39.2592459335592]]}},{"type":"Feature","id":365358,"properties":{"OBJECTID":365358,"PRIMENAME":"North Shore Road","ELEVTYP_F":0,"ELEVTYP_T":0},"geometry":{"type":"LineString","coordinates":[[-74.6314763964127,39.2818165107675],[-74.6313798730978,39.2820152670414],[-74.6311879760455,39.2824104034695],[-74.6310554343006,39.2826841303422],[-74.6309353494553,39.2829321254998],[-74.630801718055,39.2832106078196]]}},{"type":"Feature","id":365601,"properties":{"OBJECTID":365601,"PRIMENAME":"South Shore Road","ELEVTYP_F":0,"ELEVTYP_T":0},"geometry":{"type":"LineString","coordinates":[[-74.6472326852459,39.2646879375903],[-74.6473111760529,39.2646574706531],[-74.6474787783214,39.2645076163517]]}},{"type":"Feature","id":365986,"properties":{"OBJECTID":365986,"PRIMENAME":"21st Street","ELEVTYP_F":0,"ELEVTYP_T":0},"geometry":{"type":"LineString","coordinates":[[-74.5942923011423,39.2667371053933],[-74.594252060636,39.2667040795321],[-74.5939329641435,39.2664422867643]]}},{"type":"Feature","id":366120,"properties":{"OBJECTID":366120,"PRIMENAME":"25th Street","ELEVTYP_F":0,"ELEVTYP_T":0},"geometry":{"type":"LineString","coordinates":[[-74.5997016179184,39.2622307484858],[-74.600022772396,39.2624974117426],[-74.6000566839645,39.2625256090485]]}},{"type":"Feature","id":366121,"properties":{"OBJECTID":366121,"PRIMENAME":"28th Street","ELEVTYP_F":0,"ELEVTYP_T":0},"geometry":{"type":"LineString","coordinates":[[-74.6034331051821,39.2583206371549],[-74.6038124255116,39.2585639548396]]}},{"type":"Feature","id":366123,"properties":{"OBJECTID":366123,"PRIMENAME":"40th Street","ELEVTYP_F":0,"ELEVTYP_T":0},"geometry":{"type":"LineString","coordinates":[[-74.6190333920583,39.2441995803813],[-74.618606686683,39.2439637737289]]}},{"type":"Feature","id":366311,"properties":{"OBJECTID":366311,"PRIMENAME":"South Shore Road","ELEVTYP_F":0,"ELEVTYP_T":0},"geometry":{"type":"LineString","coordinates":[[-74.6474787783214,39.2645076163517],[-74.6478994036337,39.2641315239916],[-74.648525321864,39.263578069135]]}},{"type":"Feature","id":366888,"properties":{"OBJECTID":366888,"PRIMENAME":"Garden State Parkway","ELEVTYP_F":0,"ELEVTYP_T":1},"geometry":{"type":"LineString","coordinates":[[-74.6404108614968,39.2652503107481],[-74.6401817174845,39.2655340454486],[-74.6400942436175,39.2656423684818],[-74.6399725038556,39.2657840288884],[-74.6398016793534,39.2659828044775],[-74.6392883941102,39.2665589495218],[-74.6387894425517,39.2670827688467],[-74.6380600683141,39.2678011463124],[-74.6373689857154,39.2684372945494],[-74.6370042235407,39.2687553753083],[-74.6366826502789,39.269032302359],[-74.6360777678165,39.2695225712878],[-74.635708168809,39.2698107813879],[-74.6351176278081,39.2702524570743],[-74.6345270640749,39.2706679356294],[-74.6340709154025,39.2709786727328],[-74.6330288868249,39.2716712386269],[-74.6320061100869,39.2723749759363],[-74.6315403863438,39.272734285367],[-74.6312475212526,39.2729700602672],[-74.6309258631912,39.2732432365287],[-74.6306043010593,39.2735313483234],[-74.6302539226298,39.2738643569249],[-74.6300235743414,39.2741000587597],[-74.6296444531953,39.2745003394866],[-74.629284608437,39.2749155620168],[-74.6290687227766,39.2751811468647],[-74.6287329542305,39.275629975862],[-74.6284020816795,39.2761124333629],[-74.6281000261329,39.2765911242801],[-74.6278412140042,39.2770548294758],[-74.6275920486838,39.2775409287378],[-74.6274052750265,39.277952221581],[-74.6272233710461,39.2784008775729],[-74.6270176165771,39.2789654274786],[-74.6268742208729,39.2794364460771],[-74.6266928011154,39.2801579144521],[-74.6265402928701,39.2809279494637],[-74.6263638997943,39.2817764554299],[-74.6262256931198,39.2824866732746],[-74.6260922182744,39.2831184134084],[-74.6259730732466,39.2837239437429],[-74.6259615543221,39.2837799440388],[-74.6258777324859,39.2841874670547],[-74.6257631972555,39.284665948399],[-74.625672399225,39.2849836966217],[-74.6255863517166,39.2852715395862],[-74.6254284356529,39.2857164324478],[-74.625421260483,39.2857346953107],[-74.6251699195243,39.2863744449258],[-74.6249975174091,39.2867819830489],[-74.6246527127099,39.2876008202738],[-74.6245150783597,39.2879322650009]]}},{"type":"Feature","id":366929,"properties":{"OBJECTID":366929,"PRIMENAME":"22nd Street","ELEVTYP_F":0,"ELEVTYP_T":0},"geometry":{"type":"LineString","coordinates":[[-74.5940083511563,39.2642553986901],[-74.5943552666741,39.2645401515473]]}},{"type":"Feature","id":367363,"properties":{"OBJECTID":367363,"PRIMENAME":"South Shore Road","ELEVTYP_F":0,"ELEVTYP_T":0},"geometry":{"type":"LineString","coordinates":[[-74.6499456720345,39.2622870524889],[-74.6498835541811,39.2623083297493],[-74.6492587548969,39.2628626959069]]}},{"type":"Feature","id":367384,"properties":{"OBJECTID":367384,"PRIMENAME":"26th Street","ELEVTYP_F":0,"ELEVTYP_T":0},"geometry":{"type":"LineString","coordinates":[[-74.6024955742045,39.2617046321617],[-74.6021105483565,39.2614564824032]]}},{"type":"Feature","id":367603,"properties":{"OBJECTID":367603,"PRIMENAME":"22nd Street","ELEVTYP_F":0,"ELEVTYP_T":0},"geometry":{"type":"LineString","coordinates":[[-74.5980014208775,39.2675553691702],[-74.5976145459676,39.267234061265]]}},{"type":"Feature","id":367649,"properties":{"OBJECTID":367649,"PRIMENAME":"41st Street","ELEVTYP_F":0,"ELEVTYP_T":0},"geometry":{"type":"LineString","coordinates":[[-74.6185388811862,39.2420494393092],[-74.6189487510415,39.2422760101875]]}},{"type":"Feature","id":367700,"properties":{"OBJECTID":367700,"PRIMENAME":"25th Street","ELEVTYP_F":0,"ELEVTYP_T":0},"geometry":{"type":"LineString","coordinates":[[-74.6000566839645,39.2625256090485],[-74.600101795496,39.2625555803504],[-74.600356800246,39.2627747720095],[-74.6004359413572,39.2628405180217]]}},{"type":"Feature","id":367806,"properties":{"OBJECTID":367806,"PRIMENAME":"Wesley Avenue","ELEVTYP_F":0,"ELEVTYP_T":0},"geometry":{"type":"LineString","coordinates":[[-74.6018170649872,39.2572723718511],[-74.6014562684434,39.257619690958],[-74.6010353620103,39.2580193395863],[-74.6005693262952,39.2584520291818]]}},{"type":"Feature","id":368009,"properties":{"OBJECTID":368009,"PRIMENAME":"New Road","ELEVTYP_F":0,"ELEVTYP_T":0},"geometry":{"type":"LineString","coordinates":[[-74.6202487141261,39.3047196137784],[-74.6200844428902,39.3050549722631],[-74.6200379000333,39.3051590277891],[-74.6200006987539,39.305270348671],[-74.6199697280432,39.3053671392332],[-74.6199418793933,39.3054711754499],[-74.6199202472514,39.3055727883608],[-74.6199017472454,39.3056671491596],[-74.6198801191552,39.3057712059741],[-74.6198616090361,39.3058800924597],[-74.6198400662161,39.3060131437949],[-74.6198185026897,39.3061558591165],[-74.6197875643406,39.3062720072534],[-74.6197504227781,39.3063978527569],[-74.6197132079978,39.3065018985345],[-74.6196667149751,39.306615672757],[-74.6196170995414,39.3067221472387],[-74.6195482355122,39.3068488459024]]}},{"type":"Feature","id":368330,"properties":{"OBJECTID":368330,"PRIMENAME":"Unnamed Segment","ELEVTYP_F":0,"ELEVTYP_T":0},"geometry":{"type":"LineString","coordinates":[[-74.6544381928959,39.2529734913631],[-74.6540916163055,39.2532915941653]]}},{"type":"Feature","id":368580,"properties":{"OBJECTID":368580,"PRIMENAME":"Unnamed Segment","ELEVTYP_F":0,"ELEVTYP_T":0},"geometry":{"type":"LineString","coordinates":[[-74.654825838515,39.2526300602593],[-74.6544381928959,39.2529734913631]]}},{"type":"Feature","id":368730,"properties":{"OBJECTID":368730,"PRIMENAME":"North Lake Drive","ELEVTYP_F":0,"ELEVTYP_T":0},"geometry":{"type":"LineString","coordinates":[[-74.6550604214948,39.2529194149809],[-74.6548540196317,39.2526710518006],[-74.654825838515,39.2526300602593]]}},{"type":"Feature","id":370553,"properties":{"OBJECTID":370553,"PRIMENAME":"South Shore Road","ELEVTYP_F":0,"ELEVTYP_T":0},"geometry":{"type":"LineString","coordinates":[[-74.648525321864,39.263578069135],[-74.6487698128125,39.2633619169029],[-74.6493000695881,39.2628911441237]]}},{"type":"Feature","id":370699,"properties":{"OBJECTID":370699,"PRIMENAME":"23rd Street","ELEVTYP_F":0,"ELEVTYP_T":0},"geometry":{"type":"LineString","coordinates":[[-74.5971720666625,39.2646277572779],[-74.5971341223458,39.264596076316],[-74.596821418538,39.2643347238365]]}},{"type":"Feature","id":371002,"properties":{"OBJECTID":371002,"PRIMENAME":"23rd Street","ELEVTYP_F":0,"ELEVTYP_T":0},"geometry":{"type":"LineString","coordinates":[[-74.598301250317,39.2655657899764],[-74.5986813593157,39.2658777941146]]}},{"type":"Feature","id":371122,"properties":{"OBJECTID":371122,"PRIMENAME":"North Shore Road","ELEVTYP_F":0,"ELEVTYP_T":0},"geometry":{"type":"LineString","coordinates":[[-74.6469831070219,39.2649079926396],[-74.6458445040012,39.2659191611848],[-74.645681543973,39.2660627465699]]}},{"type":"Feature","id":371426,"properties":{"OBJECTID":371426,"PRIMENAME":"40th Street","ELEVTYP_F":0,"ELEVTYP_T":0},"geometry":{"type":"LineString","coordinates":[[-74.6182081533097,39.243743532037],[-74.6178030477991,39.2435196715906]]}},{"type":"Feature","id":371615,"properties":{"OBJECTID":371615,"PRIMENAME":"26th Street","ELEVTYP_F":0,"ELEVTYP_T":0},"geometry":{"type":"LineString","coordinates":[[-74.6012786725204,39.2609203659119],[-74.6010231844313,39.2607557071504],[-74.600902526852,39.2606771472251]]}},{"type":"Feature","id":371642,"properties":{"OBJECTID":371642,"PRIMENAME":"24th Street","ELEVTYP_F":0,"ELEVTYP_T":0},"geometry":{"type":"LineString","coordinates":[[-74.5989981133278,39.2638863578362],[-74.5993612476548,39.2641876382528]]}},{"type":"Feature","id":372064,"properties":{"OBJECTID":372064,"PRIMENAME":"22nd Street","ELEVTYP_F":0,"ELEVTYP_T":0},"geometry":{"type":"LineString","coordinates":[[-74.5961116587365,39.2660003150314],[-74.5964614643124,39.2662843213616]]}},{"type":"Feature","id":372066,"properties":{"OBJECTID":372066,"PRIMENAME":"44th Street","ELEVTYP_F":0,"ELEVTYP_T":0},"geometry":{"type":"LineString","coordinates":[[-74.6241015129735,39.2394642526573],[-74.6236441427716,39.2392121595126]]}},{"type":"Feature","id":372439,"properties":{"OBJECTID":372439,"PRIMENAME":"23rd Street","ELEVTYP_F":0,"ELEVTYP_T":0},"geometry":{"type":"LineString","coordinates":[[-74.5964795155546,39.2640535990839],[-74.5961388540467,39.2637749981996]]}},{"type":"Feature","id":372457,"properties":{"OBJECTID":372457,"PRIMENAME":"29th Street","ELEVTYP_F":0,"ELEVTYP_T":0},"geometry":{"type":"LineString","coordinates":[[-74.6075896988595,39.2590066511106],[-74.607172991815,39.2587375156753]]}},{"type":"Feature","id":372924,"properties":{"OBJECTID":372924,"PRIMENAME":"45th Street","ELEVTYP_F":0,"ELEVTYP_T":0},"geometry":{"type":"LineString","coordinates":[[-74.6247982746381,39.2379610169761],[-74.6252471009485,39.2382162452109]]}},{"type":"Feature","id":372973,"properties":{"OBJECTID":372973,"PRIMENAME":"North Shore Road","ELEVTYP_F":0,"ELEVTYP_T":0},"geometry":{"type":"LineString","coordinates":[[-74.6445729826044,39.2674966772562],[-74.6444679891463,39.2676955976804],[-74.6442323731132,39.2681370716262],[-74.6442075301922,39.2681834767819]]}},{"type":"Feature","id":373151,"properties":{"OBJECTID":373151,"PRIMENAME":"21st Street","ELEVTYP_F":0,"ELEVTYP_T":0},"geometry":{"type":"LineString","coordinates":[[-74.5935938892371,39.2661623044148],[-74.5932544264559,39.2658814151451]]}},{"type":"Feature","id":373551,"properties":{"OBJECTID":373551,"PRIMENAME":"23rd Street","ELEVTYP_F":0,"ELEVTYP_T":0},"geometry":{"type":"LineString","coordinates":[[-74.5978860294197,39.2652244904702],[-74.5975512534852,39.2649447078504]]}},{"type":"Feature","id":373561,"properties":{"OBJECTID":373561,"PRIMENAME":"26th Street","ELEVTYP_F":0,"ELEVTYP_T":0},"geometry":{"type":"LineString","coordinates":[[-74.5997511918317,39.2599275141167],[-74.5992980950787,39.2596324622613]]}},{"type":"Feature","id":373744,"properties":{"OBJECTID":373744,"PRIMENAME":"2nd Avenue","ELEVTYP_F":0,"ELEVTYP_T":0},"geometry":{"type":"LineString","coordinates":[[-74.6368241478683,39.2719348503598],[-74.6364049896445,39.2722835254528],[-74.6361796257112,39.2724524583844]]}},{"type":"Feature","id":373987,"properties":{"OBJECTID":373987,"PRIMENAME":"Garden State Parkway","ELEVTYP_F":0,"ELEVTYP_T":1},"geometry":{"type":"LineString","coordinates":[[-74.6448479305038,39.2587764089038],[-74.6445568118686,39.2591603976854],[-74.6443267063095,39.2594671328594],[-74.6440391169537,39.259886046309],[-74.6436797335283,39.2604321188395],[-74.6433634256073,39.2609220978004],[-74.6428985564406,39.2616364734543],[-74.6427118786179,39.2619256345892]]}},{"type":"Feature","id":374059,"properties":{"OBJECTID":374059,"PRIMENAME":"28th Street","ELEVTYP_F":0,"ELEVTYP_T":0},"geometry":{"type":"LineString","coordinates":[[-74.6030506059764,39.2580751788739],[-74.6034331051821,39.2583206371549]]}},{"type":"Feature","id":374100,"properties":{"OBJECTID":374100,"PRIMENAME":"Vernon Road","ELEVTYP_F":0,"ELEVTYP_T":0},"geometry":{"type":"LineString","coordinates":[[-74.6438116311545,39.2626351482955],[-74.6437816859967,39.2627073701204],[-74.6437449442034,39.2627550807912],[-74.6436832220983,39.2628152338297],[-74.6434919036607,39.2629942707182],[-74.6431818506507,39.2632836115171],[-74.642680303909,39.2637556941183],[-74.6425089524996,39.2639244084817]]}},{"type":"Feature","id":374239,"properties":{"OBJECTID":374239,"PRIMENAME":"44th Street","ELEVTYP_F":0,"ELEVTYP_T":0},"geometry":{"type":"LineString","coordinates":[[-74.6236441427716,39.2392121595126],[-74.62344325571,39.2391014725509],[-74.6232203106272,39.2389753773927]]}},{"type":"Feature","id":374268,"properties":{"OBJECTID":374268,"PRIMENAME":"29th Street","ELEVTYP_F":0,"ELEVTYP_T":0},"geometry":{"type":"LineString","coordinates":[[-74.6059097355131,39.2579181943677],[-74.6055219210188,39.2576652541564],[-74.6054809482957,39.2576385205477]]}},{"type":"Feature","id":374429,"properties":{"OBJECTID":374429,"PRIMENAME":"45th Street","ELEVTYP_F":0,"ELEVTYP_T":0},"geometry":{"type":"LineString","coordinates":[[-74.6227818297816,39.2368352419025],[-74.6231654630656,39.2370491961946]]}},{"type":"Feature","id":374524,"properties":{"OBJECTID":374524,"PRIMENAME":"West Avenue","ELEVTYP_F":0,"ELEVTYP_T":0},"geometry":{"type":"LineString","coordinates":[[-74.636002808941,39.2251849077161],[-74.635899339098,39.2253065252356],[-74.6353302133627,39.2259754740067],[-74.6349170031055,39.2264719701345]]}},{"type":"Feature","id":374849,"properties":{"OBJECTID":374849,"PRIMENAME":"27th Street","ELEVTYP_F":0,"ELEVTYP_T":0},"geometry":{"type":"LineString","coordinates":[[-74.6005693262952,39.2584520291818],[-74.6010195900081,39.2587438662675]]}},{"type":"Feature","id":374861,"properties":{"OBJECTID":374861,"PRIMENAME":"North Shore Road","ELEVTYP_F":0,"ELEVTYP_T":0},"geometry":{"type":"LineString","coordinates":[[-74.6424189187595,39.2715327593659],[-74.6423680292353,39.2716235912103],[-74.6423520783773,39.2716520595977],[-74.6422319663148,39.2718226600686],[-74.6421505117028,39.2719296781933],[-74.6420731819309,39.272015081388]]}},{"type":"Feature","id":374878,"properties":{"OBJECTID":374878,"PRIMENAME":"43rd Street","ELEVTYP_F":0,"ELEVTYP_T":0},"geometry":{"type":"LineString","coordinates":[[-74.6212639945833,39.2397792107658],[-74.6216687073575,39.2400071512952]]}},{"type":"Feature","id":374883,"properties":{"OBJECTID":374883,"PRIMENAME":"North Shore Road","ELEVTYP_F":0,"ELEVTYP_T":0},"geometry":{"type":"LineString","coordinates":[[-74.6404328286605,39.2734078027172],[-74.64020583607,39.2735898145027],[-74.6397717855611,39.2739428858278]]}},{"type":"Feature","id":374912,"properties":{"OBJECTID":374912,"PRIMENAME":"26th Street","ELEVTYP_F":0,"ELEVTYP_T":0},"geometry":{"type":"LineString","coordinates":[[-74.6037923800571,39.2625496587826],[-74.6042281078006,39.2628249129161]]}},{"type":"Feature","id":374939,"properties":{"OBJECTID":374939,"PRIMENAME":"25th Street","ELEVTYP_F":0,"ELEVTYP_T":0},"geometry":{"type":"LineString","coordinates":[[-74.5990237777999,39.2616678501949],[-74.5993604162064,39.2619473803286]]}},{"type":"Feature","id":375274,"properties":{"OBJECTID":375274,"PRIMENAME":"North Lake Drive","ELEVTYP_F":0,"ELEVTYP_T":0},"geometry":{"type":"LineString","coordinates":[[-74.6554595792885,39.2533997165565],[-74.6550604214948,39.2529194149809]]}},{"type":"Feature","id":375785,"properties":{"OBJECTID":375785,"PRIMENAME":"29th Street","ELEVTYP_F":0,"ELEVTYP_T":0},"geometry":{"type":"LineString","coordinates":[[-74.6047076274247,39.2571359552066],[-74.6043236078814,39.2568882782846]]}},{"type":"Feature","id":375952,"properties":{"OBJECTID":375952,"PRIMENAME":"22nd Street","ELEVTYP_F":0,"ELEVTYP_T":0},"geometry":{"type":"LineString","coordinates":[[-74.5933136806544,39.2636852878512],[-74.5936061014201,39.2639252760154]]}},{"type":"Feature","id":376265,"properties":{"OBJECTID":376265,"PRIMENAME":"41st Street","ELEVTYP_F":0,"ELEVTYP_T":0},"geometry":{"type":"LineString","coordinates":[[-74.6197593810654,39.2427241060137],[-74.6200712513204,39.2428964636475],[-74.6201788755729,39.2429576647681]]}},{"type":"Feature","id":376404,"properties":{"OBJECTID":376404,"PRIMENAME":"26th Street","ELEVTYP_F":0,"ELEVTYP_T":0},"geometry":{"type":"LineString","coordinates":[[-74.6033369081953,39.2623197536227],[-74.6033919596646,39.2623116865201],[-74.6034470437212,39.2623250094423],[-74.6035847875157,39.2624185160077],[-74.6037923800571,39.2625496587826]]}},{"type":"Feature","id":376904,"properties":{"OBJECTID":376904,"PRIMENAME":"22nd Street","ELEVTYP_F":0,"ELEVTYP_T":0},"geometry":{"type":"LineString","coordinates":[[-74.5976145459676,39.267234061265],[-74.5973707884144,39.2670315763628],[-74.5972354926265,39.2669205430564]]}},{"type":"Feature","id":377143,"properties":{"OBJECTID":377143,"PRIMENAME":"28th Street","ELEVTYP_F":0,"ELEVTYP_T":0},"geometry":{"type":"LineString","coordinates":[[-74.6046395882691,39.2590953896128],[-74.6050232327214,39.2593430107808]]}},{"type":"Feature","id":377168,"properties":{"OBJECTID":377168,"PRIMENAME":"45th Street","ELEVTYP_F":0,"ELEVTYP_T":0},"geometry":{"type":"LineString","coordinates":[[-74.6235730957973,39.2372764677251],[-74.6239815092504,39.2375042036167]]}},{"type":"Feature","id":377215,"properties":{"OBJECTID":377215,"PRIMENAME":"28th Street","ELEVTYP_F":0,"ELEVTYP_T":0},"geometry":{"type":"LineString","coordinates":[[-74.6018170649872,39.2572723718511],[-74.6013922344279,39.2570042109442]]}},{"type":"Feature","id":377273,"properties":{"OBJECTID":377273,"PRIMENAME":"26th Street","ELEVTYP_F":0,"ELEVTYP_T":0},"geometry":{"type":"LineString","coordinates":[[-74.600902526852,39.2606771472251],[-74.6005216805593,39.26042918132]]}},{"type":"Feature","id":377868,"properties":{"OBJECTID":377868,"PRIMENAME":"21st Street","ELEVTYP_F":0,"ELEVTYP_T":0},"geometry":{"type":"LineString","coordinates":[[-74.5939329641435,39.2664422867643],[-74.5938521648278,39.2663759873056],[-74.5935938892371,39.2661623044148]]}},{"type":"Feature","id":377905,"properties":{"OBJECTID":377905,"PRIMENAME":"27th Street","ELEVTYP_F":0,"ELEVTYP_T":0},"geometry":{"type":"LineString","coordinates":[[-74.6025482992096,39.259735905122],[-74.6029122141574,39.259972265055],[-74.6029509601792,39.2599974358912]]}},{"type":"Feature","id":377909,"properties":{"OBJECTID":377909,"PRIMENAME":"East 9th Street","ELEVTYP_F":0,"ELEVTYP_T":0},"geometry":{"type":"LineString","coordinates":[[-74.579347567378,39.2812109923826],[-74.5789405683765,39.280893315857]]}},{"type":"Feature","id":378122,"properties":{"OBJECTID":378122,"PRIMENAME":"North Shore Road","ELEVTYP_F":0,"ELEVTYP_T":0},"geometry":{"type":"LineString","coordinates":[[-74.6325234304294,39.2798676828227],[-74.6324890992542,39.2799098956586],[-74.6323663199534,39.2800728561062],[-74.6322592099974,39.2802267102339],[-74.6321690410757,39.2803905936962],[-74.6320919585483,39.2805443586249],[-74.6320042904137,39.2807232035618]]}},{"type":"Feature","id":378162,"properties":{"OBJECTID":378162,"PRIMENAME":"North Shore Road","ELEVTYP_F":0,"ELEVTYP_T":0},"geometry":{"type":"LineString","coordinates":[[-74.6434131525336,39.2696729926072],[-74.6432387184757,39.2699999196411],[-74.6429859878887,39.2704748270806],[-74.6428535048424,39.2707267165682]]}},{"type":"Feature","id":378331,"properties":{"OBJECTID":378331,"PRIMENAME":"26th Street","ELEVTYP_F":0,"ELEVTYP_T":0},"geometry":{"type":"LineString","coordinates":[[-74.5992980950787,39.2596324622613],[-74.5988715058049,39.2593480113566]]}},{"type":"Feature","id":378530,"properties":{"OBJECTID":378530,"PRIMENAME":"State Highway 52","ELEVTYP_F":0,"ELEVTYP_T":0},"geometry":{"type":"LineString","coordinates":[[-74.5804050495878,39.2821796276782],[-74.5806433652003,39.2823637781767],[-74.5807538033436,39.2824482239246],[-74.5808836866285,39.2825604094721],[-74.5809760844567,39.2826455908961],[-74.5810365638333,39.2827077676638],[-74.5811126129392,39.2827889969117],[-74.5811847879237,39.2828723337075],[-74.581252992169,39.2829576665077],[-74.5813171343711,39.2830448810966],[-74.5813771286622,39.2831338607395],[-74.5814328947249,39.2832244863389],[-74.5814843579009,39.2833166365937],[-74.5815314492901,39.2834101881614],[-74.5815759518084,39.2835093861937],[-74.581615538958,39.2836098346259],[-74.5816501527672,39.2837113864144],[-74.5816797425441,39.2838138928995],[-74.5817042649505,39.2839172040234],[-74.5817236840658,39.2840211685498],[-74.5817379714398,39.2841256342851],[-74.5817471061342,39.2842304483015],[-74.5817530224623,39.284325193432],[-74.5817554742895,39.2844599843003],[-74.5817456310284,39.2846217561875],[-74.581734501799,39.2847562430975],[-74.5817097596986,39.285046657291],[-74.5816900116292,39.2853175777952],[-74.5816649289737,39.2855606153066],[-74.5816584570169,39.2857034316003],[-74.58165670362,39.285846329928],[-74.5816596699666,39.2859892161546],[-74.5816673541315,39.2861319961524],[-74.5816797510813,39.2862745758631],[-74.581696852678,39.28641686136],[-74.581718647684,39.2865587589092],[-74.5817451217696,39.2867001750323],[-74.5817762575225,39.2868410165671],[-74.5818120344588,39.2869811907297],[-74.5818524290369,39.2871206051751],[-74.5818974146724,39.2872591680583],[-74.5819469617561,39.2873967880948],[-74.5820010376732,39.2875333746206],[-74.5820596068244,39.2876688376522],[-74.5821226306497,39.2878030879458],[-74.5821345294125,39.2878274566629],[-74.5822176119884,39.2879729661511],[-74.5823222092754,39.2881327780108],[-74.5824175572275,39.2882615738572],[-74.582503678069,39.2883784447917],[-74.5826051749975,39.2885120086693],[-74.5827835665484,39.2887505183591],[-74.582940435609,39.2889651794614],[-74.5830911471042,39.2891655261962],[-74.5832418396813,39.289349167927],[-74.5834079211022,39.2895614355163],[-74.5836047640353,39.2898166345968],[-74.5838046792397,39.2900718320223],[-74.5839892245334,39.2903127207409],[-74.5843613955181,39.2907992693847],[-74.5845634490583,39.2910629307222],[-74.5847581762036,39.2913168213295],[-74.5850226835551,39.2916483329799],[-74.585259531938,39.291960772286],[-74.5854348471243,39.2921801889392],[-74.5855363696358,39.2923256824135],[-74.5856532606699,39.2924830958515],[-74.5858039699735,39.292669121317],[-74.5859423804822,39.2928432233991],[-74.586096179828,39.293043563825],[-74.5862469061448,39.2932415200451],[-74.586363804387,39.293401319911],[-74.5865053092738,39.2935921229077],[-74.5866191171035,39.2937352200009],[-74.5867534420799,39.2939021220707],[-74.5868659875911,39.2940464188462],[-74.5869770694055,39.2941935703995],[-74.5870835874642,39.2943266904855],[-74.5871758608067,39.2944387806919],[-74.5874441126843,39.2947646411167],[-74.5876335799605,39.2949899002364],[-74.587828694324,39.2952122301387],[-74.5879263245121,39.2953211682278],[-74.5880093681968,39.2954189461968],[-74.5881508468674,39.2955811118934],[-74.5882646601121,39.2957242073225],[-74.5883323474498,39.295819610424],[-74.5884092621036,39.2959269378317],[-74.5885046378048,39.2960605010329],[-74.5885911948952,39.2961859274558],[-74.5886562877766,39.2962798378757],[-74.5887249922048,39.2963737464063],[-74.588793853278,39.2964731209473],[-74.5888892304535,39.29660668472],[-74.5889846019488,39.2967354749741],[-74.5890645818266,39.2968356407774],[-74.5891722657647,39.2969858987865],[-74.5892553385535,39.2971027668778],[-74.589335324142,39.2972077050246],[-74.5894276200424,39.2973317247214],[-74.5895050688995,39.2974371385266],[-74.5895824860708,39.2975420694635],[-74.5896860510518,39.2976799339748],[-74.5898091221091,39.2978516568481],[-74.5898891154826,39.2979613680347],[-74.5899721783989,39.2980686896215],[-74.5900583341665,39.298192713544],[-74.590116790147,39.2982714179169],[-74.5901844721111,39.2983596610929],[-74.5902726262161,39.2984809655313],[-74.5903444595279,39.2985766948015],[-74.590445991085,39.2987150250116],[-74.5905752082642,39.2988867422682],[-74.590685969811,39.2990369964274],[-74.5907661435613,39.2991505065019],[-74.5908551967977,39.2992707278974],[-74.5909290416666,39.2993732834308],[-74.5910028867511,39.2994758389153],[-74.5911659516608,39.2996928699466],[-74.5912705670124,39.2998383558022],[-74.5913720960122,39.2999719117364],[-74.5915228955739,39.3002032694874],[-74.5916121528724,39.300346380826],[-74.591701418716,39.3004966508922],[-74.591784518567,39.3006278355972],[-74.591861468717,39.3007542516539],[-74.5919384265469,39.3008854401881],[-74.5920307568781,39.3010285487616],[-74.5921292396192,39.3011788111953],[-74.5922215550675,39.3013099873786],[-74.5923323333663,39.3014673995987],[-74.592480033415,39.3016725086537],[-74.5927392735915,39.3020181266673],[-74.5928356090196,39.3021439747846],[-74.5929348088203,39.3022684725005],[-74.5930368416568,39.3023915804679],[-74.5931416752963,39.3025132597787],[-74.5932492766206,39.302633471976],[-74.593359611636,39.3027521790665],[-74.5934726454844,39.3028693435325],[-74.5935883424542,39.3029849283434],[-74.5937066659914,39.303098896968],[-74.5938275787116,39.3032112133854],[-74.5939510424112,39.3033218420971],[-74.59407701808,39.3034307481375],[-74.5942054659131,39.3035378970854],[-74.594336345324,39.303643255075],[-74.5944696149569,39.3037467888063],[-74.5946052326998,39.3038484655556],[-74.5946509064904,39.3038819055382],[-74.5946697559866,39.3038956249869],[-74.5948113473498,39.3039995182307],[-74.5949984507707,39.3041367359722],[-74.5951906174053,39.3042817989988],[-74.5953296784846,39.3043817697098],[-74.5954763236678,39.3044856579971],[-74.5956179147423,39.304587588267],[-74.5957483334263,39.3046776169354],[-74.5958657054661,39.3047698911296],[-74.5959769595184,39.3048522216134],[-74.596075579302,39.3049306375525],[-74.5962121282981,39.3050384580977],[-74.5963107420666,39.3051129489759],[-74.596422010648,39.3052050916272],[-74.5965080010382,39.3052835176541],[-74.5966091662896,39.3053756675977],[-74.5967078091198,39.3054697824294],[-74.5968055085246,39.3055597938339],[-74.5968798022007,39.3056344837056],[-74.5969556870143,39.3057109558233],[-74.5970315665722,39.3057835021304],[-74.5971150426381,39.305869779523],[-74.5971934708132,39.3059580239508],[-74.5972668433318,39.3060443096663],[-74.5973424916416,39.3061452938775]]}},{"type":"Feature","id":378692,"properties":{"OBJECTID":378692,"PRIMENAME":"North Shore Road","ELEVTYP_F":0,"ELEVTYP_T":0},"geometry":{"type":"LineString","coordinates":[[-74.6414665808909,39.2725755335189],[-74.6414294436418,39.272605699439],[-74.6411074783563,39.2728634730976],[-74.6408285890593,39.2730891893414],[-74.6406567155673,39.2732282922169],[-74.6404328286605,39.2734078027172]]}},{"type":"Feature","id":378733,"properties":{"OBJECTID":378733,"PRIMENAME":"Harbor Road","ELEVTYP_F":0,"ELEVTYP_T":0},"geometry":{"type":"LineString","coordinates":[[-74.5603370463723,39.2934444188701],[-74.5602213180607,39.293646232726],[-74.5601714298315,39.2937357964159],[-74.5601407855726,39.2938492642099],[-74.5601216999932,39.293968684949],[-74.5601194621991,39.2940374384784]]}},{"type":"Feature","id":378875,"properties":{"OBJECTID":378875,"PRIMENAME":"27th Street","ELEVTYP_F":0,"ELEVTYP_T":0},"geometry":{"type":"LineString","coordinates":[[-74.6001486896176,39.2581793569471],[-74.6005693262952,39.2584520291818]]}},{"type":"Feature","id":379065,"properties":{"OBJECTID":379065,"PRIMENAME":"24th Street","ELEVTYP_F":0,"ELEVTYP_T":0},"geometry":{"type":"LineString","coordinates":[[-74.5997480058156,39.2645080073736],[-74.6001236991476,39.2648191593638]]}},{"type":"Feature","id":379134,"properties":{"OBJECTID":379134,"PRIMENAME":"New Road","ELEVTYP_F":1,"ELEVTYP_T":0},"geometry":{"type":"LineString","coordinates":[[-74.6183328773907,39.3084696402693],[-74.6182470754733,39.3085813125941],[-74.61813324656,39.3087265831543],[-74.6180668583918,39.3088113102116],[-74.6180356157861,39.3088543676284],[-74.6179861084684,39.3089226754404],[-74.6178773375551,39.3090582307071],[-74.6177747965845,39.3091792827152],[-74.6176380133383,39.3093245579805],[-74.6174732700212,39.3094892189593],[-74.6172680251347,39.3096563373977],[-74.6170596330265,39.3098016840826],[-74.616904117711,39.3099058748217],[-74.6166521370421,39.3100464604768],[-74.6164094462993,39.3101627917036],[-74.6161978449249,39.3102500958959],[-74.6159800018545,39.3103252710143],[-74.6158428986588,39.310372231993]]}},{"type":"Feature","id":379286,"properties":{"OBJECTID":379286,"PRIMENAME":"North Lake Drive","ELEVTYP_F":0,"ELEVTYP_T":0},"geometry":{"type":"LineString","coordinates":[[-74.654825838515,39.2526300602593],[-74.6552341560467,39.2522614348271],[-74.6555789927838,39.2520409362776]]}},{"type":"Feature","id":379343,"properties":{"OBJECTID":379343,"PRIMENAME":"29th Street","ELEVTYP_F":0,"ELEVTYP_T":0},"geometry":{"type":"LineString","coordinates":[[-74.6035463159192,39.2563869167242],[-74.6033598426757,39.2562666555112],[-74.603216710103,39.2561751847129],[-74.6031913989103,39.2561588157214]]}},{"type":"Feature","id":379467,"properties":{"OBJECTID":379467,"PRIMENAME":"Bayberry Road","ELEVTYP_F":0,"ELEVTYP_T":0},"geometry":{"type":"LineString","coordinates":[[-74.6557747700409,39.2545992256001],[-74.6553324578716,39.2548065332837]]}},{"type":"Feature","id":379555,"properties":{"OBJECTID":379555,"PRIMENAME":"28th Street","ELEVTYP_F":0,"ELEVTYP_T":0},"geometry":{"type":"LineString","coordinates":[[-74.6026640085037,39.2578271699991],[-74.6030506059764,39.2580751788739]]}},{"type":"Feature","id":379806,"properties":{"OBJECTID":379806,"PRIMENAME":"21st Street","ELEVTYP_F":0,"ELEVTYP_T":0},"geometry":{"type":"LineString","coordinates":[[-74.5961642746922,39.2682911883299],[-74.5957928215881,39.2679815849956]]}},{"type":"Feature","id":379836,"properties":{"OBJECTID":379836,"PRIMENAME":"27th Street","ELEVTYP_F":0,"ELEVTYP_T":0},"geometry":{"type":"LineString","coordinates":[[-74.6010195900081,39.2587438662675],[-74.6014089832979,39.2589962714518]]}},{"type":"Feature","id":379851,"properties":{"OBJECTID":379851,"PRIMENAME":"2nd Avenue","ELEVTYP_F":0,"ELEVTYP_T":0},"geometry":{"type":"LineString","coordinates":[[-74.6349131548643,39.273485661955],[-74.6342126251636,39.2740467344866],[-74.6342073691993,39.2740509960301]]}},{"type":"Feature","id":379855,"properties":{"OBJECTID":379855,"PRIMENAME":"Second Avenue","ELEVTYP_F":0,"ELEVTYP_T":0},"geometry":{"type":"LineString","coordinates":[[-74.6307532313884,39.2768373480934],[-74.6302695779951,39.277225117577],[-74.6296412718997,39.2777384982465],[-74.6294202790248,39.2779208668672],[-74.6293875160802,39.2779516285135],[-74.6293767042401,39.277969761462],[-74.6293721083476,39.277987256928],[-74.6293721460728,39.278007767702],[-74.6293770535379,39.2780254444843]]}},{"type":"Feature","id":379890,"properties":{"OBJECTID":379890,"PRIMENAME":"46th Street","ELEVTYP_F":0,"ELEVTYP_T":0},"geometry":{"type":"LineString","coordinates":[[-74.6243195373345,39.2358003100827],[-74.6239559426762,39.2355958662846]]}},{"type":"Feature","id":379920,"properties":{"OBJECTID":379920,"PRIMENAME":"Garden State Parkway","ELEVTYP_F":0,"ELEVTYP_T":1},"geometry":{"type":"LineString","coordinates":[[-74.6183328773907,39.3084696402693],[-74.6183456794932,39.3085161670828],[-74.6184083004433,39.3087428976792],[-74.6184791575045,39.3089905701582],[-74.6186039862889,39.3093443633318],[-74.6186913314951,39.3095598389649],[-74.6188534821876,39.3099328955865],[-74.6190322937094,39.310354205205],[-74.6194855030737,39.311409048898],[-74.6199055544965,39.3124124701342],[-74.620063566539,39.3127758651821],[-74.6201551082489,39.3130010271431],[-74.6202382941513,39.3132389928524],[-74.6203132919752,39.3134834474291],[-74.6203841136131,39.3137246930531],[-74.6204383256225,39.3139466540141],[-74.6204842562995,39.314162143039],[-74.6205133679338,39.3142986568587]]}},{"type":"Feature","id":380121,"properties":{"OBJECTID":380121,"PRIMENAME":"22nd Street","ELEVTYP_F":0,"ELEVTYP_T":0},"geometry":{"type":"LineString","coordinates":[[-74.5950406968018,39.2651073260363],[-74.5953740112758,39.2653843713541]]}},{"type":"Feature","id":380134,"properties":{"OBJECTID":380134,"PRIMENAME":"Garden State Parkway","ELEVTYP_F":0,"ELEVTYP_T":0},"geometry":{"type":"LineString","coordinates":[[-74.6668392600656,39.2360215285975],[-74.6668120023523,39.2360423713636],[-74.6663139235701,39.2364286119445],[-74.6657087505113,39.2369034974302],[-74.6653154337767,39.2372217099149],[-74.6648597765167,39.2376072795388],[-74.6643514600094,39.2380639528548],[-74.6639630377242,39.2384269916173],[-74.6635698348004,39.2388012654975],[-74.6630520266056,39.2393289523332],[-74.6625918539272,39.2398191585236],[-74.6621699853916,39.2402943729117],[-74.6617146787423,39.2408331414071],[-74.661316948276,39.2413381932543],[-74.6609575865578,39.2418096096451],[-74.6605503590718,39.2423819700238],[-74.6601954659303,39.2429024440813],[-74.6601575748407,39.2429580150704],[-74.6597360638876,39.2435752290048],[-74.6592378844995,39.2443009201891],[-74.6588977892795,39.2447947090286],[-74.6585096780687,39.2453408407774],[-74.6581550467836,39.2457972781526],[-74.6577668000438,39.2462724313896],[-74.6573545530992,39.2467550835775],[-74.6569470012418,39.2472078268079],[-74.6562756685231,39.2479038369783],[-74.6557337183671,39.2484277881013],[-74.655565851093,39.2485923988393],[-74.6548512082653,39.2492772837435],[-74.6543475430178,39.2497488439014],[-74.6537335751031,39.2503289213811],[-74.6528701664588,39.2511335658642],[-74.6519664561732,39.2519455954701],[-74.6517955505574,39.2520991596247],[-74.6509607952376,39.2528476579698],[-74.6500060771562,39.2536897690822],[-74.6493295705886,39.2542885740419],[-74.6486434887458,39.2548911490862],[-74.6477078701034,39.2557219870316],[-74.6473384412433,39.2560513372929],[-74.6467627743366,39.2566088957575],[-74.6464078159154,39.2569718606951],[-74.6459137686807,39.2575031459826],[-74.6454916188481,39.2579893233068],[-74.6453095456782,39.2581990077422],[-74.6451024011,39.2584535742975],[-74.6449595132034,39.2586292311275],[-74.6448479305038,39.2587764089038]]}},{"type":"Feature","id":380285,"properties":{"OBJECTID":380285,"PRIMENAME":"23rd Street","ELEVTYP_F":0,"ELEVTYP_T":0},"geometry":{"type":"LineString","coordinates":[[-74.5975512534852,39.2649447078504],[-74.597208488965,39.2646582314924],[-74.5971720666625,39.2646277572779]]}},{"type":"Feature","id":380358,"properties":{"OBJECTID":380358,"PRIMENAME":"29th Street","ELEVTYP_F":0,"ELEVTYP_T":0},"geometry":{"type":"LineString","coordinates":[[-74.608023802827,39.2592870535405],[-74.6075896988595,39.2590066511106]]}},{"type":"Feature","id":380556,"properties":{"OBJECTID":380556,"PRIMENAME":"23rd Street","ELEVTYP_F":0,"ELEVTYP_T":0},"geometry":{"type":"LineString","coordinates":[[-74.595042268661,39.262871651614],[-74.5947683371542,39.2626446112304]]}},{"type":"Feature","id":380651,"properties":{"OBJECTID":380651,"PRIMENAME":"North Shore Road","ELEVTYP_F":0,"ELEVTYP_T":0},"geometry":{"type":"LineString","coordinates":[[-74.6302731515776,39.2843045413542],[-74.6300998768472,39.2846609088932],[-74.6298041994574,39.2852595010765],[-74.629518959433,39.2858344640223],[-74.6295171728234,39.2858380665903],[-74.6294399439557,39.2859949051907]]}},{"type":"Feature","id":380755,"properties":{"OBJECTID":380755,"PRIMENAME":"North Shore Road","ELEVTYP_F":0,"ELEVTYP_T":0},"geometry":{"type":"LineString","coordinates":[[-74.6391424735194,39.2744515421413],[-74.6387033259766,39.274804834428],[-74.6381709537141,39.2752332498751],[-74.6377246017673,39.2755926977922]]}},{"type":"Feature","id":380922,"properties":{"OBJECTID":380922,"PRIMENAME":"44th Street","ELEVTYP_F":0,"ELEVTYP_T":0},"geometry":{"type":"LineString","coordinates":[[-74.6228255992687,39.2387520997587],[-74.6224251993297,39.2385255594527]]}},{"type":"Feature","id":380983,"properties":{"OBJECTID":380983,"PRIMENAME":"28th Street","ELEVTYP_F":0,"ELEVTYP_T":0},"geometry":{"type":"LineString","coordinates":[[-74.6067568501099,39.2604685250289],[-74.6066443396442,39.2603960846874],[-74.6063535389525,39.2602088466247],[-74.6063233103049,39.2601887479969]]}},{"type":"Feature","id":381237,"properties":{"OBJECTID":381237,"PRIMENAME":"East 9th Street","ELEVTYP_F":0,"ELEVTYP_T":0},"geometry":{"type":"LineString","coordinates":[[-74.5789405683765,39.280893315857],[-74.5785012475008,39.2806392505033]]}},{"type":"Feature","id":381516,"properties":{"OBJECTID":381516,"PRIMENAME":"25th Street","ELEVTYP_F":0,"ELEVTYP_T":0},"geometry":{"type":"LineString","coordinates":[[-74.597563403419,39.2604598957529],[-74.5979295531954,39.2607627430281]]}},{"type":"Feature","id":381684,"properties":{"OBJECTID":381684,"PRIMENAME":"21st Street","ELEVTYP_F":0,"ELEVTYP_T":0},"geometry":{"type":"LineString","coordinates":[[-74.5957928215881,39.2679815849956],[-74.5954163841633,39.2676678668771]]}},{"type":"Feature","id":381732,"properties":{"OBJECTID":381732,"PRIMENAME":"South Shore Road","ELEVTYP_F":0,"ELEVTYP_T":0},"geometry":{"type":"LineString","coordinates":[[-74.6484841778342,39.2635465188918],[-74.647931757843,39.2640223768948]]}},{"type":"Feature","id":381738,"properties":{"OBJECTID":381738,"PRIMENAME":"Second Avenue","ELEVTYP_F":0,"ELEVTYP_T":0},"geometry":{"type":"LineString","coordinates":[[-74.6310278792436,39.2766171081424],[-74.6307532313884,39.2768373480934]]}},{"type":"Feature","id":382117,"properties":{"OBJECTID":382117,"PRIMENAME":"North Shore Road","ELEVTYP_F":0,"ELEVTYP_T":0},"geometry":{"type":"LineString","coordinates":[[-74.6353183545201,39.2775337440884],[-74.6349422039047,39.2778372522545],[-74.6342767035513,39.2783761536851],[-74.6339171196028,39.2786644281181]]}},{"type":"Feature","id":382169,"properties":{"OBJECTID":382169,"PRIMENAME":"Ferndale Drive","ELEVTYP_F":0,"ELEVTYP_T":0},"geometry":{"type":"LineString","coordinates":[[-74.5992936092698,39.2760773018564],[-74.5993015655437,39.2760335286115],[-74.5995864572347,39.2754703595146],[-74.5997092595138,39.2752298735221],[-74.5998579644044,39.274938666882]]}},{"type":"Feature","id":382203,"properties":{"OBJECTID":382203,"PRIMENAME":"45th Street","ELEVTYP_F":0,"ELEVTYP_T":0},"geometry":{"type":"LineString","coordinates":[[-74.6252471009485,39.2382162452109],[-74.6256337727504,39.2384360965788],[-74.6266119728932,39.2389922625941],[-74.6274718760964,39.2394811544143]]}},{"type":"Feature","id":382336,"properties":{"OBJECTID":382336,"PRIMENAME":"44th Street","ELEVTYP_F":0,"ELEVTYP_T":0},"geometry":{"type":"LineString","coordinates":[[-74.6224251993297,39.2385255594527],[-74.6220218696341,39.2382974281652]]}},{"type":"Feature","id":382389,"properties":{"OBJECTID":382389,"PRIMENAME":"40th Street","ELEVTYP_F":0,"ELEVTYP_T":0},"geometry":{"type":"LineString","coordinates":[[-74.6178030477991,39.2435196715906],[-74.6173860004426,39.2432892322086]]}},{"type":"Feature","id":382396,"properties":{"OBJECTID":382396,"PRIMENAME":"24th Street","ELEVTYP_F":0,"ELEVTYP_T":0},"geometry":{"type":"LineString","coordinates":[[-74.5968936070918,39.2621487699532],[-74.5972360073727,39.2624363737024]]}},{"type":"Feature","id":382429,"properties":{"OBJECTID":382429,"PRIMENAME":"North Shore Road","ELEVTYP_F":0,"ELEVTYP_T":0},"geometry":{"type":"LineString","coordinates":[[-74.6362968139403,39.2767452979392],[-74.6359341441498,39.2770373161915],[-74.6356764781519,39.2772448634297],[-74.6353183545201,39.2775337440884]]}},{"type":"Feature","id":382521,"properties":{"OBJECTID":382521,"PRIMENAME":"North Shore Road","ELEVTYP_F":0,"ELEVTYP_T":0},"geometry":{"type":"LineString","coordinates":[[-74.6420731819309,39.272015081388],[-74.6419446041197,39.2721572195748],[-74.6418029519407,39.2722977799828],[-74.6416486016977,39.2724274097647],[-74.6416355819933,39.272438344474],[-74.6414665808909,39.2725755335189]]}},{"type":"Feature","id":382726,"properties":{"OBJECTID":382726,"PRIMENAME":"46th Street","ELEVTYP_F":0,"ELEVTYP_T":0},"geometry":{"type":"LineString","coordinates":[[-74.6259514165721,39.2367123086753],[-74.6255853130756,39.2365119633754],[-74.6255267860588,39.236479077763]]}},{"type":"Feature","id":382768,"properties":{"OBJECTID":382768,"PRIMENAME":"South Shore Road","ELEVTYP_F":0,"ELEVTYP_T":0},"geometry":{"type":"LineString","coordinates":[[-74.6493000695881,39.2628911441237],[-74.6495648246525,39.2626561000593],[-74.6499353941606,39.262336818246],[-74.6499456720345,39.2622870524889]]}},{"type":"Feature","id":382854,"properties":{"OBJECTID":382854,"PRIMENAME":"23rd Street","ELEVTYP_F":0,"ELEVTYP_T":0},"geometry":{"type":"LineString","coordinates":[[-74.5986813593157,39.2658777941146],[-74.5990492722207,39.2661797577753]]}},{"type":"Feature","id":382874,"properties":{"OBJECTID":382874,"PRIMENAME":"26th Street","ELEVTYP_F":0,"ELEVTYP_T":0},"geometry":{"type":"LineString","coordinates":[[-74.6001376543639,39.2601791296805],[-74.5997511918317,39.2599275141167]]}},{"type":"Feature","id":382972,"properties":{"OBJECTID":382972,"PRIMENAME":"Unnamed Segment","ELEVTYP_F":0,"ELEVTYP_T":0},"geometry":{"type":"LineString","coordinates":[[-74.5997480058156,39.2645080073736],[-74.5998650448789,39.2644223233543],[-74.601047381815,39.2635627718982],[-74.601136733226,39.2635065171218],[-74.6011612661405,39.2634966939427],[-74.6011883477601,39.2634904376103],[-74.6012132095607,39.2634877252425],[-74.6012345858249,39.2634923738332],[-74.601259251643,39.2635008372537],[-74.6012881278083,39.2635144028797],[-74.6014328052931,39.2636400041155],[-74.6015754297201,39.2637622838184]]}},{"type":"Feature","id":383089,"properties":{"OBJECTID":383089,"PRIMENAME":"29th Street","ELEVTYP_F":0,"ELEVTYP_T":0},"geometry":{"type":"LineString","coordinates":[[-74.6062994270682,39.2581723134446],[-74.6059097355131,39.2579181943677]]}},{"type":"Feature","id":383714,"properties":{"OBJECTID":383714,"PRIMENAME":"North Shore Road","ELEVTYP_F":0,"ELEVTYP_T":0},"geometry":{"type":"LineString","coordinates":[[-74.6294399439557,39.2859949051907],[-74.629268659062,39.2863429492017],[-74.6291481933846,39.2865911103425]]}},{"type":"Feature","id":384074,"properties":{"OBJECTID":384074,"PRIMENAME":"South Shore Road","ELEVTYP_F":0,"ELEVTYP_T":0},"geometry":{"type":"LineString","coordinates":[[-74.6487042648763,39.2633569307827],[-74.6484841778342,39.2635465188918]]}},{"type":"Feature","id":384183,"properties":{"OBJECTID":384183,"PRIMENAME":"42nd Street","ELEVTYP_F":0,"ELEVTYP_T":0},"geometry":{"type":"LineString","coordinates":[[-74.6205119325225,39.2412517846083],[-74.6201115318957,39.2410281470252]]}},{"type":"Feature","id":384465,"properties":{"OBJECTID":384465,"PRIMENAME":"25th Street","ELEVTYP_F":0,"ELEVTYP_T":0},"geometry":{"type":"LineString","coordinates":[[-74.5986806735537,39.2613840150069],[-74.5990034453274,39.2616509815228],[-74.5990237777999,39.2616678501949]]}},{"type":"Feature","id":384517,"properties":{"OBJECTID":384517,"PRIMENAME":"29th Street","ELEVTYP_F":0,"ELEVTYP_T":0},"geometry":{"type":"LineString","coordinates":[[-74.6050779349264,39.2573756799274],[-74.6049598602008,39.257298658637],[-74.6047076274247,39.2571359552066]]}},{"type":"Feature","id":384717,"properties":{"OBJECTID":384717,"PRIMENAME":"42nd Street","ELEVTYP_F":0,"ELEVTYP_T":0},"geometry":{"type":"LineString","coordinates":[[-74.6201115318957,39.2410281470252],[-74.6197048770734,39.2408010814287]]}},{"type":"Feature","id":384786,"properties":{"OBJECTID":384786,"PRIMENAME":"Garden State Parkway","ELEVTYP_F":1,"ELEVTYP_T":0},"geometry":{"type":"LineString","coordinates":[[-74.6427118786179,39.2619256345892],[-74.6427050122157,39.2619361871528],[-74.6422947158921,39.2625714992117],[-74.6417292303488,39.2634429380959],[-74.6414416179474,39.2638655517832],[-74.6412019658014,39.2642171838124],[-74.6409910408613,39.2645051904859],[-74.6406409756966,39.264965302449],[-74.6406209230696,39.2649901389589],[-74.6404108614968,39.2652503107481]]}},{"type":"Feature","id":384808,"properties":{"OBJECTID":384808,"PRIMENAME":"22nd Street","ELEVTYP_F":0,"ELEVTYP_T":0},"geometry":{"type":"LineString","coordinates":[[-74.5968634813929,39.2666153098228],[-74.5966506730811,39.2664406664343],[-74.5965920452486,39.266394147883],[-74.5965033549532,39.266321782553]]}},{"type":"Feature","id":384920,"properties":{"OBJECTID":384920,"PRIMENAME":"25th Street","ELEVTYP_F":0,"ELEVTYP_T":0},"geometry":{"type":"LineString","coordinates":[[-74.5979295531954,39.2607627430281],[-74.5983335419514,39.2610969140014]]}},{"type":"Feature","id":385482,"properties":{"OBJECTID":385482,"PRIMENAME":"47th Street","ELEVTYP_F":0,"ELEVTYP_T":0},"geometry":{"type":"LineString","coordinates":[[-74.627104342079,39.2354638628005],[-74.6274575893305,39.2356624319893],[-74.6274990770615,39.2356830624005],[-74.6275217178444,39.2356886389672],[-74.6275402566616,39.2356902383589],[-74.6275608764148,39.2356902157789],[-74.6275783422671,39.2356845952978],[-74.627597883281,39.2356741675213],[-74.6276266487368,39.2356493145757],[-74.6276893326979,39.235579586603],[-74.6277091926921,39.2355553667724]]}},{"type":"Feature","id":385732,"properties":{"OBJECTID":385732,"PRIMENAME":"Ibis Lane","ELEVTYP_F":0,"ELEVTYP_T":0},"geometry":{"type":"LineString","coordinates":[[-74.6562065145199,39.2558736196076],[-74.6553324578716,39.2548065332837]]}},{"type":"Feature","id":385755,"properties":{"OBJECTID":385755,"PRIMENAME":"East 55th Street","ELEVTYP_F":0,"ELEVTYP_T":0},"geometry":{"type":"LineString","coordinates":[[-74.6386644189673,39.2262054892264],[-74.6386381291791,39.2262108201014],[-74.6384906933244,39.2262208253389],[-74.6383221201951,39.2262177583248],[-74.6381451493252,39.2261983086236],[-74.6380102746066,39.2261689789296],[-74.6378922261453,39.2261330945414],[-74.637844949825,39.2261117611893]]}},{"type":"Feature","id":385765,"properties":{"OBJECTID":385765,"PRIMENAME":"21st Street","ELEVTYP_F":0,"ELEVTYP_T":0},"geometry":{"type":"LineString","coordinates":[[-74.592909627523,39.265596080859],[-74.592625014032,39.2653605880273],[-74.5925641944634,39.2653101974391]]}},{"type":"Feature","id":386078,"properties":{"OBJECTID":386078,"PRIMENAME":"41st Street","ELEVTYP_F":0,"ELEVTYP_T":0},"geometry":{"type":"LineString","coordinates":[[-74.6189487510415,39.2422760101875],[-74.6193575277183,39.2425019501542]]}},{"type":"Feature","id":386160,"properties":{"OBJECTID":386160,"PRIMENAME":"23rd Street","ELEVTYP_F":0,"ELEVTYP_T":0},"geometry":{"type":"LineString","coordinates":[[-74.5979615026512,39.2652773107891],[-74.598301250317,39.2655657899764]]}},{"type":"Feature","id":386298,"properties":{"OBJECTID":386298,"PRIMENAME":"42nd Street","ELEVTYP_F":0,"ELEVTYP_T":0},"geometry":{"type":"LineString","coordinates":[[-74.6213332424707,39.2417104846732],[-74.6209082018325,39.2414730910492]]}},{"type":"Feature","id":386618,"properties":{"OBJECTID":386618,"PRIMENAME":"29th Street","ELEVTYP_F":0,"ELEVTYP_T":0},"geometry":{"type":"LineString","coordinates":[[-74.607172991815,39.2587375156753],[-74.6067481572663,39.2584630866307]]}},{"type":"Feature","id":386814,"properties":{"OBJECTID":386814,"PRIMENAME":"24th Street","ELEVTYP_F":0,"ELEVTYP_T":0},"geometry":{"type":"LineString","coordinates":[[-74.5975784070078,39.2627223279211],[-74.5979203075652,39.2630023793353]]}},{"type":"Feature","id":387248,"properties":{"OBJECTID":387248,"PRIMENAME":"West 9th Street","ELEVTYP_F":0,"ELEVTYP_T":0},"geometry":{"type":"LineString","coordinates":[[-74.5800463888959,39.281743704153],[-74.579347567378,39.2812109923826]]}},{"type":"Feature","id":387385,"properties":{"OBJECTID":387385,"PRIMENAME":"North Shore Road","ELEVTYP_F":0,"ELEVTYP_T":0},"geometry":{"type":"LineString","coordinates":[[-74.6339171196028,39.2786644281181],[-74.6333664838254,39.2791058015746],[-74.633119250724,39.2793085531807]]}},{"type":"Feature","id":387492,"properties":{"OBJECTID":387492,"PRIMENAME":"28th Street","ELEVTYP_F":0,"ELEVTYP_T":0},"geometry":{"type":"LineString","coordinates":[[-74.6038124255116,39.2585639548396],[-74.6041713505464,39.2587942194509],[-74.6042127484165,39.2588207612587]]}},{"type":"Feature","id":387576,"properties":{"OBJECTID":387576,"PRIMENAME":"47th Street","ELEVTYP_F":0,"ELEVTYP_T":0},"geometry":{"type":"LineString","coordinates":[[-74.6266883640321,39.2352302969252],[-74.6269677794107,39.2353870764747],[-74.627104342079,39.2354638628005]]}},{"type":"Feature","id":388405,"properties":{"OBJECTID":388405,"PRIMENAME":"26th Street","ELEVTYP_F":0,"ELEVTYP_T":0},"geometry":{"type":"LineString","coordinates":[[-74.6016826769159,39.2611807476888],[-74.6016450629986,39.2611565078014],[-74.6012786725204,39.2609203659119]]}},{"type":"Feature","id":388488,"properties":{"OBJECTID":388488,"PRIMENAME":"21st Street","ELEVTYP_F":0,"ELEVTYP_T":0},"geometry":{"type":"LineString","coordinates":[[-74.5954163841633,39.2676678668771],[-74.5952901756067,39.2675626720241],[-74.5950721058168,39.267387975134]]}},{"type":"Feature","id":388593,"properties":{"OBJECTID":388593,"PRIMENAME":"24th Street","ELEVTYP_F":0,"ELEVTYP_T":0},"geometry":{"type":"LineString","coordinates":[[-74.5982613269151,39.2632817710711],[-74.5985843492987,39.2635463494604],[-74.598618472514,39.263574300175]]}},{"type":"Feature","id":388710,"properties":{"OBJECTID":388710,"PRIMENAME":"43rd Street","ELEVTYP_F":0,"ELEVTYP_T":0},"geometry":{"type":"LineString","coordinates":[[-74.622062113753,39.2402288144787],[-74.6223047815884,39.2403654614313],[-74.6224885214195,39.2404630162789]]}},{"type":"Feature","id":388903,"properties":{"OBJECTID":388903,"PRIMENAME":"North Shore Road","ELEVTYP_F":0,"ELEVTYP_T":0},"geometry":{"type":"LineString","coordinates":[[-74.6377246017673,39.2755926977922],[-74.6375183717548,39.2757588099342],[-74.6371018925324,39.276096831931],[-74.6370105050427,39.2761704691084]]}},{"type":"Feature","id":388998,"properties":{"OBJECTID":388998,"PRIMENAME":"North Shore Road","ELEVTYP_F":0,"ELEVTYP_T":0},"geometry":{"type":"LineString","coordinates":[[-74.6428535048424,39.2707267165682],[-74.642690511636,39.2710367157381],[-74.642537456545,39.2713177896874]]}},{"type":"Feature","id":389228,"properties":{"OBJECTID":389228,"PRIMENAME":"North Shore Road","ELEVTYP_F":0,"ELEVTYP_T":0},"geometry":{"type":"LineString","coordinates":[[-74.6289615470462,39.2869755982887],[-74.6288481700928,39.287209246229],[-74.6286190011565,39.2876712169669],[-74.6283675469041,39.2881865754908]]}},{"type":"Feature","id":389442,"properties":{"OBJECTID":389442,"PRIMENAME":"40th Street","ELEVTYP_F":0,"ELEVTYP_T":0},"geometry":{"type":"LineString","coordinates":[[-74.618606686683,39.2439637737289],[-74.6182081533097,39.243743532037]]}},{"type":"Feature","id":389640,"properties":{"OBJECTID":389640,"PRIMENAME":"23rd Street","ELEVTYP_F":0,"ELEVTYP_T":0},"geometry":{"type":"LineString","coordinates":[[-74.5954446302818,39.2632051464869],[-74.595042268661,39.262871651614]]}},{"type":"Feature","id":389852,"properties":{"OBJECTID":389852,"PRIMENAME":"23rd Street","ELEVTYP_F":0,"ELEVTYP_T":0},"geometry":{"type":"LineString","coordinates":[[-74.596821418538,39.2643347238365],[-74.5967354545593,39.2642628851737],[-74.5964795155546,39.2640535990839]]}},{"type":"Feature","id":390008,"properties":{"OBJECTID":390008,"PRIMENAME":"45th Street","ELEVTYP_F":0,"ELEVTYP_T":0},"geometry":{"type":"LineString","coordinates":[[-74.6231654630656,39.2370491961946],[-74.6235730957973,39.2372764677251]]}},{"type":"Feature","id":391623,"properties":{"OBJECTID":391623,"PRIMENAME":"21st Street","ELEVTYP_F":0,"ELEVTYP_T":0},"geometry":{"type":"LineString","coordinates":[[-74.5932544264559,39.2658814151451],[-74.592909627523,39.265596080859]]}},{"type":"Feature","id":391645,"properties":{"OBJECTID":391645,"PRIMENAME":"North Shore Road","ELEVTYP_F":0,"ELEVTYP_T":0},"geometry":{"type":"LineString","coordinates":[[-74.633119250724,39.2793085531807],[-74.6328726874722,39.2795107819156],[-74.6327137737704,39.2796580231909],[-74.6325851474075,39.2797918309418],[-74.6325234304294,39.2798676828227]]}},{"type":"Feature","id":392646,"properties":{"OBJECTID":392646,"PRIMENAME":"2nd Avenue","ELEVTYP_F":0,"ELEVTYP_T":0},"geometry":{"type":"LineString","coordinates":[[-74.633506447796,39.2746161832772],[-74.6331214528504,39.2749266078601],[-74.6330327221229,39.2749981507884]]}},{"type":"Feature","id":392981,"properties":{"OBJECTID":392981,"PRIMENAME":"South Shore Road","ELEVTYP_F":0,"ELEVTYP_T":0},"geometry":{"type":"LineString","coordinates":[[-74.6571030378746,39.255940097177],[-74.6569539711527,39.2560732149236],[-74.6569538393281,39.2560733340102],[-74.6564306697304,39.2565405184931],[-74.6559544357848,39.2569622685978],[-74.6559042268531,39.2570077184872],[-74.6552593325712,39.257591500264],[-74.6552423242253,39.2576063757392],[-74.6550595988346,39.2577661867956],[-74.6546929034904,39.2580868951838],[-74.6543907624446,39.2583518341545],[-74.653757642735,39.2589069898003],[-74.6532746003385,39.2593393116654]]}},{"type":"Feature","id":393677,"properties":{"OBJECTID":393677,"PRIMENAME":"22nd Street","ELEVTYP_F":0,"ELEVTYP_T":0},"geometry":{"type":"LineString","coordinates":[[-74.5972354926265,39.2669205430564],[-74.5968634813929,39.2666153098228]]}},{"type":"Feature","id":394679,"properties":{"OBJECTID":394679,"PRIMENAME":"North Shore Road","ELEVTYP_F":0,"ELEVTYP_T":0},"geometry":{"type":"LineString","coordinates":[[-74.6320042904137,39.2807232035618],[-74.6318049465093,39.2811296296192],[-74.6314965627516,39.2817750556166],[-74.6314763964127,39.2818165107675]]}},{"type":"Feature","id":395323,"properties":{"OBJECTID":395323,"PRIMENAME":"North Shore Road","ELEVTYP_F":0,"ELEVTYP_T":0},"geometry":{"type":"LineString","coordinates":[[-74.6442075301922,39.2681834767819],[-74.6439711352855,39.268625362805],[-74.6438208509468,39.2689092357853]]}},{"type":"Feature","id":396098,"properties":{"OBJECTID":396098,"PRIMENAME":"28th Street","ELEVTYP_F":0,"ELEVTYP_T":0},"geometry":{"type":"LineString","coordinates":[[-74.6026640085037,39.2578271699991],[-74.6022768413242,39.2575735589977]]}},{"type":"Feature","id":396207,"properties":{"OBJECTID":396207,"PRIMENAME":"Garden State Parkway","ELEVTYP_F":0,"ELEVTYP_T":0},"geometry":{"type":"LineString","coordinates":[[-74.6180426181019,39.307189474296],[-74.6180470402787,39.3072183049814],[-74.6181082171139,39.3076170825852],[-74.6182999843858,39.3083504559275],[-74.6183328773907,39.3084696402693]]}},{"type":"Feature","id":396320,"properties":{"OBJECTID":396320,"PRIMENAME":"44th Street","ELEVTYP_F":0,"ELEVTYP_T":0},"geometry":{"type":"LineString","coordinates":[[-74.6220218696341,39.2382974281652],[-74.6216552274612,39.2380900149425]]}},{"type":"Feature","id":397841,"properties":{"OBJECTID":397841,"PRIMENAME":"25th Street","ELEVTYP_F":0,"ELEVTYP_T":0},"geometry":{"type":"LineString","coordinates":[[-74.6015754297201,39.2637622838184],[-74.6019415243231,39.2640760462407]]}},{"type":"Feature","id":397868,"properties":{"OBJECTID":397868,"PRIMENAME":"43rd Street","ELEVTYP_F":0,"ELEVTYP_T":0},"geometry":{"type":"LineString","coordinates":[[-74.6208571634781,39.2395499810323],[-74.6212639945833,39.2397792107658]]}},{"type":"Feature","id":398804,"properties":{"OBJECTID":398804,"PRIMENAME":"22nd Street","ELEVTYP_F":0,"ELEVTYP_T":0},"geometry":{"type":"LineString","coordinates":[[-74.5936061014201,39.2639252760154],[-74.5940083511563,39.2642553986901]]}},{"type":"Feature","id":398808,"properties":{"OBJECTID":398808,"PRIMENAME":"State Highway 52","ELEVTYP_F":0,"ELEVTYP_T":0},"geometry":{"type":"LineString","coordinates":[[-74.5973424916416,39.3061452938775],[-74.5975426397576,39.3063776922892],[-74.5976862959682,39.3065714971849],[-74.5978235634333,39.3067640551284],[-74.5979804800653,39.3069817535035],[-74.5981348502926,39.3071837534542],[-74.5982588446917,39.3073406433669],[-74.5983727476323,39.3075053913954],[-74.5984815896034,39.3076642567459],[-74.5985671460403,39.307798204375],[-74.5987341029405,39.3080586784215],[-74.5988590513613,39.3082701798222]]}},{"type":"Feature","id":398999,"properties":{"OBJECTID":398999,"PRIMENAME":"Westminster Lane","ELEVTYP_F":0,"ELEVTYP_T":0},"geometry":{"type":"LineString","coordinates":[[-74.6230462336236,39.2494798343673],[-74.6229919661474,39.2494853002501],[-74.6228928049033,39.2495046799088],[-74.6228078696504,39.2495213266899],[-74.6227368992717,39.2495270028418],[-74.6226590981995,39.2495242021611],[-74.6225988749413,39.2495160004883],[-74.622535133584,39.2495160675685],[-74.6224678309064,39.2495188840778],[-74.6224555281672,39.249519664518],[-74.6223793102534,39.2495244964899],[-74.6221916077687,39.2495384491908],[-74.6220393240929,39.2495523924065],[-74.6219224651121,39.2495690440632],[-74.621823312908,39.2495938872151],[-74.6217065267697,39.2496326412565],[-74.62162805703,39.2496720416021]]}},{"type":"Feature","id":399104,"properties":{"OBJECTID":399104,"PRIMENAME":"Point Road","ELEVTYP_F":0,"ELEVTYP_T":0},"geometry":{"type":"LineString","coordinates":[[-74.6555933034475,39.2530115794073],[-74.6555238620097,39.253023204529],[-74.6554531103556,39.253028109397],[-74.6553821177612,39.2530262196156],[-74.655311965324,39.2530175670732],[-74.6552437065499,39.2530022818874],[-74.6551783800948,39.2529805914874],[-74.6551169773433,39.2529528305654],[-74.6550604214948,39.2529194149809]]}},{"type":"Feature","id":399151,"properties":{"OBJECTID":399151,"PRIMENAME":"41st Street","ELEVTYP_F":0,"ELEVTYP_T":0},"geometry":{"type":"LineString","coordinates":[[-74.6201788755729,39.2429576647681],[-74.6205469890078,39.2431670032963]]}},{"type":"Feature","id":399641,"properties":{"OBJECTID":399641,"PRIMENAME":"Garden State Parkway","ELEVTYP_F":1,"ELEVTYP_T":0},"geometry":{"type":"LineString","coordinates":[[-74.6245150783597,39.2879322650009],[-74.6244506725628,39.2881319863018],[-74.6243986823541,39.2882685693049],[-74.6240584418613,39.2891987942288],[-74.6237983824563,39.2898263581035],[-74.6233918410239,39.2908673494864],[-74.623124961919,39.2915549288319],[-74.6227618950684,39.2923451654788]]}},{"type":"Feature","id":399652,"properties":{"OBJECTID":399652,"PRIMENAME":"22nd Street","ELEVTYP_F":0,"ELEVTYP_T":0},"geometry":{"type":"LineString","coordinates":[[-74.5957330361877,39.2656827278871],[-74.5957722169851,39.265715287487],[-74.5958981753605,39.2658199334563],[-74.5961116587365,39.2660003150314]]}},{"type":"Feature","id":399952,"properties":{"OBJECTID":399952,"PRIMENAME":"28th Street","ELEVTYP_F":0,"ELEVTYP_T":0},"geometry":{"type":"LineString","coordinates":[[-74.6063233103049,39.2601887479969],[-74.6061200233777,39.2600535970849],[-74.6060384643525,39.2600018595292],[-74.6059939867677,39.2599702423284],[-74.6059717235771,39.2599386039975],[-74.6059657220426,39.2599175769977]]}},{"type":"Feature","id":399987,"properties":{"OBJECTID":399987,"PRIMENAME":"23rd Street","ELEVTYP_F":0,"ELEVTYP_T":0},"geometry":{"type":"LineString","coordinates":[[-74.5961388540467,39.2637749981996],[-74.5957919713612,39.2634913495982]]}},{"type":"Feature","id":400254,"properties":{"OBJECTID":400254,"PRIMENAME":"2nd Avenue","ELEVTYP_F":0,"ELEVTYP_T":0},"geometry":{"type":"LineString","coordinates":[[-74.6361796257112,39.2724524583844],[-74.6355412191393,39.2729778541053]]}},{"type":"Feature","id":400365,"properties":{"OBJECTID":400365,"PRIMENAME":"42nd Street","ELEVTYP_F":0,"ELEVTYP_T":0},"geometry":{"type":"LineString","coordinates":[[-74.6197048770734,39.2408010814287],[-74.6193267388771,39.2406056988354]]}},{"type":"Feature","id":400449,"properties":{"OBJECTID":400449,"PRIMENAME":"29th Street","ELEVTYP_F":0,"ELEVTYP_T":0},"geometry":{"type":"LineString","coordinates":[[-74.6039336876547,39.256636789454],[-74.6035463159192,39.2563869167242]]}},{"type":"Feature","id":400461,"properties":{"OBJECTID":400461,"PRIMENAME":"Wesley Road","ELEVTYP_F":0,"ELEVTYP_T":0},"geometry":{"type":"LineString","coordinates":[[-74.5550608958652,39.2941002910915],[-74.5551722796048,39.2941968873255],[-74.5557193559183,39.2946041991176]]}},{"type":"Feature","id":400520,"properties":{"OBJECTID":400520,"PRIMENAME":"25th Street","ELEVTYP_F":0,"ELEVTYP_T":0},"geometry":{"type":"LineString","coordinates":[[-74.6004359413572,39.2628405180217],[-74.6007162932329,39.2630733056833],[-74.6007374169149,39.2630999482139],[-74.600755895662,39.2631286243882]]}},{"type":"Feature","id":400635,"properties":{"OBJECTID":400635,"PRIMENAME":"21st Street","ELEVTYP_F":0,"ELEVTYP_T":0},"geometry":{"type":"LineString","coordinates":[[-74.5921616234382,39.2649766379498],[-74.5918589452026,39.2647259452943]]}},{"type":"Feature","id":400734,"properties":{"OBJECTID":400734,"PRIMENAME":"2nd Avenue","ELEVTYP_F":0,"ELEVTYP_T":0},"geometry":{"type":"LineString","coordinates":[[-74.6355412191393,39.2729778541053],[-74.6353218430725,39.2731583926963],[-74.6352063987292,39.2732508395013],[-74.6349131548643,39.273485661955]]}},{"type":"Feature","id":400803,"properties":{"OBJECTID":400803,"PRIMENAME":"New Road","ELEVTYP_F":0,"ELEVTYP_T":0},"geometry":{"type":"LineString","coordinates":[[-74.6186758583334,39.3080214524898],[-74.6186068898849,39.308112091857]]}},{"type":"Feature","id":400968,"properties":{"OBJECTID":400968,"PRIMENAME":"47th Street","ELEVTYP_F":0,"ELEVTYP_T":0},"geometry":{"type":"LineString","coordinates":[[-74.6254803151578,39.2345524212034],[-74.6258886147792,39.23478149558]]}},{"type":"Feature","id":400997,"properties":{"OBJECTID":400997,"PRIMENAME":"21st Street","ELEVTYP_F":0,"ELEVTYP_T":0},"geometry":{"type":"LineString","coordinates":[[-74.5965497359358,39.2686123652418],[-74.5961642746922,39.2682911883299]]}},{"type":"Feature","id":401252,"properties":{"OBJECTID":401252,"PRIMENAME":"Dirt Road","ELEVTYP_F":0,"ELEVTYP_T":0},"geometry":{"type":"LineString","coordinates":[[-74.6330327221229,39.2749981507884],[-74.6329517539493,39.2750634357806],[-74.6326787788934,39.2752823776278],[-74.6326527800777,39.2753032297575],[-74.6326268015606,39.2753336269722],[-74.6326052103595,39.2753673693433],[-74.6326009131501,39.2754112226665],[-74.6326074195153,39.2754301316261],[-74.6326183182399,39.2754618065416],[-74.6326661581318,39.2755224593667],[-74.6328573848153,39.275674024504],[-74.6334614986127,39.276135437493],[-74.6337439739547,39.2763408494824],[-74.6338004967456,39.2763778786058],[-74.6338612619737,39.2763980448379],[-74.6339176859645,39.2764013850688],[-74.6339654002429,39.2763945478947],[-74.6340304426596,39.2763607561731],[-74.6344263184298,39.2760422672521]]}},{"type":"Feature","id":401356,"properties":{"OBJECTID":401356,"PRIMENAME":"41st Street","ELEVTYP_F":0,"ELEVTYP_T":0},"geometry":{"type":"LineString","coordinates":[[-74.6193575277183,39.2425019501542],[-74.6197593810654,39.2427241060137]]}},{"type":"Feature","id":401386,"properties":{"OBJECTID":401386,"PRIMENAME":"21st Street","ELEVTYP_F":0,"ELEVTYP_T":0},"geometry":{"type":"LineString","coordinates":[[-74.5950125411593,39.2673280577058],[-74.594674378872,39.2670505766895]]}},{"type":"Feature","id":401469,"properties":{"OBJECTID":401469,"PRIMENAME":"North Shore Road","ELEVTYP_F":0,"ELEVTYP_T":0},"geometry":{"type":"LineString","coordinates":[[-74.6438208509468,39.2689092357853],[-74.6436542021805,39.2692239909515],[-74.6434742762034,39.2695584208867],[-74.6434131525336,39.2696729926072]]}},{"type":"Feature","id":401514,"properties":{"OBJECTID":401514,"PRIMENAME":"43rd Street","ELEVTYP_F":0,"ELEVTYP_T":0},"geometry":{"type":"LineString","coordinates":[[-74.6224885214195,39.2404630162789],[-74.6228954813372,39.2406790060753],[-74.622921688359,39.2406828772032],[-74.6229370102547,39.2406818178734],[-74.6229551177673,39.2406785314571],[-74.6229759705802,39.2406698326685]]}},{"type":"Feature","id":401550,"properties":{"OBJECTID":401550,"PRIMENAME":"46th Street","ELEVTYP_F":0,"ELEVTYP_T":0},"geometry":{"type":"LineString","coordinates":[[-74.6255267860588,39.236479077763],[-74.625136147949,39.2362594554282]]}},{"type":"Feature","id":408938,"properties":{"OBJECTID":408938,"PRIMENAME":"Harbor Road","ELEVTYP_F":0,"ELEVTYP_T":0},"geometry":{"type":"LineString","coordinates":[[-74.6248467270993,39.2880006893105],[-74.6247561872395,39.2879910944285],[-74.6246304976437,39.2879650619995]]}},{"type":"Feature","id":408954,"properties":{"OBJECTID":408954,"PRIMENAME":"State Highway 52","ELEVTYP_F":0,"ELEVTYP_T":0},"geometry":{"type":"LineString","coordinates":[[-74.5991056085152,39.3084177087614],[-74.5990524731548,39.3083229744729],[-74.5988634826704,39.3080028377454],[-74.5986965254241,39.3077423638823],[-74.598610968809,39.3076084163473],[-74.5985021266324,39.3074495511165],[-74.5983882234795,39.3072848032133],[-74.5982642288906,39.307127913437],[-74.5981098584147,39.3069259136563],[-74.5979529415073,39.3067082154538],[-74.5978078413232,39.3065132050094],[-74.5976620301033,39.306326608612],[-74.5974536333088,39.3060735444403]]}},{"type":"Feature","id":408955,"properties":{"OBJECTID":408955,"PRIMENAME":"State Highway 52","ELEVTYP_F":0,"ELEVTYP_T":0},"geometry":{"type":"LineString","coordinates":[[-74.5974536333088,39.3060735444403],[-74.5973546617776,39.3059669686118],[-74.5972789234723,39.3058812560459],[-74.5972004952759,39.3057930116745],[-74.5971170191966,39.305706734342],[-74.5970411396337,39.3056341880896],[-74.596965989004,39.3055587225297],[-74.5968862411934,39.3054791070746],[-74.5967932617176,39.3053930148745],[-74.5966946188811,39.305298900114],[-74.5965934536285,39.3052067502435],[-74.5965074632373,39.3051283242787],[-74.5963961946657,39.3050361817077],[-74.5962975809147,39.304961690901],[-74.5961632539455,39.3048533344341],[-74.5960651158532,39.304777823309],[-74.5959511581356,39.3046931241836],[-74.5958369201056,39.3046067307372],[-74.5957033674617,39.3045108215003],[-74.5955617764183,39.304408891333],[-74.5954151312694,39.3043050031519],[-74.5952760702209,39.3042050325415],[-74.5950839036204,39.3040599696541],[-74.5948968002376,39.3039227520481],[-74.5947552089032,39.3038188589067],[-74.594736359411,39.3038051394717],[-74.5945974540706,39.3037021791718],[-74.5944609866165,39.3035972696471],[-74.5943270023498,39.3034904457312],[-74.5941955457464,39.3033817428932],[-74.5940666604426,39.303271197226],[-74.5939403892201,39.303158845434],[-74.5938167739921,39.3030447248214],[-74.5936958557895,39.3029288732793],[-74.5935776747468,39.3028113292735],[-74.5934622700894,39.3026921318315],[-74.5933496801201,39.3025713205294],[-74.5932399422067,39.3024489354791],[-74.5931330927693,39.3023250173149],[-74.5930291672685,39.3021996071797],[-74.5929282001938,39.3020727467118],[-74.5928302250514,39.3019444780305],[-74.5925966960904,39.3016241779929],[-74.5924588370204,39.3014348931559],[-74.5923249131723,39.3012486606054],[-74.5922264358473,39.3011082199604],[-74.592139769587,39.3009789715617],[-74.5920408012528,39.3008224713461],[-74.5919677123648,39.3006939984929],[-74.5919033479424,39.3005820424218],[-74.5918298037699,39.3004650012256],[-74.5917260482865,39.3002950363626],[-74.5916424940458,39.3001528718858],[-74.5915484855537,39.3000043305626],[-74.591476007279,39.2999000402839],[-74.5913072907062,39.2996576776964],[-74.5912060710511,39.2995199362514],[-74.5911295911733,39.2994135779],[-74.5910441228966,39.2993019918669],[-74.590981136,39.2992113241356],[-74.5908889073119,39.299080553121],[-74.5908135115695,39.2989771213689],[-74.5907124295876,39.2988448275238],[-74.590569513122,39.2986481494719],[-74.5904853061997,39.2985324020496],[-74.5904104773939,39.2984316540264],[-74.5903133244908,39.298296302093],[-74.5902366250817,39.2981965643222],[-74.5901556533709,39.2980867199146],[-74.5900724429093,39.2979821100388],[-74.5899937184826,39.2978740077616],[-74.5899239871108,39.2977746211154],[-74.5898047728765,39.2976072346324],[-74.5897013156557,39.2974712375402],[-74.5896225901493,39.2973613910169],[-74.5895309103365,39.2972389474353],[-74.5894468934056,39.2971249682955],[-74.5893504479925,39.2969969854867],[-74.5892959333397,39.2969255076638],[-74.5891882914378,39.2967820166901],[-74.5890988380134,39.296659630504],[-74.5890237132421,39.2965563901157],[-74.5889235505752,39.2964213851929],[-74.5888220311294,39.2962803006848],[-74.5887446005585,39.2961802012241],[-74.58868813177,39.2960971184381],[-74.5886080630222,39.2959943364509],[-74.5885292981515,39.2958864619837],[-74.5884452806193,39.2957694265141],[-74.5883501101162,39.2956474458388],[-74.5882362968222,39.2955043504913],[-74.5881013693774,39.2953411620132],[-74.5880183256569,39.2952433841085],[-74.5879321117728,39.2951486839353],[-74.5878297843222,39.2950363470848],[-74.5877298214935,39.2949227321631],[-74.5876322497111,39.2948078692166],[-74.5875370947668,39.2946917886212],[-74.5873100280213,39.2944027761868],[-74.5871946040601,39.2942644526388],[-74.5870829707135,39.2941198735478],[-74.5869412213538,39.2939397497717],[-74.5868637813299,39.2938390004346],[-74.5867260935443,39.2936546304958],[-74.5866114161392,39.2935134060557],[-74.5864787383799,39.2933407922899],[-74.5863689502443,39.2931897261174],[-74.5861960523358,39.2929739214092],[-74.5860487097182,39.2927836817394],[-74.5859148367009,39.2926106790374],[-74.585770462301,39.2924224087078],[-74.5856654631632,39.2922860406027],[-74.5855434076817,39.2921313568475],[-74.5853588943687,39.29189362532],[-74.5851207958234,39.2915838490499],[-74.5849003012311,39.2912948269491],[-74.5846811294563,39.2910149683987],[-74.5844672052532,39.2907381602964],[-74.5841036641806,39.2902649369928],[-74.5839592994562,39.2900766652317],[-74.5837375068565,39.2897896785414],[-74.5835222790064,39.2895128695794],[-74.5833516780168,39.2892971228149],[-74.5832256838403,39.2891281838815],[-74.5830681994574,39.288922610186],[-74.582875290867,39.2886773488134],[-74.5826906224367,39.2884352512464],[-74.5825891254572,39.2883016874416],[-74.582503004568,39.2881848165688],[-74.5824277537286,39.2880697720061],[-74.5823187925949,39.2878957285557],[-74.5822229309066,39.2877176022368],[-74.5821577591148,39.2875826613471],[-74.5820976417099,39.2874463108667],[-74.5820426290564,39.2873086650927],[-74.5819927672387,39.2871698394072],[-74.5819480980229,39.2870299501808],[-74.5819086588218,39.2868891146748],[-74.5818744826633,39.2867474509431],[-74.5818455981631,39.2866050777331],[-74.581822029501,39.2864621143863],[-74.5818037964002,39.2863186807381],[-74.5817909141115,39.2861748970173],[-74.5817833934002,39.2860308837455],[-74.5817812405371,39.2858867616359],[-74.5817844572939,39.2857426514923],[-74.5817930409413,39.2855986741078],[-74.5818069842515,39.2854549501632],[-74.5818249399551,39.2852389197394],[-74.5818425877869,39.2849686051361],[-74.5818636098237,39.2847142488958],[-74.5818797124798,39.2845437031049],[-74.5818859328456,39.284371783298],[-74.5818813183818,39.2842653680206],[-74.581878936141,39.2841467387368],[-74.5818656111236,39.2840441118494],[-74.5818476009492,39.2839419178576],[-74.5818249283968,39.2838402858979],[-74.5817976221363,39.2837393443965],[-74.5817657166926,39.2836392209061],[-74.5817292524018,39.2835400419456],[-74.5816882753602,39.2834419328395],[-74.5816428373657,39.28334501756],[-74.5815929958526,39.2832494185705],[-74.5815388138186,39.2831552566703],[-74.5814803597455,39.2830626508425],[-74.5814177075122,39.2829717181035],[-74.5813509363016,39.2828825733549],[-74.5812801305002,39.282795329239],[-74.5812053795918,39.2827100959957],[-74.5811267780439,39.2826269813237],[-74.5810676322487,39.2825673367839],[-74.5809759701364,39.2824859059407],[-74.5808414382176,39.2823712194382],[-74.5807290927081,39.2822852121692],[-74.5806660184006,39.2822359070733]]}},{"type":"Feature","id":414930,"properties":{"OBJECTID":414930,"PRIMENAME":"Unnamed Segment","ELEVTYP_F":0,"ELEVTYP_T":0},"geometry":{"type":"LineString","coordinates":[[-74.6195482355122,39.3068488459024],[-74.619411579235,39.3068061036303],[-74.6193988622572,39.3068024616378],[-74.6193858903945,39.3067994100458],[-74.6193727090172,39.3067969595274],[-74.619359364228,39.3067951186536],[-74.6193459027016,39.3067938938629],[-74.6193323715205,39.3067932894391],[-74.6193188180112,39.3067933074963],[-74.6193052895781,39.3067939479712],[-74.6189595626221,39.3068183067407]]}},{"type":"Feature","id":414931,"properties":{"OBJECTID":414931,"PRIMENAME":"New Road","ELEVTYP_F":0,"ELEVTYP_T":0},"geometry":{"type":"LineString","coordinates":[[-74.6195482355122,39.3068488459024],[-74.6195394830012,39.3068649479958],[-74.6194463199357,39.3070102085676],[-74.6193314027133,39.3071651012832],[-74.6192195773289,39.3073103537696],[-74.6191045761452,39.3074580253867],[-74.618896411327,39.3077315993355],[-74.6186758583334,39.3080214524898]]}},{"type":"Feature","id":431879,"properties":{"OBJECTID":431879,"PRIMENAME":"Flinders Reef","ELEVTYP_F":0,"ELEVTYP_T":0},"geometry":{"type":"LineString","coordinates":[[-74.6395467181681,39.2267409870017],[-74.6397409606609,39.2265150881497]]}},{"type":"Feature","id":431880,"properties":{"OBJECTID":431880,"PRIMENAME":"Flinders Reef","ELEVTYP_F":0,"ELEVTYP_T":0},"geometry":{"type":"LineString","coordinates":[[-74.6397447453501,39.2268379031997],[-74.6395467181681,39.2267409870017]]}},{"type":"Feature","id":431931,"properties":{"OBJECTID":431931,"PRIMENAME":"Flinders Reef","ELEVTYP_F":0,"ELEVTYP_T":0},"geometry":{"type":"LineString","coordinates":[[-74.6399319001835,39.2266077912472],[-74.6397447453501,39.2268379031997]]}},{"type":"Feature","id":431932,"properties":{"OBJECTID":431932,"PRIMENAME":"Flinders Reef","ELEVTYP_F":0,"ELEVTYP_T":0},"geometry":{"type":"LineString","coordinates":[[-74.6397409606609,39.2265150881497],[-74.6399319001835,39.2266077912472]]}},{"type":"Feature","id":431933,"properties":{"OBJECTID":431933,"PRIMENAME":"Flinders Reef","ELEVTYP_F":0,"ELEVTYP_T":0},"geometry":{"type":"LineString","coordinates":[[-74.6394095434885,39.226900517062],[-74.6395467181681,39.2267409870017]]}},{"type":"Feature","id":431934,"properties":{"OBJECTID":431934,"PRIMENAME":"West 55th Street","ELEVTYP_F":0,"ELEVTYP_T":0},"geometry":{"type":"LineString","coordinates":[[-74.6395814014375,39.2269811625341],[-74.6394095434885,39.226900517062]]}},{"type":"Feature","id":466093,"properties":{"OBJECTID":466093,"PRIMENAME":"FR CO 559 TO NJ 52 SB","ELEVTYP_F":0,"ELEVTYP_T":0},"geometry":{"type":"LineString","coordinates":[[-74.6000554099349,39.3086848516832],[-74.5999046272291,39.3086300511311],[-74.5997461943867,39.3085877467717],[-74.5996126226564,39.3085659982993],[-74.5995016822038,39.3085485164224],[-74.5993791417534,39.3085229000519],[-74.5992647181904,39.3084931436813],[-74.5991609884363,39.3084529529294],[-74.5991056085152,39.3084177087614]]}},{"type":"Feature","id":466094,"properties":{"OBJECTID":466094,"PRIMENAME":"FR NJ 52 NB TO CO 585","ELEVTYP_F":0,"ELEVTYP_T":0},"geometry":{"type":"LineString","coordinates":[[-74.5988590513613,39.3082701798222],[-74.598868161142,39.3085259069579],[-74.5988638257595,39.3085820694006],[-74.598853393582,39.3086193739027],[-74.5988286365792,39.308672553059],[-74.5987678379787,39.3087741772244],[-74.5987115855236,39.3088665100743]]}},{"type":"Feature","id":466095,"properties":{"OBJECTID":466095,"PRIMENAME":"County Route 559","ELEVTYP_F":0,"ELEVTYP_T":0},"geometry":{"type":"LineString","coordinates":[[-74.6000554099349,39.3086848516832],[-74.6001609591252,39.3087041762388],[-74.6004006091946,39.3087597385123],[-74.6006223753597,39.3088004027187]]}},{"type":"Feature","id":466096,"properties":{"OBJECTID":466096,"PRIMENAME":"State Highway 52","ELEVTYP_F":0,"ELEVTYP_T":0},"geometry":{"type":"LineString","coordinates":[[-74.5991965527528,39.3087279385908],[-74.5991317583425,39.308464332627],[-74.5991056085152,39.3084177087614]]}},{"type":"Feature","id":466097,"properties":{"OBJECTID":466097,"PRIMENAME":"County Route 585","ELEVTYP_F":0,"ELEVTYP_T":0},"geometry":{"type":"LineString","coordinates":[[-74.5987115855236,39.3088665100743],[-74.5986532686375,39.3089008419145],[-74.5985146783387,39.3089826444939],[-74.5984141176202,39.3090626752867],[-74.5983654939609,39.3091083274663]]}},{"type":"Feature","id":466098,"properties":{"OBJECTID":466098,"PRIMENAME":"State Highway 52","ELEVTYP_F":0,"ELEVTYP_T":0},"geometry":{"type":"LineString","coordinates":[[-74.5988590513613,39.3082701798222],[-74.5989193941641,39.3083723227046],[-74.5990087838955,39.3085329156174],[-74.5991082822737,39.3086362583094],[-74.5991965527528,39.3087279385908]]}},{"type":"Feature","id":467235,"properties":{"OBJECTID":467235,"PRIMENAME":"Glory Road","ELEVTYP_F":0,"ELEVTYP_T":0},"geometry":{"type":"LineString","coordinates":[[-74.6512778558313,39.2710711529005],[-74.6502262970755,39.2704148062672],[-74.648670755987,39.2694218110714],[-74.6479668765561,39.2689909709382],[-74.6478398537206,39.2688996581719],[-74.6478225713391,39.2688843291822],[-74.6478084713589,39.2688706860951],[-74.647799190435,39.2688599735738],[-74.6477936285881,39.2688515525302],[-74.6477831753353,39.2688333385385],[-74.6477017774342,39.2686553085085]]}},{"type":"Feature","id":467236,"properties":{"OBJECTID":467236,"PRIMENAME":"Saint Martins Place","ELEVTYP_F":0,"ELEVTYP_T":0},"geometry":{"type":"LineString","coordinates":[[-74.6449578481372,39.2668233890197],[-74.6467149768156,39.2679199688957],[-74.6475708421086,39.2684275770186]]}},{"type":"Feature","id":467237,"properties":{"OBJECTID":467237,"PRIMENAME":"Saint Martins Place","ELEVTYP_F":0,"ELEVTYP_T":0},"geometry":{"type":"LineString","coordinates":[[-74.6475708421086,39.2684275770186],[-74.6476127855816,39.2684512389339],[-74.6476255122831,39.2684599715971],[-74.6476346322361,39.268469119607],[-74.6476405513625,39.2684810408052],[-74.6477017774342,39.2686553085085]]}}]}
